session_id,user_id,entry_point,time_of_day,day_of_week,is_weekend,network_type,scroll_velocity,first_tap_depth,session_gap_hours,previous_session_converted,regional_event_active,intent_label,converted,session_value_score
sess_00001,usr_0457,organic,19,4,False,cellular,205.7,3,2.9,True,False,act,True,0.8817
sess_00002,usr_0103,widget,17,4,False,cellular,97.5,2,1.5,False,True,act,False,0.4851
sess_00003,usr_1127,push_notification,8,6,True,cellular,164.8,3,1.1,True,False,act,False,0.4721
sess_00004,usr_1004,organic,8,3,False,wifi,155.3,2,15.8,False,True,act,True,0.8189
sess_00005,usr_0915,push_notification,7,6,True,wifi,65.3,3,1.3,True,True,act,True,0.6832
sess_00006,usr_0572,widget,6,6,True,wifi,184.3,1,3.2,False,False,browse,False,0.3462
sess_00007,usr_0420,organic,13,1,False,wifi,257.5,1,2.3,False,False,browse,False,0.291
sess_00008,usr_2234,organic,20,1,False,cellular,372.7,1,22.2,False,False,browse,False,0.543
sess_00009,usr_0357,push_notification,19,0,False,wifi,99.7,2,4.3,False,False,act,True,0.7909
sess_00010,usr_2419,push_notification,9,6,True,wifi,118.9,1,1.2,True,True,act,True,0.8482
sess_00011,usr_1729,organic,9,3,False,cellular,224.9,1,9.4,True,False,browse,False,0.3179
sess_00012,usr_0131,organic,11,3,False,cellular,250.8,1,12.3,True,False,browse,False,0.4538
sess_00013,usr_0123,widget,9,3,False,cellular,289.5,1,1.6,False,False,browse,False,0.3618
sess_00014,usr_0384,organic,20,0,False,cellular,222.9,2,17.3,True,False,browse,False,0.5144
sess_00015,usr_0896,organic,20,0,False,cellular,129.1,5,20.1,False,False,browse,False,0.5535
sess_00016,usr_0953,organic,20,3,False,cellular,358.2,4,3.8,True,False,browse,False,0.2557
sess_00017,usr_2070,organic,22,0,False,cellular,242.0,1,9.4,True,False,browse,False,0.5272
sess_00018,usr_2466,organic,9,1,False,wifi,324.9,3,18.7,False,False,browse,False,0.3871
sess_00019,usr_0109,organic,17,5,True,cellular,127.0,1,16.1,True,False,act,True,0.808
sess_00020,usr_2299,push_notification,20,5,True,wifi,137.0,3,1.1,False,False,act,True,0.8253
sess_00021,usr_0815,push_notification,18,2,False,cellular,154.1,3,5.5,False,True,act,True,0.7829
sess_00022,usr_2233,push_notification,18,4,False,wifi,186.1,3,19.2,False,False,act,True,0.7376
sess_00023,usr_1719,widget,14,1,False,cellular,144.0,4,28.2,True,False,act,False,0.2525
sess_00024,usr_0903,organic,18,6,True,wifi,141.3,3,49.7,False,False,act,True,0.8706
sess_00025,usr_1840,push_notification,12,4,False,wifi,95.1,3,17.1,True,False,act,True,0.7899
sess_00026,usr_2414,widget,19,0,False,cellular,175.6,2,0.9,False,False,act,True,0.869
sess_00027,usr_1140,organic,9,5,True,cellular,354.5,1,12.4,False,False,browse,False,0.2465
sess_00028,usr_0027,widget,17,4,False,wifi,215.6,1,15.5,False,False,browse,False,0.6066
sess_00029,usr_0654,organic,18,6,True,wifi,97.5,1,20.0,False,True,act,False,0.5113
sess_00030,usr_1732,widget,12,3,False,wifi,265.0,1,17.3,False,False,browse,False,0.4663
sess_00031,usr_1394,push_notification,16,3,False,wifi,150.8,4,56.0,False,False,act,True,0.6366
sess_00032,usr_1139,push_notification,15,2,False,cellular,131.4,2,10.0,False,True,act,False,0.3344
sess_00033,usr_0637,widget,5,5,True,cellular,215.3,2,168.0,True,False,browse,True,0.7058
sess_00034,usr_0882,organic,19,3,False,wifi,247.7,3,5.6,True,False,browse,True,0.8593
sess_00035,usr_1379,organic,14,6,True,cellular,192.2,1,17.4,False,False,browse,False,0.2473
sess_00036,usr_0419,widget,23,4,False,cellular,144.0,2,82.7,False,False,act,True,0.6151
sess_00037,usr_0380,push_notification,2,1,False,wifi,289.3,3,78.4,False,False,browse,False,0.2284
sess_00038,usr_1557,organic,9,5,True,cellular,284.0,2,15.5,False,False,browse,False,0.5369
sess_00039,usr_0397,organic,19,1,False,cellular,343.7,1,12.0,True,False,browse,False,0.4449
sess_00040,usr_1471,push_notification,7,3,False,wifi,77.6,2,6.6,False,False,act,True,0.7626
sess_00041,usr_1409,push_notification,14,1,False,wifi,73.6,2,2.8,True,False,act,True,0.7898
sess_00042,usr_2473,organic,15,5,True,cellular,217.6,1,30.6,False,False,browse,False,0.5713
sess_00043,usr_1084,widget,13,0,False,wifi,143.0,2,4.8,False,False,act,True,0.8053
sess_00044,usr_0178,organic,19,6,True,wifi,406.6,2,7.2,True,False,browse,False,0.5768
sess_00045,usr_1882,push_notification,9,3,False,wifi,125.8,3,31.7,True,False,act,True,0.6223
sess_00046,usr_2197,push_notification,18,3,False,cellular,121.9,2,1.7,True,False,act,True,0.7881
sess_00047,usr_0512,push_notification,23,4,False,wifi,300.9,2,6.1,True,True,browse,False,0.2909
sess_00048,usr_1551,organic,23,1,False,cellular,183.2,2,21.9,False,True,act,True,0.871
sess_00049,usr_0323,organic,13,6,True,cellular,303.6,1,23.6,False,False,browse,False,0.4792
sess_00050,usr_2262,organic,11,2,False,wifi,248.0,2,4.3,False,False,browse,True,0.5673
sess_00051,usr_1201,push_notification,19,2,False,wifi,130.4,2,7.5,False,False,act,True,0.6111
sess_00052,usr_1482,push_notification,16,1,False,wifi,70.2,2,4.8,True,False,act,False,0.4853
sess_00053,usr_2365,organic,20,3,False,wifi,333.8,3,51.7,False,True,browse,False,0.4436
sess_00054,usr_0788,push_notification,11,5,True,cellular,321.9,1,168.0,False,True,browse,False,0.3008
sess_00055,usr_0285,push_notification,19,0,False,wifi,123.3,1,7.2,False,False,act,True,0.8359
sess_00056,usr_0188,push_notification,22,0,False,wifi,75.7,1,8.8,True,False,act,True,0.817
sess_00057,usr_0934,push_notification,14,2,False,wifi,13.6,2,64.5,False,False,act,False,0.5634
sess_00058,usr_1186,organic,2,3,False,wifi,106.1,1,52.8,True,False,browse,False,0.361
sess_00059,usr_0327,widget,17,5,True,cellular,372.7,1,7.9,False,False,browse,True,0.7371
sess_00060,usr_0954,organic,20,6,True,wifi,165.6,2,2.0,False,False,act,False,0.5324
sess_00061,usr_0414,widget,7,5,True,cellular,277.5,1,39.1,False,False,browse,False,0.2521
sess_00062,usr_1557,widget,8,6,True,wifi,141.6,2,38.1,False,False,act,True,0.815
sess_00063,usr_1139,push_notification,19,1,False,wifi,160.6,2,89.9,True,False,act,True,0.799
sess_00064,usr_1858,organic,12,2,False,wifi,209.3,4,60.9,True,False,browse,False,0.4383
sess_00065,usr_1495,organic,14,4,False,wifi,196.1,2,19.1,False,False,browse,False,0.4712
sess_00066,usr_0667,push_notification,0,3,False,cellular,110.1,2,5.1,False,True,act,True,0.6833
sess_00067,usr_1517,organic,20,0,False,cellular,149.4,3,16.8,False,True,act,False,0.5246
sess_00068,usr_1456,push_notification,8,1,False,cellular,105.6,3,62.1,False,True,act,True,0.8086
sess_00069,usr_0859,widget,13,6,True,wifi,244.8,3,9.7,False,False,browse,False,0.2399
sess_00070,usr_1094,push_notification,15,2,False,cellular,97.8,2,11.8,False,False,act,True,0.8081
sess_00071,usr_0293,push_notification,18,4,False,cellular,298.7,2,11.7,False,False,browse,True,0.6304
sess_00072,usr_2496,organic,8,3,False,cellular,93.6,1,10.2,False,False,act,True,0.601
sess_00073,usr_0701,widget,9,0,False,cellular,186.1,1,7.8,False,False,browse,False,0.3219
sess_00074,usr_2188,push_notification,10,3,False,cellular,277.5,2,5.9,False,True,browse,False,0.2407
sess_00075,usr_1003,push_notification,22,4,False,wifi,282.9,2,36.2,False,False,browse,False,0.5338
sess_00076,usr_0670,push_notification,9,4,False,wifi,402.5,1,40.9,False,False,browse,False,0.2523
sess_00077,usr_1894,push_notification,20,4,False,cellular,95.4,2,4.8,True,False,act,True,0.8285
sess_00078,usr_1555,push_notification,20,3,False,wifi,127.5,2,25.3,True,False,act,True,0.7747
sess_00079,usr_1106,organic,20,6,True,wifi,237.9,2,18.9,True,True,browse,False,0.2854
sess_00080,usr_2282,organic,8,6,True,wifi,350.2,3,6.4,False,False,browse,False,0.2723
sess_00081,usr_0900,widget,19,4,False,cellular,129.7,3,11.5,False,False,act,True,0.6616
sess_00082,usr_1329,push_notification,19,6,True,cellular,81.5,4,85.8,True,False,browse,True,0.5656
sess_00083,usr_0230,organic,16,0,False,wifi,200.4,1,20.8,True,False,browse,False,0.3233
sess_00084,usr_0939,organic,19,3,False,cellular,276.2,2,3.8,True,False,browse,False,0.4779
sess_00085,usr_0132,organic,12,0,False,wifi,366.0,3,6.9,True,False,browse,True,0.8666
sess_00086,usr_1293,widget,17,6,True,wifi,308.6,3,107.2,False,False,browse,True,0.6612
sess_00087,usr_1644,organic,15,1,False,cellular,243.2,1,92.1,False,False,browse,False,0.5691
sess_00088,usr_1097,push_notification,2,2,False,wifi,289.6,1,12.8,True,False,browse,False,0.3724
sess_00089,usr_0272,organic,12,3,False,wifi,307.8,2,168.0,False,False,browse,False,0.3576
sess_00090,usr_0865,push_notification,12,1,False,wifi,151.1,2,63.6,True,False,act,False,0.5101
sess_00091,usr_2324,push_notification,13,6,True,cellular,50.4,3,48.4,True,False,act,True,0.6233
sess_00092,usr_1289,organic,6,5,True,wifi,123.8,4,6.0,False,True,browse,False,0.2835
sess_00093,usr_0871,organic,19,3,False,wifi,113.6,1,45.3,False,False,act,True,0.7774
sess_00094,usr_2045,push_notification,7,2,False,wifi,307.7,1,36.6,False,False,browse,True,0.8033
sess_00095,usr_1621,organic,6,4,False,cellular,266.9,2,44.2,True,False,browse,False,0.3537
sess_00096,usr_1880,push_notification,18,0,False,cellular,125.6,2,25.6,False,False,act,True,0.6275
sess_00097,usr_0586,organic,10,2,False,wifi,357.1,2,9.1,True,False,browse,False,0.3178
sess_00098,usr_1085,push_notification,12,6,True,wifi,162.9,1,1.1,False,False,act,True,0.5916
sess_00099,usr_0572,organic,22,1,False,wifi,278.4,1,7.1,True,False,browse,False,0.3668
sess_00100,usr_1011,widget,8,6,True,wifi,135.2,2,14.2,False,False,act,True,0.6364
sess_00101,usr_2300,organic,6,5,True,wifi,355.3,1,3.7,False,True,browse,False,0.3036
sess_00102,usr_2208,push_notification,14,6,True,cellular,166.1,2,7.0,False,True,act,True,0.867
sess_00103,usr_1077,organic,19,0,False,cellular,223.9,1,29.9,True,False,browse,False,0.5111
sess_00104,usr_2395,organic,9,0,False,cellular,205.0,2,6.3,True,False,browse,True,0.549
sess_00105,usr_1755,organic,13,0,False,wifi,185.1,2,24.1,True,True,act,True,0.7756
sess_00106,usr_2391,organic,19,2,False,wifi,345.9,1,2.4,False,False,browse,True,0.5845
sess_00107,usr_1636,organic,16,1,False,wifi,330.4,1,3.7,False,True,browse,False,0.5796
sess_00108,usr_1483,organic,23,3,False,wifi,187.6,2,30.8,True,False,browse,False,0.4342
sess_00109,usr_0899,push_notification,12,1,False,wifi,148.3,2,13.5,True,False,act,False,0.359
sess_00110,usr_0567,push_notification,7,1,False,cellular,366.7,3,71.6,False,False,browse,False,0.4251
sess_00111,usr_2088,widget,21,1,False,wifi,345.4,1,11.8,False,False,browse,True,0.7596
sess_00112,usr_2022,push_notification,16,3,False,cellular,41.0,3,13.2,False,True,act,True,0.5432
sess_00113,usr_0373,organic,23,4,False,wifi,155.3,2,2.0,False,False,act,True,0.8524
sess_00114,usr_0193,push_notification,9,4,False,wifi,211.5,2,22.2,False,True,act,True,0.6359
sess_00115,usr_0450,organic,13,2,False,wifi,249.3,1,63.0,False,False,browse,False,0.5014
sess_00116,usr_0627,push_notification,10,2,False,wifi,113.7,3,51.2,True,False,act,True,0.7967
sess_00117,usr_0656,organic,22,0,False,cellular,293.3,1,21.3,False,True,browse,False,0.5487
sess_00118,usr_1730,organic,20,6,True,wifi,122.5,1,2.9,False,False,act,True,0.7344
sess_00119,usr_2443,widget,12,5,True,cellular,137.7,1,3.3,False,False,browse,False,0.5805
sess_00120,usr_0261,widget,1,3,False,cellular,142.2,3,60.0,False,False,act,True,0.8857
sess_00121,usr_1577,organic,18,2,False,cellular,296.1,1,4.5,False,False,browse,False,0.5308
sess_00122,usr_1564,widget,11,6,True,cellular,214.9,2,33.3,False,False,browse,True,0.6542
sess_00123,usr_2441,push_notification,7,6,True,wifi,118.4,3,2.9,True,False,act,True,0.7457
sess_00124,usr_1918,widget,8,1,False,wifi,212.0,2,9.5,False,False,browse,True,0.6153
sess_00125,usr_2168,push_notification,3,0,False,cellular,164.9,1,30.8,False,False,act,True,0.8596
sess_00126,usr_1030,push_notification,0,6,True,cellular,97.1,1,49.4,True,False,act,True,0.8322
sess_00127,usr_2267,organic,10,3,False,cellular,166.3,1,45.1,True,False,browse,False,0.5023
sess_00128,usr_0048,organic,12,0,False,wifi,330.5,2,74.9,False,False,browse,False,0.257
sess_00129,usr_0470,organic,16,0,False,wifi,283.9,2,18.7,True,False,browse,False,0.3084
sess_00130,usr_2200,push_notification,14,3,False,wifi,175.6,2,9.7,False,True,act,True,0.8688
sess_00131,usr_1093,organic,19,0,False,wifi,263.7,1,10.8,True,False,browse,False,0.5261
sess_00132,usr_1394,organic,5,1,False,wifi,342.7,2,1.2,True,False,browse,False,0.4959
sess_00133,usr_0457,widget,17,4,False,cellular,325.4,1,3.2,False,False,browse,True,0.7462
sess_00134,usr_1203,widget,15,4,False,wifi,168.3,1,6.8,False,False,browse,False,0.2727
sess_00135,usr_1781,push_notification,20,2,False,wifi,202.3,1,25.6,True,False,act,False,0.4649
sess_00136,usr_0648,push_notification,15,4,False,cellular,316.8,2,3.8,True,False,browse,False,0.4488
sess_00137,usr_1859,organic,12,6,True,cellular,371.9,1,7.3,False,False,browse,False,0.3301
sess_00138,usr_0014,organic,15,1,False,cellular,133.6,1,137.5,True,False,browse,False,0.4844
sess_00139,usr_1079,organic,11,5,True,cellular,296.3,1,5.0,False,False,browse,False,0.5409
sess_00140,usr_2051,widget,8,2,False,wifi,302.2,5,5.9,True,False,browse,False,0.519
sess_00141,usr_0732,organic,21,3,False,cellular,95.7,3,1.0,False,False,act,False,0.4513
sess_00142,usr_2080,push_notification,19,0,False,wifi,55.1,1,125.5,False,False,act,True,0.758
sess_00143,usr_0436,organic,18,0,False,wifi,342.2,1,6.6,False,False,browse,True,0.5987
sess_00144,usr_1223,widget,19,4,False,cellular,149.9,2,17.1,False,True,act,True,0.7761
sess_00145,usr_2080,widget,1,5,True,wifi,313.7,3,9.3,False,False,browse,True,0.8837
sess_00146,usr_2495,widget,20,5,True,wifi,108.7,2,7.7,True,False,act,False,0.247
sess_00147,usr_0815,organic,20,1,False,wifi,416.8,2,38.1,False,False,browse,True,0.6596
sess_00148,usr_0627,organic,20,2,False,wifi,116.6,5,96.2,False,True,act,True,0.6099
sess_00149,usr_1532,organic,12,3,False,wifi,191.0,1,152.4,False,False,browse,True,0.5952
sess_00150,usr_0662,widget,19,0,False,cellular,58.0,4,5.8,False,True,act,True,0.8124
sess_00151,usr_2210,organic,13,3,False,wifi,61.7,1,13.4,True,True,act,True,0.8621
sess_00152,usr_2173,push_notification,13,4,False,cellular,97.0,3,33.8,False,False,act,True,0.8484
sess_00153,usr_0003,organic,20,4,False,cellular,402.5,1,30.8,True,False,browse,False,0.4367
sess_00154,usr_2454,organic,7,5,True,cellular,366.8,1,24.7,True,False,browse,False,0.333
sess_00155,usr_1328,organic,17,5,True,cellular,298.7,3,28.5,False,False,browse,True,0.7854
sess_00156,usr_2002,organic,14,4,False,wifi,264.3,1,31.8,False,False,browse,False,0.5445
sess_00157,usr_0080,organic,17,3,False,cellular,319.1,2,23.0,False,False,browse,False,0.3386
sess_00158,usr_0459,organic,13,3,False,wifi,314.4,2,10.1,False,False,browse,False,0.2899
sess_00159,usr_1487,widget,16,6,True,wifi,313.9,1,4.6,False,True,browse,True,0.7448
sess_00160,usr_1260,push_notification,14,5,True,cellular,118.0,5,12.9,False,False,act,True,0.7791
sess_00161,usr_0981,push_notification,19,4,False,cellular,72.8,2,15.2,False,False,act,True,0.748
sess_00162,usr_0238,push_notification,16,2,False,cellular,72.7,3,17.3,False,False,act,True,0.5821
sess_00163,usr_0987,organic,7,4,False,cellular,159.8,1,168.0,True,False,browse,False,0.4889
sess_00164,usr_2324,organic,20,3,False,wifi,282.3,1,4.1,False,False,browse,False,0.3114
sess_00165,usr_0323,organic,20,2,False,cellular,253.0,1,51.0,False,False,browse,False,0.3305
sess_00166,usr_0351,push_notification,13,4,False,cellular,151.6,3,35.3,False,True,act,True,0.645
sess_00167,usr_1991,organic,23,1,False,cellular,321.0,2,38.2,True,True,browse,True,0.6619
sess_00168,usr_0284,organic,17,6,True,cellular,278.1,1,4.6,False,False,browse,False,0.3295
sess_00169,usr_2182,organic,6,6,True,wifi,330.3,1,6.9,False,True,browse,False,0.4816
sess_00170,usr_0516,push_notification,16,6,True,wifi,180.9,1,26.1,False,False,browse,False,0.3063
sess_00171,usr_0526,organic,18,5,True,wifi,262.6,3,1.9,True,False,browse,False,0.2709
sess_00172,usr_1947,widget,10,0,False,cellular,120.6,1,5.7,True,False,act,True,0.8342
sess_00173,usr_2252,organic,20,3,False,wifi,292.1,2,34.1,False,False,browse,True,0.5602
sess_00174,usr_0677,widget,7,4,False,cellular,378.9,1,38.8,False,False,browse,True,0.8554
sess_00175,usr_1086,organic,15,0,False,cellular,117.5,2,3.7,False,False,act,True,0.8275
sess_00176,usr_2162,widget,17,3,False,cellular,408.2,1,39.1,True,True,browse,False,0.5145
sess_00177,usr_2485,widget,12,0,False,wifi,143.6,4,22.6,False,True,act,False,0.581
sess_00178,usr_1734,organic,21,3,False,wifi,259.0,2,11.9,False,False,browse,False,0.5506
sess_00179,usr_0868,push_notification,19,1,False,cellular,68.5,3,8.9,True,False,act,True,0.8412
sess_00180,usr_2209,widget,16,0,False,cellular,343.1,4,1.9,True,False,browse,False,0.2716
sess_00181,usr_0824,organic,9,3,False,cellular,284.1,1,23.2,True,False,browse,False,0.55
sess_00182,usr_1277,widget,12,3,False,cellular,321.4,1,46.9,False,False,browse,False,0.5673
sess_00183,usr_1635,push_notification,13,5,True,wifi,294.8,3,1.8,False,False,browse,False,0.5102
sess_00184,usr_1530,push_notification,8,2,False,wifi,312.2,1,4.5,False,False,browse,False,0.3023
sess_00185,usr_1795,organic,14,1,False,wifi,292.6,3,5.2,False,False,browse,False,0.3669
sess_00186,usr_2120,organic,14,3,False,wifi,176.5,1,28.9,False,False,browse,True,0.5396
sess_00187,usr_1850,push_notification,9,3,False,cellular,67.1,4,13.1,False,False,act,True,0.6405
sess_00188,usr_0496,widget,15,6,True,wifi,151.7,1,2.4,False,False,browse,False,0.4852
sess_00189,usr_1016,organic,8,4,False,wifi,146.3,2,21.9,True,False,act,True,0.8514
sess_00190,usr_0921,push_notification,7,6,True,cellular,156.9,3,9.7,False,False,act,True,0.8282
sess_00191,usr_0263,push_notification,21,4,False,wifi,116.4,2,4.1,False,True,act,False,0.5189
sess_00192,usr_1385,push_notification,13,4,False,cellular,17.7,2,27.9,True,False,act,True,0.5785
sess_00193,usr_0087,push_notification,19,4,False,cellular,175.9,1,24.8,False,False,act,True,0.8724
sess_00194,usr_2410,organic,7,2,False,wifi,239.6,2,73.5,True,False,browse,False,0.3293
sess_00195,usr_2269,push_notification,19,6,True,wifi,126.3,2,0.8,False,False,act,False,0.3617
sess_00196,usr_0943,push_notification,8,4,False,cellular,75.4,2,26.3,True,True,act,True,0.796
sess_00197,usr_2411,organic,1,2,False,cellular,251.4,1,2.0,False,False,browse,False,0.5652
sess_00198,usr_0903,widget,13,2,False,wifi,298.4,1,15.3,False,False,browse,True,0.6224
sess_00199,usr_0030,widget,9,3,False,cellular,245.2,2,2.8,False,False,browse,False,0.4594
sess_00200,usr_0291,organic,8,6,True,wifi,320.1,2,14.8,False,False,browse,True,0.7654
sess_00201,usr_0242,widget,15,0,False,wifi,204.9,1,14.0,False,False,browse,False,0.2673
sess_00202,usr_0938,organic,16,5,True,cellular,311.7,1,13.5,True,True,browse,False,0.5367
sess_00203,usr_0277,push_notification,9,1,False,cellular,97.7,2,126.3,False,False,act,True,0.8229
sess_00204,usr_0129,widget,19,3,False,wifi,166.8,2,42.8,False,True,act,False,0.5351
sess_00205,usr_1354,organic,7,1,False,cellular,373.7,3,4.5,False,True,browse,False,0.5423
sess_00206,usr_0291,organic,18,4,False,cellular,325.4,1,18.7,True,False,browse,True,0.6237
sess_00207,usr_2106,organic,22,1,False,wifi,351.4,1,8.8,False,False,browse,False,0.3518
sess_00208,usr_0975,organic,19,6,True,wifi,169.5,2,4.7,False,False,browse,False,0.5289
sess_00209,usr_1141,organic,5,1,False,cellular,280.0,1,73.6,False,False,browse,True,0.5577
sess_00210,usr_1989,push_notification,21,4,False,wifi,78.4,2,23.4,False,False,act,True,0.7912
sess_00211,usr_0878,organic,20,0,False,wifi,325.6,1,6.7,False,False,browse,False,0.5205
sess_00212,usr_2209,widget,15,4,False,wifi,318.6,1,36.8,False,False,browse,False,0.487
sess_00213,usr_0542,push_notification,0,1,False,wifi,126.4,3,70.4,True,False,act,False,0.4854
sess_00214,usr_2339,push_notification,11,6,True,wifi,96.3,3,10.2,True,False,act,True,0.6147
sess_00215,usr_2361,organic,15,2,False,wifi,390.8,4,168.0,True,False,browse,False,0.5686
sess_00216,usr_1937,organic,19,6,True,cellular,276.0,2,8.5,False,True,browse,False,0.2412
sess_00217,usr_0996,organic,20,0,False,cellular,265.1,3,1.0,False,False,browse,False,0.2501
sess_00218,usr_1938,widget,5,5,True,wifi,273.0,1,2.4,False,False,browse,False,0.3472
sess_00219,usr_1668,push_notification,6,5,True,wifi,265.2,2,5.8,False,False,browse,True,0.7891
sess_00220,usr_0780,push_notification,19,6,True,cellular,96.8,3,13.8,False,False,act,False,0.2383
sess_00221,usr_0387,organic,12,5,True,cellular,297.4,2,18.7,False,False,browse,False,0.2667
sess_00222,usr_0398,push_notification,11,4,False,wifi,63.8,3,7.8,False,False,act,True,0.6714
sess_00223,usr_1766,push_notification,10,5,True,cellular,149.4,3,4.6,False,False,act,False,0.2897
sess_00224,usr_1452,organic,19,1,False,cellular,177.4,4,3.9,False,True,act,True,0.59
sess_00225,usr_1735,push_notification,20,6,True,cellular,305.3,5,18.2,True,False,browse,False,0.3643
sess_00226,usr_1684,widget,4,4,False,wifi,117.3,1,15.0,False,False,act,True,0.5233
sess_00227,usr_1913,organic,7,2,False,wifi,157.8,2,1.5,False,True,browse,True,0.625
sess_00228,usr_0222,organic,17,6,True,wifi,350.8,2,25.8,False,True,browse,False,0.3364
sess_00229,usr_0404,organic,17,1,False,cellular,134.2,3,83.9,False,False,act,True,0.6387
sess_00230,usr_0249,push_notification,14,5,True,wifi,301.4,3,24.7,False,False,browse,False,0.4787
sess_00231,usr_1650,organic,5,1,False,cellular,219.3,3,15.4,False,False,browse,False,0.4926
sess_00232,usr_1390,widget,3,1,False,cellular,184.3,2,34.5,False,False,act,True,0.6211
sess_00233,usr_0448,push_notification,19,6,True,wifi,223.6,1,5.5,False,False,browse,False,0.5785
sess_00234,usr_1019,push_notification,11,4,False,cellular,105.9,2,6.8,True,False,act,False,0.265
sess_00235,usr_0785,push_notification,14,6,True,wifi,180.0,2,33.8,True,False,act,True,0.8109
sess_00236,usr_0780,widget,18,4,False,wifi,94.2,3,2.9,False,False,browse,False,0.3418
sess_00237,usr_2197,widget,8,1,False,wifi,104.3,3,152.5,False,False,act,True,0.8371
sess_00238,usr_1838,widget,19,5,True,cellular,410.1,1,119.7,False,False,browse,False,0.4726
sess_00239,usr_0575,push_notification,8,1,False,wifi,346.3,1,15.7,False,False,browse,False,0.3443
sess_00240,usr_1729,organic,23,6,True,wifi,92.9,4,5.4,False,False,act,False,0.5553
sess_00241,usr_0752,organic,6,1,False,wifi,143.0,3,14.4,False,False,act,True,0.8547
sess_00242,usr_1141,organic,12,5,True,cellular,310.6,2,7.7,True,False,browse,False,0.5113
sess_00243,usr_1895,push_notification,13,5,True,wifi,335.5,1,4.8,True,False,browse,False,0.5423
sess_00244,usr_1024,push_notification,18,0,False,wifi,75.3,1,30.1,False,False,act,False,0.545
sess_00245,usr_0309,push_notification,22,6,True,wifi,104.0,3,14.1,False,False,act,True,0.6088
sess_00246,usr_1816,push_notification,18,0,False,wifi,178.9,2,34.9,False,False,act,True,0.628
sess_00247,usr_2255,push_notification,21,3,False,wifi,94.4,4,6.7,False,False,act,True,0.5254
sess_00248,usr_0402,organic,8,4,False,wifi,398.3,1,9.6,False,False,browse,False,0.4693
sess_00249,usr_0208,organic,21,4,False,cellular,259.3,1,52.9,True,False,browse,False,0.5162
sess_00250,usr_2215,push_notification,21,3,False,wifi,170.1,4,33.9,False,False,act,True,0.5601
sess_00251,usr_0061,widget,16,6,True,wifi,260.1,2,5.1,False,False,browse,False,0.3315
sess_00252,usr_0383,organic,16,4,False,cellular,211.2,1,1.2,True,True,browse,False,0.4866
sess_00253,usr_0969,widget,14,4,False,cellular,313.6,1,6.8,True,False,browse,False,0.4925
sess_00254,usr_0682,organic,19,6,True,cellular,265.1,1,19.9,True,False,browse,False,0.2718
sess_00255,usr_1665,widget,18,4,False,wifi,89.5,3,5.1,False,False,act,True,0.877
sess_00256,usr_1990,push_notification,20,1,False,wifi,88.6,2,8.6,False,False,act,True,0.805
sess_00257,usr_1972,organic,20,6,True,wifi,229.5,1,8.7,False,False,browse,False,0.4809
sess_00258,usr_0876,push_notification,4,4,False,wifi,99.9,3,85.8,False,True,act,True,0.8387
sess_00259,usr_1643,widget,15,4,False,wifi,296.2,2,10.2,False,False,browse,False,0.2549
sess_00260,usr_0241,widget,7,5,True,wifi,348.4,2,5.2,False,True,browse,True,0.6371
sess_00261,usr_0675,push_notification,16,5,True,wifi,307.2,2,7.1,False,False,browse,False,0.5108
sess_00262,usr_1553,push_notification,9,4,False,wifi,99.7,1,7.8,False,False,act,True,0.7694
sess_00263,usr_0009,push_notification,11,1,False,cellular,399.6,1,1.5,False,False,browse,False,0.499
sess_00264,usr_1600,organic,19,4,False,cellular,85.7,3,3.1,True,True,act,True,0.5801
sess_00265,usr_1087,widget,18,6,True,cellular,90.4,1,27.3,True,False,browse,True,0.7711
sess_00266,usr_1864,organic,3,4,False,wifi,233.7,1,44.5,True,False,browse,True,0.5752
sess_00267,usr_1169,organic,16,1,False,wifi,253.5,1,3.2,False,False,browse,False,0.3078
sess_00268,usr_1733,organic,16,4,False,cellular,399.8,2,7.8,False,False,browse,True,0.7839
sess_00269,usr_2277,push_notification,15,3,False,cellular,222.1,5,27.0,True,False,browse,False,0.3376
sess_00270,usr_1994,organic,18,3,False,cellular,275.6,2,27.7,True,False,browse,False,0.4808
sess_00271,usr_0635,widget,17,3,False,wifi,39.0,3,7.4,True,True,act,True,0.7997
sess_00272,usr_0778,organic,5,3,False,cellular,305.7,1,3.0,True,False,browse,False,0.3256
sess_00273,usr_1216,widget,19,4,False,cellular,126.1,1,13.9,False,False,act,True,0.7991
sess_00274,usr_0892,organic,18,0,False,wifi,197.6,4,27.1,True,True,act,True,0.5646
sess_00275,usr_0240,organic,0,6,True,wifi,127.6,3,24.6,True,True,browse,False,0.5414
sess_00276,usr_2373,organic,9,6,True,cellular,275.0,1,3.1,True,False,browse,True,0.8541
sess_00277,usr_2221,organic,14,3,False,wifi,165.5,3,3.1,True,False,act,True,0.8802
sess_00278,usr_0250,organic,8,3,False,cellular,363.9,2,4.9,False,False,browse,False,0.4677
sess_00279,usr_1285,organic,20,2,False,cellular,211.1,2,50.2,True,False,act,True,0.7749
sess_00280,usr_0235,widget,16,5,True,cellular,339.9,4,41.0,True,False,browse,False,0.3342
sess_00281,usr_0206,organic,18,1,False,cellular,269.0,1,27.5,True,True,browse,True,0.7912
sess_00282,usr_2393,organic,14,5,True,cellular,277.6,1,17.6,True,False,browse,False,0.5182
sess_00283,usr_1953,push_notification,10,4,False,wifi,99.9,2,4.5,False,True,act,True,0.7715
sess_00284,usr_2060,push_notification,15,2,False,wifi,291.1,1,34.3,False,False,browse,False,0.2948
sess_00285,usr_2176,organic,6,2,False,cellular,199.1,1,2.3,True,False,browse,False,0.5465
sess_00286,usr_0645,organic,1,1,False,cellular,116.7,3,63.8,False,True,act,True,0.7711
sess_00287,usr_0233,organic,17,2,False,wifi,259.1,1,84.9,False,False,browse,False,0.4759
sess_00288,usr_2081,widget,13,4,False,wifi,272.2,2,22.8,False,False,browse,True,0.5655
sess_00289,usr_0329,organic,18,6,True,wifi,229.2,4,20.4,True,False,browse,False,0.458
sess_00290,usr_0762,push_notification,16,4,False,wifi,254.2,1,6.6,False,False,browse,False,0.4968
sess_00291,usr_0281,organic,23,3,False,cellular,195.2,4,13.0,True,False,browse,True,0.8002
sess_00292,usr_2438,push_notification,17,2,False,cellular,178.0,1,6.9,False,False,act,False,0.563
sess_00293,usr_0279,organic,5,1,False,wifi,161.6,2,25.7,False,False,act,True,0.8933
sess_00294,usr_0964,widget,9,0,False,cellular,339.6,1,62.7,False,True,browse,False,0.4964
sess_00295,usr_1654,push_notification,20,6,True,cellular,31.3,3,56.6,False,False,act,True,0.5487
sess_00296,usr_0492,widget,23,0,False,cellular,199.7,1,2.4,False,False,browse,False,0.5046
sess_00297,usr_2334,push_notification,20,2,False,wifi,95.0,3,51.7,False,False,act,True,0.8323
sess_00298,usr_1009,push_notification,17,0,False,wifi,81.1,2,6.3,False,False,act,True,0.7813
sess_00299,usr_2372,push_notification,12,4,False,cellular,67.9,2,30.0,True,False,act,True,0.8659
sess_00300,usr_2436,push_notification,8,3,False,wifi,170.9,3,6.6,False,False,act,True,0.6686
sess_00301,usr_0163,organic,12,6,True,wifi,328.3,1,43.9,False,True,browse,False,0.3439
sess_00302,usr_0336,widget,10,2,False,cellular,138.0,3,8.7,True,True,act,True,0.8718
sess_00303,usr_1718,organic,22,6,True,wifi,220.8,1,9.6,False,False,browse,True,0.8091
sess_00304,usr_2391,organic,12,2,False,cellular,204.2,1,118.8,False,False,browse,False,0.3487
sess_00305,usr_2316,widget,8,5,True,cellular,284.5,1,9.7,False,False,browse,False,0.312
sess_00306,usr_2142,widget,10,5,True,cellular,291.3,1,18.1,False,False,browse,True,0.6116
sess_00307,usr_1296,push_notification,11,6,True,cellular,143.6,3,29.3,False,False,act,True,0.6215
sess_00308,usr_1069,push_notification,18,2,False,wifi,118.3,2,11.3,True,False,act,True,0.5951
sess_00309,usr_0837,widget,21,2,False,cellular,355.0,1,21.5,False,False,browse,False,0.3201
sess_00310,usr_1287,organic,10,2,False,cellular,307.4,3,38.5,True,False,browse,False,0.2372
sess_00311,usr_0978,push_notification,14,6,True,wifi,212.3,3,168.0,True,False,act,True,0.6036
sess_00312,usr_1088,push_notification,17,0,False,cellular,225.4,1,7.4,True,False,browse,False,0.4413
sess_00313,usr_1622,organic,20,1,False,wifi,147.2,4,21.6,True,True,act,True,0.7753
sess_00314,usr_0537,organic,18,0,False,cellular,293.5,2,17.1,True,False,browse,True,0.6234
sess_00315,usr_1229,widget,19,5,True,cellular,119.1,2,17.0,False,False,act,False,0.3307
sess_00316,usr_1873,push_notification,13,2,False,wifi,190.7,1,14.0,True,False,browse,False,0.3919
sess_00317,usr_1296,organic,11,1,False,cellular,77.7,3,3.4,True,False,act,True,0.8012
sess_00318,usr_0298,widget,6,2,False,wifi,113.3,1,94.8,True,False,act,False,0.2814
sess_00319,usr_0039,widget,15,1,False,cellular,56.0,2,2.3,False,False,act,True,0.8747
sess_00320,usr_1878,push_notification,6,1,False,wifi,235.7,2,5.8,False,False,browse,False,0.3216
sess_00321,usr_2307,organic,15,5,True,cellular,234.8,4,59.0,True,False,browse,False,0.3665
sess_00322,usr_0410,push_notification,11,5,True,wifi,104.1,2,3.8,False,False,act,True,0.8074
sess_00323,usr_0301,organic,20,0,False,wifi,169.2,1,10.4,False,False,browse,False,0.2647
sess_00324,usr_2203,organic,6,0,False,wifi,109.4,2,6.4,False,True,act,False,0.5167
sess_00325,usr_0874,organic,20,1,False,wifi,292.6,2,2.3,True,False,browse,False,0.3833
sess_00326,usr_2073,widget,9,6,True,wifi,107.6,3,19.9,True,False,act,False,0.5162
sess_00327,usr_1087,push_notification,11,2,False,wifi,262.5,2,48.5,False,False,browse,False,0.543
sess_00328,usr_0543,organic,14,4,False,cellular,225.7,2,168.0,False,False,browse,False,0.4437
sess_00329,usr_1430,organic,17,3,False,wifi,275.2,1,38.1,False,False,browse,False,0.2133
sess_00330,usr_0282,push_notification,20,3,False,cellular,314.7,1,26.6,False,False,browse,False,0.5637
sess_00331,usr_1001,push_notification,20,5,True,wifi,400.4,1,1.7,False,False,browse,False,0.5263
sess_00332,usr_1514,push_notification,15,6,True,cellular,221.8,4,7.3,False,False,browse,False,0.268
sess_00333,usr_1168,push_notification,15,1,False,wifi,134.5,2,5.9,True,False,act,True,0.6716
sess_00334,usr_0647,widget,17,4,False,cellular,180.3,2,46.5,False,False,act,True,0.8315
sess_00335,usr_1795,organic,13,4,False,cellular,303.6,2,8.0,True,False,browse,False,0.3388
sess_00336,usr_2226,push_notification,17,5,True,wifi,118.8,2,4.3,False,False,act,True,0.5375
sess_00337,usr_1240,push_notification,15,3,False,wifi,118.3,2,14.8,False,False,act,True,0.8612
sess_00338,usr_2167,push_notification,17,2,False,wifi,427.5,1,92.0,True,False,browse,False,0.4036
sess_00339,usr_0033,organic,10,2,False,cellular,160.3,2,3.1,True,False,act,True,0.7844
sess_00340,usr_2272,push_notification,9,2,False,wifi,246.7,2,16.7,False,False,browse,True,0.8254
sess_00341,usr_1227,push_notification,19,6,True,cellular,347.2,1,18.1,False,False,browse,False,0.5554
sess_00342,usr_0425,push_notification,14,2,False,cellular,125.5,3,17.8,False,False,act,True,0.6616
sess_00343,usr_0551,widget,11,3,False,cellular,262.1,1,58.8,False,True,browse,False,0.3009
sess_00344,usr_1084,widget,12,1,False,cellular,194.1,1,124.2,True,False,browse,False,0.4792
sess_00345,usr_0473,push_notification,21,3,False,cellular,129.7,4,11.3,False,False,act,True,0.8196
sess_00346,usr_0439,organic,19,1,False,wifi,166.1,2,4.2,False,True,browse,False,0.2391
sess_00347,usr_2267,push_notification,16,6,True,wifi,123.9,4,8.7,False,False,act,True,0.6537
sess_00348,usr_0637,organic,12,3,False,wifi,366.4,1,31.6,False,False,browse,False,0.5325
sess_00349,usr_1116,push_notification,11,4,False,cellular,46.5,2,8.8,False,False,act,False,0.4948
sess_00350,usr_1155,push_notification,12,1,False,cellular,99.9,3,1.1,True,False,act,True,0.8119
sess_00351,usr_2478,organic,4,1,False,wifi,75.7,1,10.8,False,False,act,False,0.5618
sess_00352,usr_0863,organic,20,0,False,wifi,179.8,2,11.3,False,True,act,False,0.4893
sess_00353,usr_1405,widget,18,4,False,cellular,229.9,1,13.9,True,False,browse,False,0.2447
sess_00354,usr_0834,widget,16,6,True,wifi,378.4,4,22.8,False,False,browse,False,0.2556
sess_00355,usr_1082,organic,20,5,True,wifi,462.4,1,132.4,False,False,browse,False,0.2808
sess_00356,usr_2071,organic,17,0,False,cellular,307.6,1,17.7,True,False,browse,False,0.5354
sess_00357,usr_2002,organic,19,1,False,wifi,455.7,1,14.8,False,False,browse,False,0.3608
sess_00358,usr_1029,organic,14,6,True,wifi,328.8,2,87.1,True,False,browse,False,0.5199
sess_00359,usr_0209,push_notification,7,4,False,wifi,71.2,2,1.8,True,False,act,False,0.5049
sess_00360,usr_0379,widget,18,6,True,wifi,363.2,1,8.0,False,True,browse,False,0.5576
sess_00361,usr_1735,push_notification,18,2,False,cellular,58.9,2,51.8,False,True,act,True,0.8219
sess_00362,usr_1134,organic,22,2,False,cellular,238.8,1,1.4,False,False,browse,False,0.4631
sess_00363,usr_0181,push_notification,23,4,False,cellular,83.4,2,1.5,False,False,act,True,0.6627
sess_00364,usr_0015,push_notification,17,1,False,cellular,94.2,3,21.5,False,False,act,False,0.5389
sess_00365,usr_1367,push_notification,14,1,False,wifi,126.1,2,7.1,False,False,act,True,0.6187
sess_00366,usr_0536,organic,3,4,False,wifi,155.2,4,4.8,False,False,act,True,0.7768
sess_00367,usr_1073,widget,7,5,True,wifi,443.4,2,0.7,True,False,browse,True,0.7274
sess_00368,usr_0662,push_notification,12,6,True,wifi,10.0,2,21.2,False,False,act,True,0.6629
sess_00369,usr_1810,widget,9,6,True,wifi,385.7,1,60.1,True,False,browse,True,0.6196
sess_00370,usr_2260,organic,13,3,False,wifi,157.6,2,5.3,False,False,browse,False,0.5559
sess_00371,usr_1752,push_notification,18,0,False,wifi,134.8,1,12.1,False,False,act,False,0.2979
sess_00372,usr_2298,push_notification,17,4,False,wifi,167.2,3,9.4,True,False,act,True,0.7573
sess_00373,usr_0040,organic,1,3,False,cellular,262.6,4,10.0,False,False,browse,False,0.3083
sess_00374,usr_0459,organic,18,0,False,cellular,136.7,3,33.8,False,False,act,True,0.6567
sess_00375,usr_0309,widget,19,6,True,wifi,128.8,2,10.8,True,False,act,False,0.5304
sess_00376,usr_0611,push_notification,1,1,False,wifi,184.9,2,12.2,False,True,act,True,0.8516
sess_00377,usr_2235,organic,23,1,False,wifi,108.3,3,1.7,False,False,act,True,0.8402
sess_00378,usr_0148,organic,6,5,True,wifi,83.5,2,9.8,False,True,act,True,0.6139
sess_00379,usr_1513,organic,15,4,False,cellular,180.9,1,8.9,False,True,browse,True,0.8209
sess_00380,usr_2386,push_notification,10,0,False,cellular,123.5,2,14.2,False,False,act,False,0.6076
sess_00381,usr_2264,widget,9,3,False,cellular,144.5,3,7.8,True,False,act,True,0.7926
sess_00382,usr_0607,widget,22,1,False,cellular,297.5,5,4.2,True,False,browse,False,0.2948
sess_00383,usr_1761,widget,19,5,True,wifi,114.5,2,13.3,False,False,act,True,0.8014
sess_00384,usr_0523,organic,7,6,True,cellular,266.2,1,8.1,True,True,browse,False,0.3202
sess_00385,usr_0172,push_notification,17,6,True,wifi,79.3,2,16.0,True,True,act,True,0.692
sess_00386,usr_1263,push_notification,8,3,False,cellular,139.6,2,8.1,True,False,act,False,0.5913
sess_00387,usr_1494,organic,0,1,False,wifi,15.2,4,41.3,True,False,act,True,0.8685
sess_00388,usr_0164,organic,5,0,False,wifi,236.9,1,1.9,False,False,browse,False,0.5327
sess_00389,usr_1466,organic,21,5,True,wifi,334.3,3,81.2,False,True,browse,False,0.3432
sess_00390,usr_0861,widget,7,0,False,wifi,448.6,4,4.1,False,False,browse,False,0.5017
sess_00391,usr_1023,widget,10,0,False,cellular,187.8,2,6.3,True,False,act,False,0.4536
sess_00392,usr_0422,organic,13,2,False,wifi,120.4,2,14.6,False,False,act,False,0.2722
sess_00393,usr_1449,push_notification,23,6,True,wifi,130.8,3,8.6,True,False,act,True,0.6258
sess_00394,usr_2294,organic,13,3,False,cellular,276.9,2,38.3,False,True,browse,False,0.5746
sess_00395,usr_1665,widget,7,6,True,wifi,358.2,1,115.3,True,False,browse,False,0.3751
sess_00396,usr_0634,push_notification,14,6,True,wifi,160.7,3,23.1,True,False,act,True,0.8402
sess_00397,usr_0970,push_notification,19,1,False,cellular,148.1,2,2.4,False,False,act,False,0.4796
sess_00398,usr_0666,push_notification,20,6,True,wifi,123.2,5,10.5,False,True,act,False,0.5113
sess_00399,usr_0726,push_notification,19,1,False,cellular,160.9,3,16.7,True,False,act,True,0.6459
sess_00400,usr_1689,organic,15,3,False,cellular,135.2,3,60.6,True,False,act,True,0.6902
sess_00401,usr_0102,widget,15,0,False,cellular,248.0,1,8.9,False,False,browse,True,0.5923
sess_00402,usr_0735,organic,22,3,False,wifi,96.6,3,4.5,False,False,act,True,0.6016
sess_00403,usr_1361,widget,16,4,False,cellular,136.6,4,8.0,False,False,act,True,0.7809
sess_00404,usr_1687,push_notification,22,0,False,cellular,118.4,1,10.7,True,False,act,True,0.7995
sess_00405,usr_1017,organic,20,6,True,cellular,287.4,1,1.2,True,False,browse,True,0.7204
sess_00406,usr_1093,widget,19,2,False,cellular,119.1,1,19.3,False,True,act,True,0.6532
sess_00407,usr_0653,push_notification,15,2,False,cellular,136.6,2,5.4,False,False,act,True,0.6113
sess_00408,usr_0443,push_notification,5,2,False,wifi,63.7,3,4.5,True,False,act,True,0.8474
sess_00409,usr_1567,push_notification,9,5,True,wifi,260.5,5,5.2,True,True,browse,True,0.5979
sess_00410,usr_0159,push_notification,17,6,True,cellular,113.0,2,29.9,False,True,act,True,0.7659
sess_00411,usr_1928,organic,19,0,False,wifi,140.7,1,14.6,False,True,browse,False,0.4593
sess_00412,usr_0912,widget,12,0,False,wifi,292.6,2,32.9,False,False,browse,False,0.3855
sess_00413,usr_0818,push_notification,19,2,False,wifi,309.2,1,3.1,False,False,browse,False,0.2442
sess_00414,usr_1886,organic,20,0,False,cellular,362.1,1,11.2,False,False,browse,False,0.3229
sess_00415,usr_1433,organic,14,1,False,cellular,363.2,3,99.3,True,False,browse,False,0.5586
sess_00416,usr_1251,organic,13,0,False,cellular,237.9,2,9.0,False,False,browse,False,0.5468
sess_00417,usr_0933,push_notification,2,2,False,cellular,172.3,3,6.3,False,False,act,True,0.8366
sess_00418,usr_0914,push_notification,18,4,False,cellular,110.0,2,6.2,False,False,act,True,0.6255
sess_00419,usr_0097,widget,22,5,True,wifi,244.5,2,28.6,True,False,act,True,0.6013
sess_00420,usr_0792,widget,6,5,True,wifi,90.8,1,91.7,True,False,act,False,0.3094
sess_00421,usr_1633,widget,8,0,False,wifi,111.6,2,1.8,False,False,act,True,0.8727
sess_00422,usr_1345,widget,8,4,False,cellular,411.0,2,25.4,False,True,browse,False,0.3757
sess_00423,usr_1142,widget,20,5,True,wifi,87.5,2,9.9,False,False,act,True,0.6414
sess_00424,usr_0285,widget,20,0,False,wifi,448.2,1,17.4,True,False,browse,False,0.4428
sess_00425,usr_1144,widget,19,6,True,cellular,120.1,2,17.6,False,True,act,False,0.5335
sess_00426,usr_1439,organic,20,3,False,cellular,225.1,2,15.3,False,False,browse,False,0.4928
sess_00427,usr_2087,push_notification,17,0,False,cellular,91.5,4,13.5,False,False,act,True,0.8263
sess_00428,usr_1638,push_notification,18,0,False,wifi,146.4,4,11.9,False,False,act,True,0.5823
sess_00429,usr_2197,organic,19,0,False,cellular,198.0,1,13.3,True,False,browse,True,0.845
sess_00430,usr_1357,organic,17,1,False,cellular,343.1,1,3.7,False,False,browse,False,0.3742
sess_00431,usr_0114,widget,18,3,False,wifi,123.9,3,14.6,False,False,act,False,0.2996
sess_00432,usr_0473,organic,8,6,True,cellular,461.1,2,6.7,False,False,browse,True,0.8218
sess_00433,usr_1070,push_notification,9,0,False,wifi,72.9,3,31.7,False,False,act,False,0.4918
sess_00434,usr_0732,organic,7,3,False,wifi,164.7,2,4.6,False,False,act,True,0.5428
sess_00435,usr_2379,organic,13,5,True,cellular,200.4,2,7.4,False,False,browse,True,0.7899
sess_00436,usr_1088,organic,10,3,False,cellular,344.2,1,12.3,False,False,browse,False,0.5192
sess_00437,usr_0157,organic,18,2,False,wifi,329.6,2,20.5,True,True,browse,False,0.3108
sess_00438,usr_0445,organic,7,5,True,wifi,129.7,3,15.0,True,True,act,True,0.8467
sess_00439,usr_2444,push_notification,15,5,True,wifi,194.1,2,168.0,False,False,browse,False,0.2705
sess_00440,usr_1780,organic,11,6,True,cellular,293.4,3,4.7,False,False,browse,False,0.3312
sess_00441,usr_1416,organic,6,1,False,cellular,64.7,1,1.1,False,False,act,True,0.6159
sess_00442,usr_1285,organic,11,3,False,cellular,214.5,1,50.9,True,True,browse,True,0.5945
sess_00443,usr_1788,push_notification,15,5,True,wifi,141.0,2,18.6,True,False,act,True,0.6089
sess_00444,usr_2484,organic,10,1,False,wifi,378.0,2,32.7,False,False,browse,False,0.2831
sess_00445,usr_2095,widget,18,4,False,wifi,255.0,1,9.5,False,False,browse,False,0.261
sess_00446,usr_0474,push_notification,13,0,False,cellular,134.7,1,65.3,True,False,act,True,0.5824
sess_00447,usr_1578,organic,20,1,False,wifi,235.8,3,19.9,False,False,browse,False,0.3797
sess_00448,usr_2362,push_notification,16,6,True,wifi,117.7,2,5.1,False,False,act,True,0.8313
sess_00449,usr_0779,push_notification,19,5,True,wifi,136.8,1,54.6,True,True,act,True,0.8342
sess_00450,usr_1044,organic,21,5,True,cellular,373.0,1,14.9,False,False,browse,False,0.5504
sess_00451,usr_0182,organic,7,1,False,wifi,105.1,2,24.3,False,False,browse,True,0.5263
sess_00452,usr_1787,widget,5,3,False,wifi,194.1,3,10.1,False,False,act,True,0.7997
sess_00453,usr_0007,widget,15,1,False,wifi,59.5,1,61.6,True,False,act,True,0.8446
sess_00454,usr_2130,organic,6,1,False,wifi,72.7,3,1.1,False,False,act,False,0.5251
sess_00455,usr_2206,widget,9,3,False,cellular,154.1,1,4.4,True,False,browse,False,0.5193
sess_00456,usr_0808,push_notification,19,3,False,wifi,88.2,3,13.2,False,True,act,True,0.84
sess_00457,usr_1492,widget,14,6,True,cellular,49.0,2,4.8,True,False,act,True,0.6119
sess_00458,usr_1767,organic,22,2,False,wifi,328.0,1,15.6,False,False,browse,False,0.3277
sess_00459,usr_0287,widget,18,3,False,wifi,360.6,1,60.7,False,False,browse,False,0.2924
sess_00460,usr_1353,organic,19,0,False,wifi,120.5,3,10.0,True,False,act,False,0.3343
sess_00461,usr_1286,push_notification,20,5,True,wifi,138.0,5,128.0,False,False,act,True,0.5659
sess_00462,usr_0511,organic,14,3,False,cellular,219.5,1,14.4,False,False,browse,False,0.2797
sess_00463,usr_1231,organic,11,0,False,wifi,49.7,2,5.7,False,False,act,True,0.8043
sess_00464,usr_2078,organic,12,6,True,cellular,185.4,1,29.0,False,False,browse,False,0.4762
sess_00465,usr_1267,push_notification,17,6,True,wifi,120.5,3,46.6,True,True,act,False,0.5986
sess_00466,usr_1673,organic,23,0,False,wifi,342.4,5,5.9,False,False,browse,True,0.6348
sess_00467,usr_1337,organic,21,6,True,wifi,220.8,1,69.5,True,False,browse,False,0.5073
sess_00468,usr_1649,widget,20,1,False,wifi,277.8,1,8.2,True,False,browse,False,0.313
sess_00469,usr_1212,push_notification,22,4,False,wifi,120.6,2,2.4,False,False,act,False,0.5107
sess_00470,usr_2271,push_notification,17,6,True,cellular,115.4,3,86.1,False,True,act,True,0.8305
sess_00471,usr_0522,widget,8,6,True,cellular,254.0,1,21.8,False,False,browse,False,0.5833
sess_00472,usr_0786,organic,21,4,False,wifi,118.3,2,73.9,False,True,act,True,0.8832
sess_00473,usr_1723,organic,0,2,False,cellular,158.1,3,18.1,False,True,act,True,0.6896
sess_00474,usr_1553,push_notification,17,3,False,wifi,149.0,2,2.8,True,False,act,True,0.8135
sess_00475,usr_0713,widget,13,2,False,wifi,305.7,1,3.9,False,False,browse,False,0.2608
sess_00476,usr_2332,organic,13,4,False,wifi,165.1,2,6.8,False,False,browse,False,0.3186
sess_00477,usr_1233,organic,8,6,True,wifi,322.6,2,8.2,True,False,browse,False,0.4931
sess_00478,usr_1664,organic,19,3,False,wifi,177.0,3,9.5,True,False,act,True,0.6808
sess_00479,usr_2245,widget,7,4,False,wifi,165.2,3,14.5,False,False,act,True,0.8559
sess_00480,usr_0002,organic,19,1,False,wifi,197.1,1,13.5,True,True,browse,False,0.5856
sess_00481,usr_1245,widget,16,3,False,wifi,98.1,1,40.3,False,False,act,True,0.8451
sess_00482,usr_1176,push_notification,2,1,False,wifi,148.6,1,7.7,True,False,act,True,0.8113
sess_00483,usr_0861,organic,21,0,False,wifi,272.0,3,17.2,False,True,browse,False,0.3292
sess_00484,usr_1761,organic,12,0,False,wifi,348.3,1,6.5,False,True,browse,False,0.4971
sess_00485,usr_2376,organic,21,5,True,wifi,169.9,2,23.7,False,False,browse,False,0.2678
sess_00486,usr_2485,push_notification,6,4,False,wifi,178.0,1,33.7,False,False,browse,False,0.4785
sess_00487,usr_1320,organic,11,0,False,cellular,322.4,2,3.8,False,False,browse,False,0.4919
sess_00488,usr_1905,widget,7,2,False,wifi,395.4,1,45.8,True,False,browse,False,0.4878
sess_00489,usr_1810,push_notification,16,1,False,cellular,152.2,1,2.1,False,True,act,True,0.6355
sess_00490,usr_1812,widget,1,2,False,wifi,421.7,5,27.3,False,False,browse,True,0.8156
sess_00491,usr_0876,push_notification,14,1,False,cellular,150.1,2,7.4,True,True,act,True,0.7822
sess_00492,usr_2094,organic,20,6,True,wifi,48.2,2,8.2,True,False,act,True,0.7637
sess_00493,usr_1939,push_notification,17,5,True,wifi,138.2,4,24.2,False,False,act,True,0.841
sess_00494,usr_0696,push_notification,22,5,True,cellular,52.4,2,10.3,False,False,act,False,0.5472
sess_00495,usr_0348,widget,20,0,False,wifi,148.2,1,93.2,False,True,act,True,0.6135
sess_00496,usr_1163,push_notification,19,2,False,cellular,151.8,2,20.4,True,False,act,False,0.5667
sess_00497,usr_2112,widget,19,1,False,wifi,328.6,5,10.6,True,False,browse,True,0.5723
sess_00498,usr_1373,push_notification,19,2,False,wifi,204.8,2,50.5,False,False,browse,False,0.5457
sess_00499,usr_0383,organic,7,0,False,cellular,346.7,1,22.0,False,False,browse,True,0.86
sess_00500,usr_0963,push_notification,9,5,True,cellular,129.2,2,4.3,False,False,act,True,0.8038
sess_00501,usr_1272,widget,17,6,True,wifi,192.4,1,12.2,False,False,act,True,0.5969
sess_00502,usr_0921,push_notification,16,4,False,wifi,263.2,2,168.0,False,False,browse,False,0.2737
sess_00503,usr_0816,organic,21,4,False,wifi,132.3,5,23.2,True,False,act,True,0.8143
sess_00504,usr_0604,widget,18,6,True,wifi,371.5,1,2.0,True,False,browse,False,0.2895
sess_00505,usr_0101,widget,20,4,False,wifi,102.0,2,16.5,True,False,act,True,0.7925
sess_00506,usr_0190,widget,20,6,True,cellular,59.7,2,44.1,True,True,act,True,0.7949
sess_00507,usr_1003,push_notification,17,1,False,wifi,149.1,3,24.7,False,False,act,True,0.8568
sess_00508,usr_1947,organic,17,1,False,wifi,374.0,5,8.5,False,False,browse,False,0.5639
sess_00509,usr_0299,push_notification,8,3,False,cellular,215.5,2,7.9,True,False,act,False,0.4992
sess_00510,usr_1866,organic,18,2,False,cellular,199.4,2,36.1,True,True,browse,False,0.4491
sess_00511,usr_1698,push_notification,13,5,True,wifi,116.2,5,4.9,False,False,act,True,0.6321
sess_00512,usr_2358,widget,6,2,False,wifi,426.3,1,8.2,False,False,browse,False,0.319
sess_00513,usr_0797,organic,18,1,False,wifi,36.4,2,3.9,True,True,act,False,0.5683
sess_00514,usr_1573,organic,17,1,False,cellular,181.4,2,21.2,True,False,browse,False,0.2636
sess_00515,usr_2025,organic,9,4,False,cellular,97.2,4,45.1,False,False,act,True,0.8725
sess_00516,usr_1637,widget,16,2,False,wifi,292.5,1,26.8,True,True,browse,False,0.3424
sess_00517,usr_1000,push_notification,23,3,False,wifi,331.3,1,7.2,True,False,browse,False,0.2922
sess_00518,usr_0605,widget,12,0,False,wifi,133.6,2,103.7,False,False,act,True,0.5787
sess_00519,usr_0023,push_notification,18,2,False,wifi,155.1,1,82.2,False,False,act,True,0.6677
sess_00520,usr_0437,organic,1,5,True,wifi,149.8,2,2.6,False,False,act,True,0.8586
sess_00521,usr_1742,push_notification,13,3,False,wifi,65.2,4,2.7,True,False,act,True,0.8375
sess_00522,usr_0897,organic,5,2,False,wifi,207.2,4,12.6,False,False,browse,False,0.5446
sess_00523,usr_0721,push_notification,14,6,True,cellular,195.2,2,11.0,True,False,act,False,0.5047
sess_00524,usr_2122,organic,14,2,False,wifi,350.0,1,51.6,False,False,browse,False,0.4959
sess_00525,usr_1903,widget,11,0,False,wifi,244.3,2,26.9,False,False,browse,False,0.4715
sess_00526,usr_0206,organic,12,6,True,wifi,347.0,5,127.8,True,True,browse,False,0.5173
sess_00527,usr_2284,push_notification,19,5,True,cellular,134.3,2,140.1,False,False,act,True,0.8241
sess_00528,usr_1021,push_notification,13,1,False,wifi,115.0,2,9.7,True,True,act,True,0.5438
sess_00529,usr_0498,organic,13,3,False,cellular,112.1,3,1.1,False,False,act,False,0.3378
sess_00530,usr_1870,organic,10,1,False,wifi,235.9,1,17.6,False,True,browse,False,0.4964
sess_00531,usr_0547,widget,17,2,False,wifi,324.4,1,0.6,True,False,browse,False,0.4975
sess_00532,usr_1904,organic,1,4,False,wifi,288.9,2,64.7,False,False,browse,True,0.811
sess_00533,usr_2176,widget,10,1,False,cellular,329.4,1,30.8,True,False,browse,False,0.3716
sess_00534,usr_2290,organic,17,5,True,wifi,345.8,1,149.7,True,False,browse,False,0.2859
sess_00535,usr_2439,organic,19,4,False,wifi,204.2,4,2.8,False,False,browse,False,0.3624
sess_00536,usr_1300,organic,13,5,True,wifi,367.9,1,9.9,False,False,browse,True,0.6097
sess_00537,usr_1813,widget,4,3,False,wifi,107.2,1,2.4,False,False,act,True,0.8189
sess_00538,usr_2068,widget,19,6,True,wifi,303.7,4,4.2,False,False,browse,False,0.3003
sess_00539,usr_1748,widget,18,4,False,wifi,157.0,1,37.6,False,False,browse,True,0.8328
sess_00540,usr_2245,push_notification,12,2,False,cellular,125.5,3,58.2,True,False,act,True,0.6309
sess_00541,usr_1827,push_notification,14,6,True,wifi,123.8,2,10.5,False,False,act,True,0.9078
sess_00542,usr_0652,push_notification,20,0,False,wifi,289.2,2,2.2,True,False,browse,True,0.5657
sess_00543,usr_1945,organic,16,5,True,cellular,206.6,3,9.3,False,False,browse,False,0.4018
sess_00544,usr_1844,organic,7,2,False,wifi,78.6,4,3.1,False,False,act,True,0.8149
sess_00545,usr_1062,organic,8,4,False,wifi,304.5,1,1.1,True,False,browse,True,0.5369
sess_00546,usr_1013,organic,18,2,False,wifi,170.4,1,20.6,False,False,browse,False,0.5283
sess_00547,usr_1136,widget,19,5,True,cellular,92.2,2,24.1,True,False,act,True,0.8309
sess_00548,usr_2136,push_notification,15,1,False,wifi,307.1,3,0.5,False,True,browse,False,0.5483
sess_00549,usr_1985,push_notification,15,1,False,wifi,254.6,4,68.1,True,False,browse,False,0.4366
sess_00550,usr_0980,organic,7,0,False,wifi,240.6,1,6.5,True,False,browse,True,0.8143
sess_00551,usr_1125,widget,20,2,False,cellular,117.4,2,23.8,False,False,browse,False,0.4375
sess_00552,usr_1802,push_notification,13,3,False,wifi,336.6,1,11.9,False,False,browse,False,0.3864
sess_00553,usr_0318,push_notification,17,5,True,wifi,275.0,1,83.4,False,False,browse,False,0.5401
sess_00554,usr_1171,organic,18,0,False,cellular,381.3,2,22.7,True,False,browse,False,0.4702
sess_00555,usr_0961,organic,15,4,False,wifi,291.1,1,5.3,False,False,browse,False,0.3861
sess_00556,usr_1113,organic,5,3,False,wifi,455.7,2,2.8,False,False,browse,False,0.4813
sess_00557,usr_1376,push_notification,12,0,False,wifi,150.6,3,29.4,False,False,act,True,0.6272
sess_00558,usr_1310,organic,10,2,False,cellular,252.9,1,8.7,False,True,browse,False,0.4639
sess_00559,usr_2213,push_notification,18,0,False,wifi,58.4,2,23.9,True,False,act,False,0.3548
sess_00560,usr_0331,widget,8,0,False,cellular,216.1,4,26.7,False,False,browse,True,0.596
sess_00561,usr_0567,push_notification,5,3,False,wifi,116.2,5,13.8,False,True,act,True,0.624
sess_00562,usr_0618,organic,6,4,False,cellular,336.1,3,7.5,True,False,browse,False,0.3572
sess_00563,usr_0948,organic,7,3,False,cellular,317.3,1,9.2,True,False,browse,False,0.5986
sess_00564,usr_1569,widget,13,4,False,wifi,304.7,2,5.0,False,False,browse,False,0.4526
sess_00565,usr_0626,organic,8,5,True,wifi,360.1,2,11.1,False,False,browse,False,0.5359
sess_00566,usr_0877,organic,21,4,False,wifi,265.0,1,6.1,True,False,browse,False,0.3232
sess_00567,usr_0264,organic,10,4,False,cellular,248.6,3,1.6,False,False,browse,True,0.8051
sess_00568,usr_1700,push_notification,19,0,False,wifi,132.1,1,7.9,False,False,act,True,0.8446
sess_00569,usr_1670,widget,12,0,False,wifi,424.9,1,3.9,False,False,browse,False,0.2912
sess_00570,usr_1356,organic,23,1,False,cellular,346.2,1,9.4,False,False,browse,False,0.3588
sess_00571,usr_2223,widget,12,1,False,cellular,189.4,1,39.3,False,False,browse,False,0.3426
sess_00572,usr_1909,organic,13,4,False,cellular,426.9,1,152.6,False,False,browse,False,0.579
sess_00573,usr_1704,push_notification,14,3,False,wifi,103.8,2,6.9,False,False,act,True,0.8436
sess_00574,usr_0256,push_notification,21,1,False,cellular,152.1,1,168.0,True,False,act,True,0.7084
sess_00575,usr_0848,widget,18,2,False,wifi,259.4,1,6.1,True,False,browse,True,0.6207
sess_00576,usr_1721,organic,16,3,False,wifi,162.3,3,54.6,False,False,browse,False,0.2868
sess_00577,usr_1596,organic,19,2,False,cellular,376.8,2,13.6,False,False,browse,False,0.3259
sess_00578,usr_2393,organic,12,3,False,wifi,260.1,1,3.1,False,False,browse,False,0.4586
sess_00579,usr_0081,push_notification,9,4,False,wifi,562.3,2,41.0,True,True,browse,True,0.5541
sess_00580,usr_2359,widget,11,0,False,wifi,98.1,3,80.2,True,False,act,True,0.744
sess_00581,usr_1559,widget,14,5,True,cellular,270.6,1,24.8,True,False,browse,True,0.6377
sess_00582,usr_1954,organic,14,2,False,wifi,274.6,1,11.0,True,False,browse,False,0.4528
sess_00583,usr_0025,push_notification,14,5,True,cellular,279.2,1,16.4,False,False,browse,True,0.5665
sess_00584,usr_1441,push_notification,18,4,False,cellular,163.6,5,4.8,False,False,act,True,0.7697
sess_00585,usr_1224,organic,16,2,False,cellular,94.1,3,82.9,False,False,act,False,0.2718
sess_00586,usr_1598,push_notification,1,1,False,cellular,65.6,2,13.0,False,False,act,True,0.6657
sess_00587,usr_1717,organic,7,5,True,cellular,121.0,2,61.5,False,False,act,True,0.6259
sess_00588,usr_2205,push_notification,0,2,False,cellular,296.3,4,3.0,False,False,browse,False,0.5634
sess_00589,usr_2237,push_notification,13,3,False,wifi,100.0,1,8.7,False,False,act,True,0.5954
sess_00590,usr_2471,organic,19,3,False,cellular,104.1,1,22.4,False,False,browse,True,0.7777
sess_00591,usr_0904,widget,22,3,False,wifi,150.0,1,142.4,False,True,browse,False,0.4944
sess_00592,usr_2000,widget,9,1,False,wifi,111.1,2,10.0,True,False,act,False,0.5449
sess_00593,usr_0899,widget,9,4,False,wifi,142.3,2,1.7,False,True,act,True,0.6709
sess_00594,usr_1118,push_notification,14,1,False,wifi,175.9,3,14.5,True,False,act,True,0.5653
sess_00595,usr_1786,organic,12,4,False,cellular,170.2,2,29.3,False,False,act,False,0.5652
sess_00596,usr_1990,push_notification,14,6,True,wifi,284.5,1,2.7,False,True,browse,False,0.5127
sess_00597,usr_0119,push_notification,14,6,True,wifi,98.7,3,140.6,False,True,act,True,0.8657
sess_00598,usr_1593,organic,20,1,False,wifi,293.1,1,3.8,False,False,browse,False,0.5221
sess_00599,usr_1377,widget,9,5,True,cellular,147.8,1,8.5,True,False,browse,False,0.4789
sess_00600,usr_1657,organic,20,5,True,cellular,363.8,2,3.6,False,False,browse,True,0.6311
sess_00601,usr_0677,organic,10,4,False,cellular,67.9,2,24.7,False,False,browse,False,0.4881
sess_00602,usr_1915,organic,7,4,False,wifi,312.5,2,18.5,True,False,browse,False,0.2605
sess_00603,usr_0523,widget,19,5,True,wifi,162.4,3,5.7,False,True,act,True,0.8816
sess_00604,usr_2188,organic,11,5,True,wifi,187.6,3,93.6,False,False,browse,False,0.3747
sess_00605,usr_0111,organic,9,3,False,cellular,413.9,1,14.4,True,False,browse,False,0.5165
sess_00606,usr_1614,widget,19,2,False,wifi,12.5,3,16.9,True,False,act,False,0.3217
sess_00607,usr_2425,push_notification,9,1,False,wifi,338.1,3,16.3,False,False,browse,True,0.7654
sess_00608,usr_2312,widget,6,4,False,wifi,458.5,1,41.1,False,False,browse,True,0.7855
sess_00609,usr_0112,widget,11,0,False,wifi,312.1,2,20.6,True,False,browse,False,0.5111
sess_00610,usr_0344,widget,15,5,True,wifi,146.3,3,9.7,True,False,act,True,0.7943
sess_00611,usr_1756,organic,15,3,False,cellular,298.9,1,1.6,False,False,browse,False,0.2769
sess_00612,usr_0556,organic,12,5,True,cellular,166.4,2,2.0,True,False,act,True,0.7843
sess_00613,usr_1892,push_notification,20,3,False,wifi,148.2,2,2.5,True,False,act,False,0.4719
sess_00614,usr_0745,organic,19,2,False,cellular,202.2,2,3.5,True,False,browse,False,0.5232
sess_00615,usr_0206,organic,6,4,False,wifi,284.3,2,58.6,False,False,browse,False,0.3488
sess_00616,usr_1066,organic,13,5,True,wifi,242.9,1,8.8,False,False,browse,False,0.511
sess_00617,usr_1553,push_notification,18,0,False,wifi,153.1,2,15.7,False,False,act,True,0.859
sess_00618,usr_1341,push_notification,20,1,False,cellular,97.8,2,43.4,False,False,act,True,0.874
sess_00619,usr_0867,organic,16,0,False,cellular,235.8,1,0.8,True,False,browse,False,0.2956
sess_00620,usr_1863,push_notification,15,2,False,cellular,111.9,2,15.7,False,False,act,True,0.6231
sess_00621,usr_1339,organic,19,1,False,wifi,265.3,1,10.7,False,False,browse,False,0.3094
sess_00622,usr_1383,widget,10,1,False,cellular,111.8,2,6.3,False,False,act,False,0.4951
sess_00623,usr_1553,organic,20,6,True,wifi,238.6,1,4.3,False,False,browse,True,0.8508
sess_00624,usr_1140,organic,17,5,True,wifi,503.4,4,101.3,False,False,browse,False,0.5118
sess_00625,usr_1727,widget,8,0,False,cellular,152.7,1,22.5,False,False,browse,False,0.4961
sess_00626,usr_1034,organic,7,5,True,wifi,128.0,1,6.4,False,True,browse,False,0.5676
sess_00627,usr_0336,organic,19,3,False,wifi,256.6,1,1.7,False,False,browse,False,0.438
sess_00628,usr_1927,organic,13,0,False,cellular,255.0,3,6.2,True,False,browse,False,0.4256
sess_00629,usr_0080,organic,4,4,False,wifi,105.6,2,18.8,False,False,act,True,0.6074
sess_00630,usr_2210,organic,8,5,True,cellular,151.5,3,1.9,True,False,act,True,0.5802
sess_00631,usr_0214,organic,11,3,False,wifi,169.2,2,4.2,False,False,browse,False,0.4469
sess_00632,usr_1434,push_notification,18,0,False,cellular,102.4,2,13.5,True,False,act,True,0.7402
sess_00633,usr_0919,widget,21,1,False,wifi,264.7,2,20.6,True,False,browse,False,0.5572
sess_00634,usr_0282,organic,1,1,False,cellular,359.3,1,12.0,False,False,browse,False,0.3079
sess_00635,usr_0165,push_notification,10,5,True,wifi,188.9,2,8.9,True,False,browse,False,0.2951
sess_00636,usr_0128,push_notification,5,1,False,cellular,62.8,3,6.2,True,False,act,False,0.5571
sess_00637,usr_1013,organic,9,3,False,cellular,276.1,4,21.0,False,False,browse,False,0.2811
sess_00638,usr_0817,organic,19,5,True,wifi,362.8,2,3.2,False,False,browse,False,0.3205
sess_00639,usr_0084,push_notification,8,6,True,wifi,179.8,2,14.8,False,False,act,True,0.6273
sess_00640,usr_0625,push_notification,19,4,False,cellular,258.6,1,40.2,False,False,browse,False,0.3033
sess_00641,usr_0978,organic,13,3,False,cellular,288.6,1,25.1,True,False,browse,False,0.5527
sess_00642,usr_0518,push_notification,12,1,False,wifi,107.1,4,6.2,False,False,act,True,0.7658
sess_00643,usr_1940,push_notification,18,2,False,wifi,100.6,2,3.5,True,False,act,False,0.469
sess_00644,usr_0469,organic,10,3,False,wifi,323.1,1,52.8,True,False,browse,False,0.5226
sess_00645,usr_2311,organic,20,5,True,wifi,374.9,2,9.0,False,False,browse,False,0.3063
sess_00646,usr_0893,organic,18,6,True,wifi,256.0,1,4.9,False,False,browse,False,0.2797
sess_00647,usr_1905,push_notification,21,1,False,cellular,100.5,3,44.6,True,False,act,True,0.7967
sess_00648,usr_1050,organic,3,3,False,wifi,385.9,2,1.9,False,False,browse,True,0.7755
sess_00649,usr_1511,push_notification,1,4,False,wifi,115.9,2,111.9,False,False,act,False,0.5739
sess_00650,usr_0688,organic,9,4,False,wifi,305.4,4,12.5,True,False,browse,False,0.5184
sess_00651,usr_2482,organic,19,5,True,cellular,279.2,1,15.5,False,False,browse,True,0.5974
sess_00652,usr_2488,widget,8,6,True,wifi,254.8,2,4.4,False,False,browse,False,0.3146
sess_00653,usr_0470,push_notification,21,1,False,wifi,94.5,2,13.8,False,False,act,True,0.6636
sess_00654,usr_0671,widget,0,5,True,cellular,274.1,2,9.5,True,False,browse,True,0.7811
sess_00655,usr_1275,organic,16,1,False,cellular,285.4,1,22.3,True,False,browse,False,0.2519
sess_00656,usr_0443,widget,19,4,False,cellular,373.2,1,38.7,False,True,browse,False,0.3514
sess_00657,usr_2371,push_notification,3,6,True,wifi,207.7,2,3.7,False,True,act,True,0.8728
sess_00658,usr_0106,organic,13,6,True,wifi,337.0,4,43.1,True,False,browse,False,0.554
sess_00659,usr_1278,widget,8,3,False,cellular,263.1,1,3.4,False,False,browse,False,0.5411
sess_00660,usr_2359,organic,19,2,False,cellular,432.2,2,76.1,False,False,browse,True,0.8108
sess_00661,usr_1538,widget,5,4,False,cellular,168.7,3,10.7,False,False,act,True,0.8489
sess_00662,usr_1625,push_notification,18,5,True,wifi,218.4,1,14.6,False,False,browse,False,0.2823
sess_00663,usr_0813,organic,21,2,False,wifi,274.3,3,46.3,True,False,browse,False,0.3479
sess_00664,usr_0312,push_notification,9,4,False,wifi,136.7,1,13.6,False,False,act,True,0.7998
sess_00665,usr_2426,push_notification,22,1,False,wifi,149.7,1,17.4,True,False,act,False,0.4549
sess_00666,usr_0995,organic,9,2,False,cellular,265.5,1,13.0,False,False,browse,True,0.5659
sess_00667,usr_0418,widget,18,6,True,wifi,315.6,1,2.2,True,False,browse,False,0.387
sess_00668,usr_1236,push_notification,10,3,False,cellular,429.5,2,45.6,True,False,browse,False,0.2613
sess_00669,usr_2460,push_notification,18,6,True,wifi,77.5,3,7.5,False,False,act,True,0.8179
sess_00670,usr_0496,widget,18,5,True,wifi,116.7,1,23.1,False,False,browse,True,0.6052
sess_00671,usr_2319,organic,22,3,False,cellular,326.4,2,18.0,True,False,browse,False,0.3478
sess_00672,usr_0169,organic,1,5,True,wifi,356.0,3,22.7,True,False,browse,False,0.2901
sess_00673,usr_1423,widget,14,6,True,cellular,82.1,2,4.7,True,False,act,False,0.5644
sess_00674,usr_2183,organic,21,6,True,wifi,187.4,2,4.0,False,False,act,True,0.8398
sess_00675,usr_1755,organic,13,1,False,wifi,438.8,3,8.2,False,False,browse,False,0.2414
sess_00676,usr_1518,push_notification,20,4,False,wifi,134.0,2,15.1,False,False,act,True,0.7713
sess_00677,usr_0283,organic,2,4,False,wifi,281.4,2,50.7,False,False,browse,False,0.4864
sess_00678,usr_2073,push_notification,20,5,True,wifi,210.0,2,7.0,False,False,act,True,0.6339
sess_00679,usr_1398,push_notification,13,0,False,wifi,51.0,5,18.6,True,False,act,True,0.8932
sess_00680,usr_0052,organic,4,1,False,wifi,326.3,1,16.0,True,False,browse,False,0.3288
sess_00681,usr_1721,push_notification,21,1,False,cellular,45.0,4,6.8,False,False,act,True,0.8613
sess_00682,usr_2008,organic,12,0,False,wifi,375.0,2,31.7,False,False,browse,True,0.6596
sess_00683,usr_0433,organic,19,0,False,cellular,114.7,5,7.3,False,False,act,True,0.8795
sess_00684,usr_1776,widget,22,0,False,wifi,113.9,2,25.1,False,False,act,False,0.2843
sess_00685,usr_1484,widget,19,0,False,wifi,119.0,2,44.8,False,False,act,False,0.4834
sess_00686,usr_1884,widget,16,5,True,wifi,113.2,2,55.6,False,False,act,True,0.5669
sess_00687,usr_0627,organic,17,5,True,wifi,260.1,3,4.6,False,False,browse,True,0.8211
sess_00688,usr_1784,organic,12,0,False,cellular,129.1,2,2.5,True,False,act,False,0.2944
sess_00689,usr_0722,organic,1,5,True,wifi,215.1,1,7.3,False,False,browse,False,0.5383
sess_00690,usr_2138,organic,10,5,True,cellular,240.4,2,4.9,True,False,browse,False,0.292
sess_00691,usr_1107,push_notification,21,3,False,wifi,158.9,2,1.0,True,False,act,True,0.7681
sess_00692,usr_2205,organic,12,3,False,cellular,454.9,1,7.2,False,False,browse,False,0.354
sess_00693,usr_1981,widget,18,2,False,wifi,125.8,4,24.0,True,True,act,True,0.7763
sess_00694,usr_1905,organic,13,4,False,wifi,281.9,1,21.0,False,False,browse,False,0.3187
sess_00695,usr_1785,widget,18,2,False,wifi,330.1,1,8.9,False,False,browse,False,0.4684
sess_00696,usr_2427,widget,15,1,False,cellular,248.9,1,6.4,False,False,browse,True,0.5166
sess_00697,usr_1100,push_notification,13,0,False,cellular,154.2,3,17.7,True,False,act,False,0.4854
sess_00698,usr_1321,widget,21,6,True,wifi,310.0,1,31.2,False,False,browse,False,0.2736
sess_00699,usr_1006,widget,17,3,False,wifi,319.9,1,13.7,False,False,browse,False,0.5389
sess_00700,usr_0355,push_notification,16,2,False,wifi,185.7,2,106.6,False,False,act,False,0.5108
sess_00701,usr_1143,push_notification,18,0,False,wifi,156.3,2,0.8,True,False,act,True,0.5885
sess_00702,usr_1847,widget,8,3,False,wifi,130.4,4,12.0,False,False,act,False,0.4989
sess_00703,usr_0999,organic,20,2,False,wifi,98.5,4,3.5,False,True,act,True,0.8329
sess_00704,usr_1904,widget,11,6,True,wifi,298.9,4,85.8,True,False,browse,False,0.44
sess_00705,usr_2335,push_notification,21,6,True,cellular,86.5,3,1.8,False,True,act,True,0.6111
sess_00706,usr_2500,organic,18,3,False,cellular,150.9,1,22.1,False,False,browse,False,0.3911
sess_00707,usr_1553,widget,20,6,True,cellular,273.4,3,168.0,True,False,browse,False,0.3386
sess_00708,usr_1378,organic,9,5,True,cellular,303.6,1,6.1,False,False,browse,False,0.5641
sess_00709,usr_0118,push_notification,22,6,True,wifi,212.1,1,9.1,True,False,browse,True,0.6018
sess_00710,usr_2025,push_notification,19,5,True,wifi,101.2,3,3.1,False,False,act,True,0.8375
sess_00711,usr_1332,organic,21,1,False,wifi,311.1,4,9.0,False,False,browse,False,0.5011
sess_00712,usr_0745,widget,19,0,False,wifi,191.6,1,21.1,False,False,browse,False,0.5421
sess_00713,usr_1998,push_notification,19,1,False,wifi,125.7,2,9.2,False,True,act,True,0.6324
sess_00714,usr_0869,push_notification,3,4,False,cellular,168.5,2,4.8,False,True,act,False,0.5427
sess_00715,usr_1454,organic,14,5,True,wifi,323.9,1,8.3,False,False,browse,False,0.4932
sess_00716,usr_1059,organic,9,2,False,cellular,171.5,2,4.0,False,False,act,True,0.5969
sess_00717,usr_1395,push_notification,20,2,False,wifi,99.8,3,9.0,False,False,act,True,0.8764
sess_00718,usr_1146,widget,8,3,False,cellular,311.1,1,4.4,False,True,browse,False,0.2406
sess_00719,usr_2442,push_notification,22,1,False,wifi,120.3,4,22.9,False,False,act,True,0.8476
sess_00720,usr_1132,widget,20,1,False,wifi,119.1,3,48.9,True,False,act,True,0.8197
sess_00721,usr_2277,push_notification,13,6,True,cellular,185.4,2,14.8,False,True,act,False,0.4925
sess_00722,usr_0042,push_notification,12,4,False,cellular,169.9,2,1.0,True,False,act,True,0.5648
sess_00723,usr_2117,widget,15,0,False,wifi,219.0,2,7.7,False,False,browse,False,0.3
sess_00724,usr_0783,push_notification,18,0,False,wifi,115.6,1,168.0,True,False,act,False,0.5125
sess_00725,usr_0351,organic,20,6,True,cellular,53.1,4,28.1,False,False,act,True,0.7398
sess_00726,usr_0989,widget,21,2,False,cellular,230.7,1,22.4,True,True,browse,False,0.5451
sess_00727,usr_1665,organic,12,5,True,wifi,246.5,1,3.1,False,True,browse,False,0.5029
sess_00728,usr_2002,widget,11,5,True,cellular,331.2,1,102.9,False,False,browse,True,0.5848
sess_00729,usr_2275,organic,20,3,False,cellular,306.4,2,48.5,False,False,browse,False,0.5161
sess_00730,usr_0985,organic,20,5,True,wifi,390.4,3,3.2,False,False,browse,False,0.565
sess_00731,usr_1951,widget,4,3,False,cellular,103.8,3,15.4,True,False,act,True,0.7442
sess_00732,usr_2011,push_notification,10,5,True,wifi,268.6,2,16.4,False,False,browse,False,0.4988
sess_00733,usr_1836,organic,2,4,False,wifi,289.5,1,45.7,True,False,browse,False,0.4431
sess_00734,usr_0071,organic,18,1,False,wifi,249.8,1,10.3,False,False,browse,True,0.7885
sess_00735,usr_0382,push_notification,19,3,False,wifi,72.7,3,9.6,False,False,act,True,0.6674
sess_00736,usr_1206,organic,9,6,True,wifi,195.4,3,47.9,False,False,browse,False,0.5122
sess_00737,usr_0908,organic,10,0,False,wifi,184.8,3,0.4,False,False,act,True,0.9083
sess_00738,usr_1657,widget,17,2,False,wifi,165.7,2,8.1,False,False,act,True,0.8006
sess_00739,usr_0997,widget,23,1,False,cellular,308.0,1,3.6,True,True,browse,False,0.2812
sess_00740,usr_1255,push_notification,4,3,False,cellular,152.4,2,3.0,True,False,act,True,0.7839
sess_00741,usr_2383,widget,21,1,False,cellular,174.1,2,141.1,False,False,act,True,0.8416
sess_00742,usr_1512,push_notification,15,1,False,wifi,170.7,1,35.2,False,False,browse,False,0.5364
sess_00743,usr_1939,widget,12,5,True,wifi,265.5,1,11.9,True,True,browse,True,0.8098
sess_00744,usr_2268,push_notification,13,5,True,wifi,116.1,2,5.1,False,False,act,True,0.8545
sess_00745,usr_2175,organic,7,2,False,cellular,284.7,1,6.9,False,False,browse,False,0.3081
sess_00746,usr_1409,push_notification,22,2,False,wifi,249.0,1,39.5,False,False,browse,False,0.2431
sess_00747,usr_1743,push_notification,11,3,False,wifi,88.5,4,2.9,False,False,act,True,0.6721
sess_00748,usr_2255,push_notification,13,2,False,cellular,311.8,1,52.0,False,False,browse,False,0.5098
sess_00749,usr_1355,organic,16,4,False,cellular,269.0,1,1.9,False,False,browse,False,0.461
sess_00750,usr_1442,organic,10,0,False,cellular,294.1,4,7.8,True,False,browse,False,0.5186
sess_00751,usr_1859,widget,16,4,False,cellular,176.1,2,36.7,True,False,act,True,0.858
sess_00752,usr_1110,organic,17,2,False,wifi,155.6,4,1.7,True,False,browse,False,0.2416
sess_00753,usr_1256,organic,10,2,False,wifi,246.9,1,17.7,False,False,browse,True,0.8753
sess_00754,usr_1030,organic,7,1,False,wifi,125.0,4,5.3,False,True,act,True,0.8549
sess_00755,usr_0945,organic,18,0,False,wifi,119.0,2,5.9,False,False,act,True,0.8565
sess_00756,usr_0495,organic,11,4,False,cellular,258.4,3,51.2,True,False,browse,False,0.509
sess_00757,usr_0789,widget,6,2,False,cellular,146.6,4,9.6,False,False,act,True,0.849
sess_00758,usr_1293,organic,14,3,False,wifi,234.2,1,42.3,True,False,browse,False,0.526
sess_00759,usr_0490,push_notification,17,2,False,cellular,155.9,1,9.7,True,False,act,True,0.8464
sess_00760,usr_2195,push_notification,20,3,False,cellular,143.6,2,1.3,False,False,act,True,0.654
sess_00761,usr_0759,push_notification,16,1,False,cellular,184.6,1,20.0,False,False,browse,False,0.4925
sess_00762,usr_0785,push_notification,19,4,False,wifi,369.2,4,38.0,False,False,browse,False,0.2601
sess_00763,usr_0887,widget,15,6,True,wifi,292.4,1,52.4,False,False,browse,False,0.3431
sess_00764,usr_1984,organic,7,6,True,wifi,332.6,1,10.2,False,False,browse,False,0.2864
sess_00765,usr_1133,push_notification,7,4,False,wifi,202.9,2,8.7,False,False,browse,False,0.4894
sess_00766,usr_2415,organic,15,2,False,wifi,323.0,1,95.9,False,False,browse,False,0.4942
sess_00767,usr_2149,push_notification,6,5,True,wifi,151.9,2,5.9,True,False,act,True,0.5534
sess_00768,usr_2445,push_notification,21,3,False,cellular,42.3,2,11.5,False,True,act,True,0.8293
sess_00769,usr_1160,organic,11,6,True,cellular,249.0,2,28.3,False,False,browse,False,0.3864
sess_00770,usr_0412,organic,12,5,True,cellular,295.0,4,15.4,False,False,browse,False,0.5138
sess_00771,usr_0796,widget,19,1,False,wifi,408.8,2,10.9,True,False,browse,False,0.2788
sess_00772,usr_1214,organic,13,5,True,wifi,281.0,2,41.4,False,True,browse,False,0.2708
sess_00773,usr_0932,widget,13,4,False,cellular,206.1,2,2.1,False,False,browse,False,0.3456
sess_00774,usr_1479,push_notification,7,0,False,wifi,107.6,4,2.8,True,False,act,True,0.6324
sess_00775,usr_0735,push_notification,6,5,True,cellular,156.0,2,2.6,False,False,act,True,0.9034
sess_00776,usr_1239,push_notification,7,6,True,wifi,377.2,1,2.7,False,False,browse,True,0.8193
sess_00777,usr_0058,push_notification,7,4,False,cellular,76.2,3,4.5,True,False,act,True,0.8027
sess_00778,usr_2188,push_notification,8,4,False,cellular,302.8,4,24.4,False,False,browse,False,0.5496
sess_00779,usr_0519,widget,8,6,True,wifi,199.4,1,13.5,False,False,browse,False,0.3835
sess_00780,usr_1124,organic,16,2,False,wifi,444.8,1,4.8,False,False,browse,False,0.5378
sess_00781,usr_0187,widget,4,4,False,wifi,347.7,2,20.2,True,False,browse,False,0.5607
sess_00782,usr_0224,organic,0,5,True,cellular,182.6,5,24.7,False,False,act,False,0.2771
sess_00783,usr_2267,widget,15,2,False,wifi,229.3,1,6.8,False,False,browse,False,0.3237
sess_00784,usr_1197,widget,11,6,True,wifi,252.8,3,22.2,True,False,browse,False,0.3652
sess_00785,usr_0518,push_notification,17,0,False,wifi,340.0,1,18.1,False,True,browse,False,0.3157
sess_00786,usr_2011,organic,7,5,True,wifi,96.9,4,50.0,False,False,act,False,0.4421
sess_00787,usr_0421,organic,23,2,False,cellular,121.6,1,0.6,True,False,browse,True,0.7804
sess_00788,usr_0051,organic,20,0,False,wifi,79.0,1,4.6,False,False,act,True,0.7841
sess_00789,usr_2352,widget,7,2,False,cellular,224.8,1,92.2,False,False,browse,False,0.2986
sess_00790,usr_1165,widget,20,6,True,cellular,101.0,2,26.2,False,False,act,False,0.4222
sess_00791,usr_1923,push_notification,16,6,True,cellular,198.5,3,1.0,False,False,browse,False,0.2534
sess_00792,usr_1961,organic,6,5,True,wifi,135.4,3,97.6,False,True,act,False,0.5777
sess_00793,usr_1805,widget,20,6,True,cellular,295.8,1,35.0,False,False,browse,False,0.5614
sess_00794,usr_1396,widget,13,0,False,wifi,153.7,1,11.3,True,True,act,True,0.8128
sess_00795,usr_0756,organic,7,4,False,cellular,345.6,1,22.3,False,True,browse,True,0.6463
sess_00796,usr_0211,organic,7,0,False,wifi,263.9,3,42.7,False,False,browse,False,0.4852
sess_00797,usr_1035,widget,6,6,True,wifi,129.6,3,45.9,False,False,act,True,0.7973
sess_00798,usr_1957,organic,20,2,False,wifi,245.2,3,24.5,False,False,browse,False,0.5048
sess_00799,usr_0468,widget,8,6,True,cellular,456.7,1,18.8,False,False,browse,False,0.4581
sess_00800,usr_0268,push_notification,8,0,False,wifi,88.6,2,1.3,False,False,act,True,0.6673
sess_00801,usr_1642,push_notification,2,5,True,wifi,375.2,2,111.9,True,False,browse,False,0.5274
sess_00802,usr_2015,push_notification,20,1,False,wifi,351.8,1,7.7,True,False,browse,True,0.558
sess_00803,usr_0304,push_notification,13,1,False,cellular,278.6,1,11.9,False,False,browse,False,0.3694
sess_00804,usr_2364,push_notification,17,2,False,wifi,36.7,3,16.0,True,False,act,True,0.5767
sess_00805,usr_0220,widget,3,4,False,wifi,288.3,1,21.4,False,False,browse,True,0.7457
sess_00806,usr_0622,organic,18,2,False,wifi,193.8,1,5.5,False,False,browse,False,0.3038
sess_00807,usr_0612,organic,13,5,True,wifi,168.4,2,2.4,False,True,browse,True,0.8214
sess_00808,usr_2306,push_notification,16,1,False,cellular,110.2,4,55.9,False,False,act,True,0.555
sess_00809,usr_1245,widget,20,4,False,cellular,73.1,1,41.2,True,False,act,True,0.8743
sess_00810,usr_0349,push_notification,15,2,False,cellular,122.7,2,47.4,False,True,act,True,0.7776
sess_00811,usr_1017,push_notification,14,3,False,wifi,87.0,2,13.7,True,False,act,True,0.698
sess_00812,usr_0486,push_notification,7,3,False,cellular,93.9,3,17.1,True,False,act,True,0.8652
sess_00813,usr_2286,organic,18,5,True,wifi,132.6,2,25.2,False,False,browse,True,0.8329
sess_00814,usr_1705,organic,7,5,True,cellular,107.0,3,18.1,False,True,act,True,0.8851
sess_00815,usr_2484,organic,23,3,False,cellular,341.0,1,30.3,True,True,browse,False,0.2869
sess_00816,usr_2442,organic,6,4,False,wifi,329.2,1,14.1,True,False,browse,False,0.2883
sess_00817,usr_0925,organic,11,4,False,wifi,278.2,4,8.5,False,False,browse,False,0.4623
sess_00818,usr_2141,push_notification,18,5,True,wifi,70.9,1,21.0,False,False,act,True,0.8435
sess_00819,usr_1559,organic,12,0,False,wifi,306.5,1,4.5,True,True,browse,False,0.5643
sess_00820,usr_1846,organic,14,1,False,cellular,166.1,3,5.4,False,True,act,True,0.8211
sess_00821,usr_1814,organic,10,0,False,wifi,425.2,1,16.1,False,False,browse,False,0.4951
sess_00822,usr_1218,widget,18,2,False,wifi,235.2,1,18.5,True,False,browse,False,0.3172
sess_00823,usr_2411,push_notification,8,2,False,wifi,306.8,1,32.7,True,False,browse,False,0.3331
sess_00824,usr_1757,organic,14,2,False,wifi,441.6,1,1.7,False,False,browse,True,0.7622
sess_00825,usr_1251,organic,22,5,True,wifi,239.2,1,27.0,False,False,browse,False,0.5854
sess_00826,usr_2330,widget,1,4,False,cellular,393.0,5,17.3,False,True,browse,False,0.3572
sess_00827,usr_0247,organic,12,6,True,wifi,364.4,2,163.8,False,False,browse,False,0.4655
sess_00828,usr_2498,push_notification,20,1,False,cellular,268.2,2,13.4,True,False,browse,False,0.4617
sess_00829,usr_0407,push_notification,18,4,False,cellular,173.1,3,12.9,False,False,act,False,0.4844
sess_00830,usr_0852,push_notification,12,4,False,wifi,181.8,1,13.1,False,False,browse,False,0.2839
sess_00831,usr_0865,organic,17,6,True,wifi,188.0,1,5.0,False,False,browse,True,0.8424
sess_00832,usr_1084,widget,17,3,False,cellular,214.3,3,5.2,True,False,browse,False,0.2493
sess_00833,usr_0333,organic,18,0,False,wifi,356.9,2,5.3,False,False,browse,False,0.3408
sess_00834,usr_0644,push_notification,16,2,False,cellular,120.6,2,2.7,False,True,act,True,0.6331
sess_00835,usr_0983,push_notification,18,2,False,cellular,125.0,1,13.1,False,False,act,True,0.8385
sess_00836,usr_0712,organic,14,5,True,wifi,256.6,2,3.9,False,False,browse,True,0.5389
sess_00837,usr_2261,organic,15,0,False,cellular,341.0,1,63.6,False,False,browse,False,0.3658
sess_00838,usr_0308,organic,5,3,False,wifi,254.0,1,18.3,True,False,browse,True,0.5355
sess_00839,usr_0642,push_notification,20,1,False,wifi,104.3,3,2.9,True,False,act,True,0.8482
sess_00840,usr_0011,organic,18,4,False,cellular,288.5,1,10.8,False,False,browse,False,0.5469
sess_00841,usr_1674,widget,9,2,False,wifi,396.7,1,5.9,True,False,browse,False,0.3086
sess_00842,usr_1846,organic,18,0,False,cellular,103.5,3,5.9,False,False,act,True,0.6076
sess_00843,usr_2433,organic,17,5,True,wifi,168.4,1,43.9,False,True,browse,False,0.287
sess_00844,usr_1925,push_notification,3,6,True,wifi,169.4,2,16.7,True,False,act,True,0.7948
sess_00845,usr_1193,widget,18,5,True,cellular,134.7,2,75.9,False,False,act,True,0.5982
sess_00846,usr_0134,widget,19,4,False,cellular,255.2,1,36.6,True,False,browse,False,0.3451
sess_00847,usr_0949,widget,12,6,True,wifi,174.5,3,103.1,False,False,act,True,0.7564
sess_00848,usr_1181,organic,1,0,False,wifi,306.7,4,11.7,False,False,browse,False,0.5902
sess_00849,usr_1159,organic,16,0,False,wifi,289.9,1,8.7,False,False,browse,False,0.4919
sess_00850,usr_1860,push_notification,7,4,False,wifi,124.8,2,11.7,True,False,act,False,0.5653
sess_00851,usr_0292,organic,7,3,False,cellular,191.0,1,7.3,False,False,browse,True,0.6108
sess_00852,usr_0957,organic,13,0,False,wifi,155.8,1,168.0,False,False,browse,False,0.5012
sess_00853,usr_1084,organic,21,4,False,cellular,140.0,3,0.6,False,False,act,True,0.8761
sess_00854,usr_2416,push_notification,13,0,False,cellular,341.3,2,16.1,True,False,browse,False,0.4401
sess_00855,usr_0811,organic,6,0,False,wifi,285.4,3,2.6,False,False,browse,False,0.4822
sess_00856,usr_1742,push_notification,20,4,False,cellular,127.1,2,14.2,False,False,act,True,0.6313
sess_00857,usr_0471,organic,21,4,False,wifi,312.2,1,8.4,False,False,browse,False,0.5499
sess_00858,usr_2231,widget,11,3,False,wifi,189.0,3,21.2,True,False,act,True,0.8319
sess_00859,usr_0921,organic,20,2,False,wifi,123.5,1,7.6,True,False,act,True,0.8311
sess_00860,usr_0611,widget,8,3,False,wifi,238.4,3,85.3,False,False,browse,False,0.5846
sess_00861,usr_1089,push_notification,18,1,False,wifi,112.6,2,48.7,True,False,act,False,0.5518
sess_00862,usr_0583,widget,8,1,False,cellular,157.3,2,8.1,True,False,act,True,0.6811
sess_00863,usr_0293,push_notification,16,4,False,wifi,370.2,1,8.7,True,False,browse,False,0.3426
sess_00864,usr_0245,organic,9,2,False,cellular,90.0,1,6.0,True,False,act,True,0.82
sess_00865,usr_0680,widget,17,5,True,wifi,374.3,1,9.0,False,False,browse,False,0.3388
sess_00866,usr_1260,push_notification,10,6,True,wifi,158.2,5,21.3,False,False,browse,False,0.5098
sess_00867,usr_2438,organic,15,0,False,wifi,174.9,3,15.2,False,False,browse,False,0.4563
sess_00868,usr_2332,organic,0,2,False,wifi,250.7,3,16.2,False,False,browse,False,0.4858
sess_00869,usr_1183,widget,12,1,False,wifi,229.1,3,3.9,False,False,browse,False,0.2487
sess_00870,usr_1799,push_notification,16,4,False,wifi,131.9,3,2.4,False,False,act,False,0.5091
sess_00871,usr_0510,widget,21,4,False,wifi,323.1,4,3.6,False,False,browse,True,0.6216
sess_00872,usr_1920,push_notification,6,6,True,wifi,524.9,3,32.6,True,False,browse,False,0.4687
sess_00873,usr_1246,organic,10,6,True,wifi,189.4,1,14.0,False,False,browse,False,0.2776
sess_00874,usr_1649,organic,12,0,False,wifi,211.2,1,28.8,False,False,browse,True,0.5384
sess_00875,usr_1116,widget,21,5,True,wifi,300.9,1,11.7,True,False,browse,False,0.3382
sess_00876,usr_2050,organic,6,6,True,wifi,385.0,3,12.5,False,False,browse,False,0.2456
sess_00877,usr_2212,push_notification,11,2,False,wifi,342.7,1,3.5,True,False,browse,False,0.265
sess_00878,usr_2023,organic,18,2,False,wifi,295.8,1,21.8,True,False,browse,True,0.584
sess_00879,usr_1794,organic,8,0,False,wifi,138.1,3,13.1,True,False,browse,False,0.4914
sess_00880,usr_0330,push_notification,8,1,False,wifi,411.5,3,25.5,False,True,browse,True,0.563
sess_00881,usr_2450,organic,15,3,False,wifi,195.5,2,6.9,False,False,browse,True,0.8376
sess_00882,usr_0164,widget,17,5,True,cellular,92.6,2,3.3,False,False,act,True,0.8512
sess_00883,usr_1770,organic,21,2,False,wifi,345.8,1,47.8,True,False,browse,False,0.5525
sess_00884,usr_1321,organic,12,1,False,cellular,227.8,1,12.0,True,False,browse,False,0.3469
sess_00885,usr_2473,widget,13,4,False,wifi,168.4,2,5.7,True,False,browse,False,0.2628
sess_00886,usr_1026,organic,20,0,False,cellular,337.0,1,7.7,True,False,browse,False,0.2974
sess_00887,usr_0106,organic,9,6,True,cellular,294.1,4,47.0,True,False,browse,False,0.5263
sess_00888,usr_0375,organic,20,3,False,wifi,73.8,4,21.3,True,True,act,True,0.7851
sess_00889,usr_0938,push_notification,23,6,True,wifi,354.1,3,80.8,False,False,browse,False,0.3752
sess_00890,usr_2357,organic,6,0,False,wifi,320.0,3,18.2,False,False,browse,False,0.5135
sess_00891,usr_2405,push_notification,21,4,False,wifi,54.9,3,6.1,True,False,act,True,0.8241
sess_00892,usr_0085,push_notification,17,1,False,cellular,302.3,1,52.0,True,False,browse,False,0.5115
sess_00893,usr_1104,widget,22,4,False,wifi,264.7,1,13.8,True,False,browse,False,0.3105
sess_00894,usr_2361,organic,15,4,False,wifi,96.0,3,16.9,False,False,act,True,0.893
sess_00895,usr_0165,organic,13,6,True,wifi,225.9,2,127.7,False,False,browse,False,0.5775
sess_00896,usr_0718,organic,17,5,True,wifi,340.2,4,13.6,False,False,browse,False,0.3014
sess_00897,usr_1928,organic,9,3,False,cellular,239.2,3,2.1,True,False,browse,False,0.2824
sess_00898,usr_2126,organic,11,6,True,wifi,109.7,2,17.5,False,False,act,True,0.6839
sess_00899,usr_1812,organic,21,5,True,wifi,220.6,1,8.7,False,False,browse,True,0.6084
sess_00900,usr_1140,push_notification,17,1,False,wifi,274.4,1,62.3,False,False,browse,False,0.3063
sess_00901,usr_0744,organic,6,1,False,wifi,285.7,1,12.6,True,True,browse,True,0.8369
sess_00902,usr_2398,push_notification,13,5,True,wifi,93.0,3,17.8,False,False,act,True,0.645
sess_00903,usr_1786,widget,9,2,False,wifi,115.2,2,76.8,False,False,browse,True,0.7624
sess_00904,usr_2015,organic,20,5,True,wifi,135.0,2,17.3,False,False,act,True,0.5975
sess_00905,usr_0374,organic,18,2,False,wifi,354.6,2,78.9,False,False,browse,False,0.3477
sess_00906,usr_1926,organic,9,1,False,wifi,151.7,1,27.5,False,False,browse,False,0.4508
sess_00907,usr_1426,push_notification,15,1,False,wifi,255.4,1,24.0,False,False,browse,False,0.3069
sess_00908,usr_1673,organic,21,1,False,wifi,377.8,1,12.8,False,False,browse,False,0.272
sess_00909,usr_1366,push_notification,6,5,True,cellular,162.8,2,6.3,False,False,act,True,0.6322
sess_00910,usr_1316,widget,21,2,False,wifi,240.0,2,19.9,True,False,browse,False,0.2573
sess_00911,usr_0429,push_notification,21,5,True,wifi,103.4,3,2.3,False,False,act,True,0.7556
sess_00912,usr_0659,push_notification,7,2,False,wifi,263.4,5,7.7,False,False,browse,False,0.5146
sess_00913,usr_1351,push_notification,9,1,False,wifi,278.3,1,60.8,False,False,browse,False,0.2708
sess_00914,usr_1687,organic,20,2,False,wifi,297.1,2,16.8,False,False,browse,False,0.4401
sess_00915,usr_2030,push_notification,18,4,False,wifi,204.2,2,17.2,True,False,browse,False,0.214
sess_00916,usr_1181,organic,11,2,False,cellular,297.3,1,1.5,False,False,browse,False,0.2393
sess_00917,usr_1641,widget,17,3,False,wifi,124.8,2,3.1,True,False,act,True,0.8351
sess_00918,usr_2254,push_notification,9,2,False,cellular,76.5,3,12.7,True,False,act,True,0.7954
sess_00919,usr_0151,organic,6,2,False,cellular,238.9,2,7.2,True,False,browse,False,0.5303
sess_00920,usr_1863,organic,21,2,False,wifi,133.6,1,28.7,False,False,browse,False,0.4642
sess_00921,usr_0361,push_notification,18,4,False,wifi,316.5,1,4.9,False,True,browse,False,0.3685
sess_00922,usr_1289,push_notification,10,1,False,wifi,98.2,2,8.0,False,False,act,False,0.4928
sess_00923,usr_1034,widget,16,3,False,wifi,201.3,1,13.1,False,False,browse,True,0.6109
sess_00924,usr_1325,organic,19,3,False,cellular,167.2,3,18.0,False,False,act,True,0.8626
sess_00925,usr_0475,widget,10,2,False,wifi,68.7,2,62.5,False,True,act,False,0.5113
sess_00926,usr_1656,organic,21,2,False,wifi,189.2,1,93.3,False,False,browse,False,0.3738
sess_00927,usr_2108,organic,8,2,False,wifi,215.4,1,52.6,False,False,browse,False,0.4537
sess_00928,usr_0005,widget,18,6,True,wifi,220.6,3,14.8,True,False,browse,False,0.5179
sess_00929,usr_2223,push_notification,14,1,False,cellular,128.7,3,14.1,False,False,act,False,0.5284
sess_00930,usr_1893,push_notification,16,1,False,wifi,179.0,3,58.6,True,True,browse,False,0.2853
sess_00931,usr_1693,push_notification,15,4,False,wifi,56.2,4,0.9,False,False,act,True,0.6499
sess_00932,usr_0223,push_notification,16,6,True,wifi,245.6,2,23.3,False,False,browse,False,0.3096
sess_00933,usr_0769,widget,11,0,False,cellular,62.2,3,16.0,True,False,act,True,0.7606
sess_00934,usr_2124,push_notification,22,5,True,cellular,347.4,1,4.1,False,False,browse,False,0.5015
sess_00935,usr_1482,organic,18,0,False,wifi,169.4,2,1.1,False,False,browse,True,0.796
sess_00936,usr_2042,push_notification,13,5,True,wifi,287.2,1,10.1,False,False,browse,False,0.5044
sess_00937,usr_1811,organic,14,5,True,wifi,247.3,1,11.1,False,False,browse,True,0.8378
sess_00938,usr_0212,organic,14,2,False,wifi,326.6,1,168.0,True,False,browse,False,0.484
sess_00939,usr_0834,widget,18,6,True,cellular,99.4,4,16.8,True,False,act,True,0.8242
sess_00940,usr_1094,organic,21,6,True,cellular,188.4,5,13.2,False,True,browse,False,0.3252
sess_00941,usr_2250,push_notification,20,2,False,cellular,76.4,3,12.0,False,False,act,True,0.8029
sess_00942,usr_0537,organic,9,5,True,cellular,449.0,4,5.8,False,False,browse,False,0.5459
sess_00943,usr_1180,push_notification,9,4,False,wifi,379.7,2,0.9,False,False,browse,False,0.549
sess_00944,usr_1795,organic,11,5,True,wifi,294.5,3,10.9,False,False,browse,False,0.5088
sess_00945,usr_1986,organic,23,1,False,wifi,355.7,2,9.9,False,False,browse,False,0.5175
sess_00946,usr_0498,widget,18,2,False,wifi,42.5,2,12.2,False,False,act,True,0.8425
sess_00947,usr_0119,widget,18,4,False,cellular,318.0,3,83.7,False,False,browse,True,0.7682
sess_00948,usr_2494,push_notification,15,2,False,wifi,280.9,1,117.6,True,False,browse,False,0.4423
sess_00949,usr_0981,push_notification,13,1,False,wifi,106.8,1,71.3,False,True,act,True,0.7729
sess_00950,usr_0649,widget,13,5,True,cellular,466.7,3,39.3,False,False,browse,False,0.468
sess_00951,usr_1273,widget,23,2,False,wifi,107.5,2,2.6,False,True,act,True,0.85
sess_00952,usr_2257,widget,22,2,False,cellular,472.1,2,23.1,False,False,browse,False,0.5992
sess_00953,usr_0057,push_notification,11,4,False,cellular,156.5,2,21.1,True,True,act,True,0.6865
sess_00954,usr_2263,organic,11,2,False,wifi,385.3,2,17.5,True,False,browse,False,0.4908
sess_00955,usr_1672,widget,8,2,False,wifi,316.1,1,53.1,False,False,browse,False,0.3441
sess_00956,usr_0382,widget,22,5,True,wifi,132.1,1,11.3,False,False,browse,True,0.7961
sess_00957,usr_0921,push_notification,4,2,False,cellular,188.7,1,7.1,False,False,act,False,0.2939
sess_00958,usr_0465,organic,22,0,False,wifi,177.8,1,10.8,False,False,browse,False,0.3799
sess_00959,usr_1891,push_notification,23,4,False,wifi,160.6,1,18.8,False,True,act,True,0.8371
sess_00960,usr_0482,widget,13,4,False,wifi,215.7,1,14.0,True,False,browse,False,0.2614
sess_00961,usr_0631,organic,6,0,False,wifi,185.7,1,48.5,False,False,browse,True,0.5392
sess_00962,usr_2042,widget,2,0,False,cellular,127.2,2,25.0,False,True,act,True,0.8531
sess_00963,usr_1196,organic,20,5,True,cellular,195.6,2,0.6,False,False,browse,False,0.2783
sess_00964,usr_2085,organic,9,4,False,wifi,261.2,1,25.0,False,False,browse,False,0.5519
sess_00965,usr_1120,organic,22,0,False,cellular,332.4,1,7.1,False,False,browse,False,0.2549
sess_00966,usr_1702,organic,23,6,True,wifi,152.0,1,6.7,False,False,browse,False,0.4406
sess_00967,usr_1977,push_notification,8,5,True,wifi,75.9,3,0.7,False,False,act,True,0.6876
sess_00968,usr_1935,organic,20,1,False,wifi,203.1,1,9.4,True,True,browse,False,0.5017
sess_00969,usr_0999,widget,15,1,False,wifi,156.4,2,21.5,False,False,act,False,0.5503
sess_00970,usr_1871,organic,14,0,False,cellular,249.3,1,14.2,True,False,browse,False,0.5086
sess_00971,usr_2258,push_notification,1,6,True,cellular,389.6,3,25.8,False,False,browse,False,0.4796
sess_00972,usr_0593,organic,20,2,False,wifi,334.8,1,3.5,False,False,browse,True,0.5863
sess_00973,usr_1572,organic,14,3,False,wifi,70.5,3,23.2,True,False,act,True,0.5719
sess_00974,usr_0781,push_notification,21,6,True,wifi,91.2,3,52.4,False,False,act,True,0.7673
sess_00975,usr_2456,organic,17,1,False,wifi,408.2,1,112.7,False,False,browse,False,0.3842
sess_00976,usr_2082,organic,17,5,True,wifi,271.8,1,5.1,False,False,browse,False,0.3051
sess_00977,usr_0560,push_notification,15,1,False,wifi,83.3,4,21.6,False,True,act,True,0.6744
sess_00978,usr_0286,organic,13,4,False,wifi,370.5,1,17.7,False,False,browse,True,0.8702
sess_00979,usr_1132,push_notification,3,2,False,cellular,113.6,1,28.9,False,False,act,False,0.562
sess_00980,usr_1700,widget,10,6,True,cellular,286.6,1,14.7,False,False,browse,False,0.3943
sess_00981,usr_1393,organic,14,3,False,wifi,367.4,1,70.7,True,False,browse,False,0.3906
sess_00982,usr_2080,push_notification,16,1,False,wifi,304.7,1,3.8,True,False,browse,False,0.5289
sess_00983,usr_1095,organic,14,0,False,wifi,158.5,3,5.1,True,False,browse,False,0.5371
sess_00984,usr_0011,organic,13,1,False,wifi,410.1,1,20.7,False,False,browse,False,0.5423
sess_00985,usr_1159,organic,18,1,False,wifi,256.6,3,31.5,False,False,browse,False,0.4823
sess_00986,usr_1223,push_notification,21,0,False,wifi,111.0,3,3.7,False,False,act,False,0.2947
sess_00987,usr_2405,organic,19,0,False,wifi,112.4,2,7.8,False,False,act,True,0.7989
sess_00988,usr_2376,organic,8,3,False,cellular,290.8,1,2.8,True,False,browse,False,0.5606
sess_00989,usr_2006,organic,5,3,False,wifi,300.9,2,10.5,False,False,browse,False,0.325
sess_00990,usr_0609,organic,9,3,False,wifi,116.1,2,15.1,False,True,act,True,0.5663
sess_00991,usr_1830,organic,12,3,False,cellular,222.7,3,4.8,False,False,browse,False,0.519
sess_00992,usr_2207,push_notification,18,4,False,wifi,152.8,2,7.8,True,False,act,True,0.8812
sess_00993,usr_1984,organic,18,1,False,cellular,277.2,1,2.1,True,True,browse,False,0.5197
sess_00994,usr_1414,widget,19,3,False,wifi,206.0,1,6.6,False,False,browse,True,0.6554
sess_00995,usr_1362,push_notification,13,6,True,cellular,119.9,2,91.6,False,True,act,True,0.7967
sess_00996,usr_2261,push_notification,14,3,False,cellular,163.0,4,20.7,False,False,act,True,0.8103
sess_00997,usr_2226,organic,21,4,False,wifi,338.8,1,15.3,False,False,browse,False,0.2251
sess_00998,usr_1546,organic,7,0,False,wifi,148.7,3,49.8,False,False,act,True,0.5599
sess_00999,usr_1866,push_notification,7,6,True,wifi,107.8,1,9.6,True,False,act,False,0.55
sess_01000,usr_1319,push_notification,15,3,False,cellular,296.6,1,43.2,False,False,browse,False,0.5268
sess_01001,usr_0773,push_notification,14,6,True,cellular,125.5,3,14.3,True,False,act,True,0.7934
sess_01002,usr_0979,organic,5,0,False,wifi,100.1,3,24.3,False,False,act,True,0.8304
sess_01003,usr_2343,push_notification,14,6,True,cellular,154.9,3,40.4,False,False,act,True,0.5938
sess_01004,usr_1569,organic,7,5,True,wifi,224.1,1,93.6,False,False,browse,False,0.5884
sess_01005,usr_0957,organic,9,0,False,cellular,274.5,1,21.3,False,False,browse,False,0.3303
sess_01006,usr_1683,organic,23,3,False,wifi,365.3,1,4.5,False,False,browse,True,0.5382
sess_01007,usr_0179,organic,18,6,True,wifi,233.7,1,21.0,False,True,browse,False,0.3755
sess_01008,usr_1304,organic,6,5,True,cellular,350.7,2,0.5,True,False,browse,True,0.5933
sess_01009,usr_1938,widget,15,1,False,wifi,252.0,4,9.3,False,False,browse,True,0.7275
sess_01010,usr_1562,widget,8,6,True,cellular,347.0,1,11.2,True,False,browse,True,0.8728
sess_01011,usr_1582,widget,8,3,False,wifi,248.4,4,3.7,True,False,browse,False,0.3284
sess_01012,usr_0624,push_notification,18,4,False,wifi,98.3,1,167.6,True,False,act,True,0.622
sess_01013,usr_2029,organic,13,6,True,wifi,241.7,1,3.3,True,False,browse,True,0.8308
sess_01014,usr_0152,widget,17,5,True,wifi,164.4,3,44.3,True,False,act,True,0.8771
sess_01015,usr_0518,organic,6,4,False,cellular,125.5,1,4.5,True,False,browse,False,0.5038
sess_01016,usr_2058,organic,14,0,False,wifi,307.8,1,9.1,False,False,browse,True,0.6694
sess_01017,usr_2418,organic,3,0,False,cellular,207.2,1,1.2,True,False,browse,False,0.226
sess_01018,usr_1360,organic,6,5,True,wifi,298.3,1,27.0,False,False,browse,False,0.5204
sess_01019,usr_0412,push_notification,1,1,False,cellular,335.9,1,4.2,False,True,browse,False,0.5191
sess_01020,usr_1804,widget,18,0,False,wifi,147.7,3,2.9,True,False,act,True,0.8907
sess_01021,usr_0409,organic,15,5,True,cellular,259.2,1,8.0,False,False,browse,False,0.4739
sess_01022,usr_2155,push_notification,16,5,True,wifi,152.6,2,44.2,True,False,act,True,0.6027
sess_01023,usr_1872,organic,5,3,False,cellular,154.6,2,11.0,True,False,act,True,0.6617
sess_01024,usr_0063,organic,16,5,True,cellular,462.6,1,3.7,True,False,browse,False,0.3176
sess_01025,usr_0591,push_notification,20,0,False,wifi,279.9,2,12.2,False,False,browse,False,0.3558
sess_01026,usr_1680,widget,16,1,False,cellular,127.0,5,5.5,False,True,act,True,0.8097
sess_01027,usr_0633,organic,19,0,False,cellular,119.6,2,21.0,False,False,browse,False,0.4807
sess_01028,usr_0307,organic,20,6,True,wifi,393.7,1,3.6,False,False,browse,False,0.2557
sess_01029,usr_1924,widget,14,5,True,cellular,299.4,2,1.4,False,False,browse,True,0.8817
sess_01030,usr_1086,organic,23,5,True,wifi,227.0,1,16.5,False,True,browse,False,0.5219
sess_01031,usr_1387,push_notification,19,2,False,wifi,113.8,2,23.1,False,False,act,False,0.3668
sess_01032,usr_1629,organic,19,6,True,wifi,351.7,1,13.1,True,False,browse,False,0.461
sess_01033,usr_0329,widget,20,2,False,wifi,288.6,1,17.7,True,False,browse,False,0.3085
sess_01034,usr_1346,widget,14,3,False,wifi,408.2,1,47.1,False,False,browse,False,0.5158
sess_01035,usr_2186,widget,19,1,False,wifi,227.8,2,26.2,False,False,browse,False,0.5221
sess_01036,usr_1557,organic,23,2,False,cellular,299.4,2,1.5,False,False,browse,False,0.5248
sess_01037,usr_1298,widget,14,4,False,wifi,274.3,1,7.9,False,True,browse,False,0.5408
sess_01038,usr_1999,widget,20,2,False,cellular,58.6,2,5.5,True,False,act,True,0.901
sess_01039,usr_2217,organic,17,1,False,wifi,268.2,4,43.0,False,True,browse,False,0.3104
sess_01040,usr_0148,organic,11,5,True,cellular,143.3,3,9.0,False,True,act,False,0.541
sess_01041,usr_0281,widget,18,3,False,wifi,158.4,1,2.5,False,False,act,True,0.6095
sess_01042,usr_0962,organic,7,5,True,cellular,98.6,4,13.8,False,True,act,True,0.6275
sess_01043,usr_1178,organic,13,5,True,cellular,255.3,2,20.6,False,False,browse,True,0.7734
sess_01044,usr_0932,organic,17,4,False,wifi,213.4,3,34.2,True,False,browse,False,0.3289
sess_01045,usr_0371,push_notification,3,0,False,wifi,177.2,2,108.3,False,False,browse,False,0.5721
sess_01046,usr_1778,widget,18,5,True,cellular,190.0,1,21.3,False,False,browse,False,0.3961
sess_01047,usr_0404,widget,3,4,False,cellular,228.3,1,17.3,True,False,browse,False,0.3277
sess_01048,usr_0412,organic,19,4,False,wifi,182.7,1,6.2,False,True,browse,False,0.499
sess_01049,usr_1818,push_notification,20,2,False,cellular,142.6,3,81.4,True,False,act,True,0.8516
sess_01050,usr_0682,organic,20,6,True,cellular,103.8,3,9.3,True,False,act,True,0.5845
sess_01051,usr_1227,organic,14,4,False,cellular,60.6,1,9.6,False,False,act,True,0.8282
sess_01052,usr_0119,organic,13,1,False,wifi,101.6,5,30.8,False,True,act,True,0.7959
sess_01053,usr_0189,organic,20,5,True,cellular,267.8,1,2.8,False,False,browse,False,0.58
sess_01054,usr_1329,push_notification,12,4,False,wifi,173.3,4,3.4,False,False,act,True,0.585
sess_01055,usr_0230,widget,6,3,False,wifi,286.5,2,11.9,False,False,browse,False,0.5158
sess_01056,usr_1202,push_notification,16,3,False,wifi,232.5,4,1.9,False,False,browse,False,0.262
sess_01057,usr_1469,push_notification,11,2,False,cellular,274.7,5,11.7,False,True,browse,False,0.3343
sess_01058,usr_1536,organic,7,5,True,wifi,147.3,4,17.9,True,False,browse,True,0.7757
sess_01059,usr_1765,widget,14,1,False,cellular,413.8,1,6.1,True,False,browse,False,0.301
sess_01060,usr_0597,organic,13,1,False,wifi,372.4,3,10.7,False,False,browse,False,0.5293
sess_01061,usr_1001,widget,19,5,True,wifi,121.5,3,4.7,False,False,act,True,0.6869
sess_01062,usr_2176,widget,18,4,False,wifi,276.4,1,5.2,False,False,browse,False,0.2785
sess_01063,usr_1688,organic,22,6,True,cellular,208.9,2,9.4,False,True,browse,True,0.5605
sess_01064,usr_2319,push_notification,20,0,False,wifi,83.2,3,1.9,True,False,act,True,0.8068
sess_01065,usr_0738,organic,19,0,False,cellular,332.1,1,61.2,False,False,browse,True,0.7637
sess_01066,usr_0697,push_notification,18,2,False,wifi,124.1,3,11.4,False,False,act,False,0.5064
sess_01067,usr_0718,organic,12,3,False,cellular,215.6,3,4.6,False,False,browse,False,0.346
sess_01068,usr_0324,organic,20,2,False,wifi,240.1,1,1.5,True,False,browse,False,0.4833
sess_01069,usr_2497,widget,18,2,False,cellular,238.1,4,2.3,True,False,browse,False,0.2644
sess_01070,usr_1567,organic,12,6,True,wifi,285.8,4,40.2,False,False,browse,False,0.4333
sess_01071,usr_0987,organic,21,5,True,cellular,317.3,3,10.9,True,False,browse,False,0.2718
sess_01072,usr_2039,push_notification,21,3,False,wifi,201.6,2,2.1,True,True,act,True,0.8241
sess_01073,usr_2389,widget,23,1,False,wifi,392.0,2,15.1,True,False,browse,False,0.5922
sess_01074,usr_0587,push_notification,3,5,True,wifi,245.4,2,5.2,False,False,browse,False,0.29
sess_01075,usr_0952,widget,18,3,False,wifi,82.0,3,7.5,False,False,act,True,0.8143
sess_01076,usr_1889,organic,16,5,True,wifi,116.5,5,0.4,True,False,act,False,0.552
sess_01077,usr_1041,organic,21,1,False,wifi,151.1,1,9.8,False,False,browse,False,0.2582
sess_01078,usr_1883,organic,22,1,False,cellular,347.2,2,1.8,True,False,browse,False,0.4426
sess_01079,usr_1046,push_notification,5,5,True,wifi,87.2,3,47.1,True,False,act,True,0.81
sess_01080,usr_0039,widget,12,0,False,cellular,301.2,2,10.3,False,True,browse,False,0.3761
sess_01081,usr_1906,organic,19,1,False,cellular,288.2,3,7.6,True,False,browse,False,0.268
sess_01082,usr_1179,organic,13,1,False,cellular,259.4,3,7.9,False,False,browse,False,0.5227
sess_01083,usr_2239,push_notification,1,3,False,wifi,303.3,1,9.7,True,True,browse,False,0.3738
sess_01084,usr_0648,widget,12,4,False,wifi,103.1,5,3.3,True,False,act,True,0.8242
sess_01085,usr_0303,organic,15,2,False,cellular,326.6,3,12.5,False,True,browse,False,0.5099
sess_01086,usr_1810,push_notification,18,1,False,wifi,248.4,1,2.9,True,False,browse,False,0.2741
sess_01087,usr_1416,push_notification,7,3,False,wifi,233.7,2,98.5,False,False,act,True,0.7749
sess_01088,usr_2407,push_notification,14,3,False,wifi,109.6,2,21.8,False,False,act,True,0.8665
sess_01089,usr_1226,push_notification,8,6,True,wifi,356.8,2,59.0,False,False,browse,False,0.505
sess_01090,usr_1738,push_notification,15,0,False,cellular,290.3,2,51.3,False,False,browse,False,0.3807
sess_01091,usr_1025,push_notification,6,1,False,wifi,211.7,3,21.6,True,False,browse,False,0.5242
sess_01092,usr_1872,organic,23,1,False,wifi,346.7,1,2.5,True,True,browse,False,0.3827
sess_01093,usr_1238,organic,19,6,True,cellular,141.4,2,1.6,False,False,act,True,0.6149
sess_01094,usr_0816,push_notification,12,2,False,wifi,322.2,1,12.4,False,False,browse,False,0.4563
sess_01095,usr_1576,push_notification,20,1,False,wifi,114.5,4,66.4,False,True,act,True,0.7726
sess_01096,usr_1980,push_notification,14,6,True,wifi,504.0,2,3.1,False,False,browse,False,0.3198
sess_01097,usr_0437,organic,7,2,False,cellular,140.1,2,48.7,False,False,act,True,0.8013
sess_01098,usr_0972,push_notification,12,4,False,cellular,375.5,2,13.6,True,False,browse,False,0.5031
sess_01099,usr_1563,push_notification,8,4,False,wifi,153.3,3,31.1,False,False,act,False,0.4818
sess_01100,usr_2343,widget,7,1,False,cellular,204.2,1,44.3,True,False,browse,False,0.4904
sess_01101,usr_1471,organic,17,4,False,cellular,101.0,2,51.9,False,False,act,True,0.8589
sess_01102,usr_2355,organic,22,1,False,cellular,368.1,1,164.2,False,False,browse,False,0.4615
sess_01103,usr_1212,push_notification,4,3,False,wifi,91.3,1,32.5,True,False,act,True,0.847
sess_01104,usr_1210,push_notification,2,4,False,wifi,82.3,2,18.5,False,True,browse,False,0.5509
sess_01105,usr_0090,widget,12,4,False,cellular,256.3,2,21.4,False,False,browse,True,0.6286
sess_01106,usr_1622,push_notification,20,2,False,cellular,146.2,2,2.8,True,False,act,True,0.6372
sess_01107,usr_1125,organic,17,1,False,wifi,322.2,1,5.3,False,False,browse,False,0.3392
sess_01108,usr_0034,organic,16,3,False,cellular,320.7,2,6.0,False,False,browse,True,0.8166
sess_01109,usr_2319,organic,6,5,True,cellular,135.6,2,52.8,False,False,browse,False,0.5576
sess_01110,usr_0201,organic,20,3,False,cellular,60.7,1,67.0,False,False,act,False,0.5302
sess_01111,usr_2484,push_notification,20,4,False,cellular,230.2,1,23.5,True,False,browse,True,0.7859
sess_01112,usr_2035,push_notification,20,4,False,cellular,168.8,2,20.8,True,False,act,False,0.5228
sess_01113,usr_1173,widget,15,6,True,wifi,370.9,1,4.7,False,False,browse,False,0.2986
sess_01114,usr_0943,push_notification,13,5,True,wifi,57.3,3,3.9,False,True,act,True,0.6638
sess_01115,usr_2487,organic,22,1,False,wifi,213.9,1,15.5,True,False,browse,False,0.4701
sess_01116,usr_1444,organic,12,2,False,cellular,293.3,2,8.3,False,False,browse,True,0.5548
sess_01117,usr_0898,widget,15,3,False,wifi,125.0,1,17.6,False,True,act,False,0.3257
sess_01118,usr_0779,widget,17,3,False,wifi,286.2,2,9.5,False,False,browse,False,0.3559
sess_01119,usr_1027,push_notification,20,0,False,wifi,102.4,3,114.3,False,False,act,True,0.5631
sess_01120,usr_0561,widget,20,2,False,wifi,288.0,4,5.0,True,False,browse,False,0.2599
sess_01121,usr_0398,widget,19,4,False,cellular,213.4,2,41.0,False,False,act,True,0.5834
sess_01122,usr_0162,organic,5,0,False,cellular,308.9,5,43.0,True,False,browse,False,0.5365
sess_01123,usr_1266,widget,3,2,False,wifi,234.5,1,12.5,True,True,browse,False,0.5765
sess_01124,usr_1806,widget,18,1,False,wifi,116.2,1,9.8,False,False,act,True,0.7942
sess_01125,usr_0137,widget,18,3,False,wifi,273.6,2,26.1,True,False,browse,False,0.348
sess_01126,usr_2374,organic,10,1,False,wifi,241.1,2,7.3,False,False,browse,False,0.3641
sess_01127,usr_1495,push_notification,14,4,False,cellular,149.8,2,168.0,True,False,act,False,0.4564
sess_01128,usr_0539,organic,11,5,True,cellular,253.8,1,24.5,False,True,browse,False,0.2909
sess_01129,usr_0370,organic,19,1,False,wifi,363.4,3,1.5,True,True,browse,False,0.5419
sess_01130,usr_1209,widget,17,6,True,wifi,108.9,2,5.8,False,False,act,True,0.6401
sess_01131,usr_1339,widget,11,1,False,cellular,349.2,1,6.6,False,False,browse,False,0.5669
sess_01132,usr_1702,push_notification,8,2,False,cellular,201.7,1,4.4,False,False,browse,False,0.2798
sess_01133,usr_0720,organic,16,5,True,wifi,385.4,1,16.7,False,False,browse,False,0.3096
sess_01134,usr_0823,push_notification,12,3,False,wifi,136.3,2,6.1,True,False,browse,False,0.2541
sess_01135,usr_0542,push_notification,13,2,False,cellular,103.1,1,30.6,False,False,act,False,0.5726
sess_01136,usr_2210,push_notification,18,2,False,cellular,116.1,2,0.8,False,False,act,True,0.7945
sess_01137,usr_1499,widget,19,2,False,wifi,85.0,3,7.2,False,False,act,True,0.9148
sess_01138,usr_2175,organic,18,2,False,cellular,115.9,1,29.4,True,False,act,False,0.5131
sess_01139,usr_2056,organic,9,2,False,wifi,351.5,3,76.4,True,False,browse,False,0.3799
sess_01140,usr_1117,widget,13,0,False,wifi,314.8,2,10.8,False,False,browse,False,0.2833
sess_01141,usr_0674,push_notification,21,2,False,wifi,211.2,1,25.0,False,False,browse,False,0.285
sess_01142,usr_1053,organic,12,2,False,wifi,315.9,1,10.5,False,False,browse,True,0.7721
sess_01143,usr_1974,push_notification,13,2,False,cellular,273.7,1,9.0,False,False,browse,False,0.5478
sess_01144,usr_1209,organic,18,6,True,cellular,415.8,1,20.4,False,False,browse,False,0.4964
sess_01145,usr_1388,widget,14,5,True,wifi,87.2,3,1.3,False,False,act,False,0.3424
sess_01146,usr_0472,organic,8,6,True,cellular,238.3,2,9.7,False,False,browse,False,0.4486
sess_01147,usr_1919,widget,19,5,True,cellular,151.0,1,2.7,False,False,browse,False,0.3114
sess_01148,usr_0309,push_notification,16,6,True,cellular,296.5,2,9.1,False,False,browse,False,0.4776
sess_01149,usr_0577,widget,18,5,True,wifi,402.9,3,12.7,False,False,browse,False,0.2565
sess_01150,usr_0925,push_notification,19,5,True,wifi,203.6,3,9.3,False,False,act,True,0.8116
sess_01151,usr_1628,push_notification,18,4,False,wifi,146.3,3,40.2,True,False,act,True,0.5962
sess_01152,usr_2283,organic,10,5,True,wifi,219.9,3,4.0,False,False,browse,True,0.6827
sess_01153,usr_1499,widget,9,3,False,cellular,101.9,1,46.4,True,False,act,True,0.7715
sess_01154,usr_0370,push_notification,7,4,False,wifi,384.9,3,24.7,False,False,browse,False,0.3367
sess_01155,usr_1617,organic,8,5,True,cellular,285.3,1,18.1,False,False,browse,True,0.6488
sess_01156,usr_0058,organic,12,6,True,wifi,336.0,1,0.7,False,False,browse,False,0.4563
sess_01157,usr_1084,push_notification,10,6,True,cellular,309.5,2,1.5,False,False,browse,False,0.3638
sess_01158,usr_2198,widget,14,1,False,wifi,363.8,1,28.0,False,False,browse,False,0.3489
sess_01159,usr_0507,push_notification,10,1,False,cellular,98.4,2,7.4,False,True,act,True,0.6676
sess_01160,usr_1863,push_notification,12,0,False,wifi,249.4,2,8.4,True,False,browse,False,0.2966
sess_01161,usr_1510,organic,19,0,False,wifi,445.6,1,0.4,False,False,browse,False,0.268
sess_01162,usr_1074,organic,8,0,False,cellular,340.2,1,2.3,True,False,browse,True,0.8132
sess_01163,usr_2395,push_notification,19,6,True,cellular,131.0,2,22.2,False,False,act,False,0.6033
sess_01164,usr_1561,widget,12,3,False,cellular,396.8,1,18.0,False,False,browse,False,0.5085
sess_01165,usr_1522,organic,21,3,False,cellular,381.7,1,14.7,False,False,browse,True,0.6187
sess_01166,usr_0444,organic,20,0,False,cellular,295.4,1,4.0,False,False,browse,False,0.4997
sess_01167,usr_0958,organic,10,3,False,wifi,103.1,2,25.2,False,False,act,False,0.5856
sess_01168,usr_1932,organic,19,0,False,wifi,112.9,2,5.3,False,False,act,False,0.5215
sess_01169,usr_0103,organic,22,1,False,wifi,248.0,2,13.6,False,False,browse,False,0.356
sess_01170,usr_2300,organic,17,6,True,wifi,194.1,2,10.3,True,True,browse,True,0.7704
sess_01171,usr_1344,push_notification,1,5,True,cellular,59.2,4,19.6,False,False,act,True,0.869
sess_01172,usr_2499,widget,18,4,False,cellular,147.8,3,168.0,False,False,act,True,0.6339
sess_01173,usr_0907,push_notification,10,1,False,cellular,265.8,2,1.7,False,False,browse,False,0.4418
sess_01174,usr_0259,push_notification,19,5,True,cellular,300.8,1,3.8,False,False,browse,False,0.3363
sess_01175,usr_1902,organic,20,5,True,wifi,240.9,3,26.4,False,False,browse,False,0.2324
sess_01176,usr_1238,organic,12,4,False,wifi,263.1,1,9.3,False,False,browse,False,0.3236
sess_01177,usr_1673,organic,11,5,True,wifi,359.3,2,27.5,True,True,browse,False,0.2858
sess_01178,usr_0478,widget,11,4,False,wifi,207.0,3,52.0,False,True,browse,False,0.4951
sess_01179,usr_0573,push_notification,13,2,False,cellular,257.6,3,7.0,False,False,browse,False,0.3068
sess_01180,usr_0186,organic,23,2,False,wifi,203.2,3,4.8,True,False,browse,False,0.315
sess_01181,usr_0153,push_notification,17,1,False,wifi,150.0,2,18.6,True,False,browse,False,0.2397
sess_01182,usr_1247,widget,19,5,True,cellular,160.7,1,27.9,True,False,browse,False,0.4923
sess_01183,usr_2018,push_notification,9,0,False,cellular,138.4,4,10.3,False,False,act,True,0.7889
sess_01184,usr_0476,push_notification,13,5,True,wifi,129.2,2,11.1,False,False,act,False,0.5889
sess_01185,usr_0399,organic,23,5,True,wifi,181.1,5,12.0,True,False,browse,True,0.6643
sess_01186,usr_0962,organic,18,6,True,wifi,206.2,1,38.9,False,False,browse,False,0.3454
sess_01187,usr_2202,push_notification,11,3,False,wifi,164.0,4,5.2,True,False,act,True,0.8623
sess_01188,usr_0556,widget,17,4,False,wifi,276.4,1,30.5,False,False,browse,True,0.8568
sess_01189,usr_1592,push_notification,19,3,False,wifi,154.4,2,5.0,True,False,act,True,0.8488
sess_01190,usr_1859,push_notification,18,6,True,wifi,155.9,3,41.0,True,False,act,False,0.3705
sess_01191,usr_1520,push_notification,17,3,False,cellular,231.3,1,9.8,False,False,browse,False,0.4402
sess_01192,usr_2213,organic,19,0,False,wifi,226.8,1,8.2,True,True,browse,True,0.852
sess_01193,usr_1717,push_notification,18,4,False,wifi,88.9,1,24.8,False,False,act,True,0.826
sess_01194,usr_2406,organic,19,4,False,cellular,324.1,3,36.9,False,False,browse,False,0.3255
sess_01195,usr_0633,push_notification,23,2,False,cellular,121.3,4,7.3,True,False,act,True,0.7513
sess_01196,usr_1700,widget,21,4,False,cellular,316.3,1,24.2,False,False,browse,False,0.3613
sess_01197,usr_0406,organic,16,1,False,cellular,270.0,4,19.8,False,False,browse,False,0.5651
sess_01198,usr_2005,push_notification,19,4,False,cellular,157.9,4,9.8,False,False,act,False,0.5503
sess_01199,usr_1672,organic,21,4,False,cellular,415.5,3,5.2,False,False,browse,False,0.4981
sess_01200,usr_1146,organic,7,6,True,cellular,81.8,3,0.9,True,False,act,True,0.8061
sess_01201,usr_0135,push_notification,10,0,False,cellular,277.1,1,2.2,False,False,browse,False,0.5155
sess_01202,usr_1518,widget,20,5,True,wifi,261.5,3,7.8,False,False,browse,False,0.5503
sess_01203,usr_0890,push_notification,23,3,False,cellular,171.1,1,18.6,False,False,act,True,0.603
sess_01204,usr_1817,push_notification,7,4,False,wifi,269.9,2,8.6,False,False,browse,False,0.5523
sess_01205,usr_1822,push_notification,18,0,False,wifi,147.6,3,18.9,False,False,act,True,0.913
sess_01206,usr_0968,organic,5,6,True,wifi,164.9,1,4.7,False,False,browse,False,0.4534
sess_01207,usr_1486,organic,21,6,True,wifi,269.4,1,2.7,False,False,browse,True,0.8368
sess_01208,usr_0407,organic,12,0,False,cellular,135.2,1,29.1,False,False,browse,True,0.8339
sess_01209,usr_1505,organic,6,5,True,wifi,191.8,2,16.4,False,True,browse,False,0.4556
sess_01210,usr_2231,organic,2,0,False,cellular,234.9,2,17.7,True,False,browse,False,0.4202
sess_01211,usr_1470,organic,16,2,False,wifi,168.7,2,9.0,False,False,browse,False,0.3019
sess_01212,usr_0249,organic,13,6,True,cellular,335.8,2,13.4,False,False,browse,True,0.6101
sess_01213,usr_1631,organic,7,2,False,cellular,85.2,2,32.4,False,True,act,True,0.8341
sess_01214,usr_1131,push_notification,16,0,False,wifi,32.1,1,5.5,False,False,act,True,0.8113
sess_01215,usr_0778,widget,18,1,False,wifi,160.1,1,12.8,False,False,act,True,0.6433
sess_01216,usr_0501,organic,19,2,False,wifi,336.4,1,41.7,True,False,browse,True,0.6538
sess_01217,usr_1863,organic,12,6,True,wifi,265.8,4,9.2,False,False,browse,True,0.5377
sess_01218,usr_0376,organic,9,2,False,wifi,96.5,1,15.0,True,False,act,True,0.7715
sess_01219,usr_0869,push_notification,11,1,False,cellular,366.4,1,113.9,True,False,browse,False,0.2731
sess_01220,usr_2446,push_notification,16,1,False,cellular,183.8,5,14.6,True,False,act,True,0.7841
sess_01221,usr_0088,organic,20,5,True,wifi,183.0,2,72.8,True,True,browse,False,0.2612
sess_01222,usr_0208,organic,19,3,False,wifi,100.7,3,24.0,False,False,act,True,0.778
sess_01223,usr_1367,organic,7,1,False,wifi,315.2,1,6.7,False,False,browse,False,0.3328
sess_01224,usr_0998,push_notification,21,3,False,cellular,85.1,3,7.4,False,False,act,True,0.7972
sess_01225,usr_0516,push_notification,14,1,False,cellular,137.0,4,31.4,False,False,act,False,0.2651
sess_01226,usr_2313,widget,17,3,False,cellular,349.0,1,14.8,False,False,browse,False,0.3758
sess_01227,usr_0841,organic,11,5,True,wifi,347.7,2,2.9,True,False,browse,False,0.2771
sess_01228,usr_0282,organic,9,0,False,cellular,458.6,3,109.4,True,False,browse,False,0.3387
sess_01229,usr_2271,organic,12,0,False,wifi,374.9,3,10.3,False,False,browse,False,0.2139
sess_01230,usr_0849,push_notification,21,6,True,wifi,310.0,1,18.5,False,False,browse,False,0.3166
sess_01231,usr_2402,organic,7,1,False,wifi,204.5,3,0.2,False,False,act,False,0.5651
sess_01232,usr_0885,organic,20,4,False,wifi,145.3,2,2.9,False,False,browse,True,0.5835
sess_01233,usr_0955,organic,18,2,False,cellular,307.5,2,5.5,False,False,browse,False,0.4453
sess_01234,usr_1346,organic,19,3,False,cellular,274.6,2,11.5,False,False,browse,False,0.4963
sess_01235,usr_0605,push_notification,16,2,False,wifi,412.2,1,2.0,False,False,browse,False,0.5329
sess_01236,usr_2442,organic,19,0,False,cellular,311.2,1,7.0,False,True,browse,False,0.307
sess_01237,usr_0012,organic,15,1,False,cellular,392.9,1,11.4,False,False,browse,True,0.8199
sess_01238,usr_1136,widget,19,5,True,cellular,285.9,1,8.6,False,False,browse,True,0.762
sess_01239,usr_0593,organic,19,5,True,wifi,268.2,2,49.2,True,False,browse,False,0.2889
sess_01240,usr_0533,push_notification,7,3,False,wifi,126.6,3,17.2,True,True,act,True,0.7646
sess_01241,usr_2213,organic,18,3,False,wifi,284.4,1,10.5,False,False,browse,False,0.3714
sess_01242,usr_1027,push_notification,15,4,False,cellular,182.7,2,2.4,False,False,browse,False,0.2464
sess_01243,usr_0715,push_notification,21,2,False,wifi,127.2,4,27.1,False,False,act,True,0.6067
sess_01244,usr_0451,widget,20,2,False,wifi,98.7,3,119.3,False,True,act,True,0.6647
sess_01245,usr_0106,push_notification,17,4,False,cellular,58.8,2,7.5,True,False,act,True,0.6688
sess_01246,usr_0540,organic,11,4,False,wifi,170.4,2,9.7,False,True,act,True,0.5705
sess_01247,usr_0061,organic,8,3,False,wifi,138.9,3,64.1,False,False,act,False,0.6031
sess_01248,usr_1468,widget,13,6,True,wifi,373.7,1,20.8,False,False,browse,False,0.443
sess_01249,usr_0975,widget,13,2,False,wifi,79.5,2,22.3,False,False,act,True,0.8628
sess_01250,usr_2412,organic,18,6,True,wifi,230.5,1,7.1,False,True,browse,False,0.5493
sess_01251,usr_1327,push_notification,18,1,False,cellular,83.4,2,0.9,False,False,act,True,0.7942
sess_01252,usr_0065,organic,9,2,False,wifi,85.1,4,10.4,True,False,act,False,0.5119
sess_01253,usr_0714,push_notification,13,5,True,wifi,96.2,2,3.0,False,False,act,True,0.7974
sess_01254,usr_1087,organic,18,1,False,wifi,295.4,1,3.9,False,False,browse,True,0.6283
sess_01255,usr_0215,organic,14,5,True,wifi,223.5,1,22.0,False,False,browse,True,0.619
sess_01256,usr_0520,organic,8,2,False,wifi,417.2,1,11.6,True,False,browse,False,0.2971
sess_01257,usr_1725,widget,13,5,True,wifi,79.9,3,10.6,True,False,act,True,0.7583
sess_01258,usr_2155,push_notification,14,1,False,wifi,351.1,1,10.1,False,False,browse,False,0.4659
sess_01259,usr_0466,push_notification,15,3,False,wifi,231.0,1,16.1,True,False,browse,False,0.4856
sess_01260,usr_0261,push_notification,13,4,False,wifi,113.8,3,4.2,False,True,act,True,0.768
sess_01261,usr_1951,widget,8,2,False,wifi,183.6,2,3.2,True,False,browse,False,0.3334
sess_01262,usr_1837,organic,8,4,False,wifi,252.1,1,12.3,False,False,browse,False,0.5254
sess_01263,usr_1483,organic,9,1,False,wifi,239.4,4,28.2,False,False,browse,True,0.6207
sess_01264,usr_2103,widget,16,4,False,wifi,148.3,2,15.9,False,False,act,True,0.7755
sess_01265,usr_2432,push_notification,12,2,False,wifi,351.5,2,11.8,False,False,browse,True,0.866
sess_01266,usr_0447,widget,18,5,True,wifi,342.0,2,27.0,True,False,browse,False,0.538
sess_01267,usr_1852,organic,8,0,False,cellular,38.0,3,6.5,True,False,act,True,0.8092
sess_01268,usr_2064,organic,10,6,True,wifi,280.0,3,5.8,True,False,browse,False,0.5297
sess_01269,usr_0908,organic,18,4,False,wifi,269.9,1,26.1,False,False,browse,False,0.5745
sess_01270,usr_0178,push_notification,14,6,True,cellular,345.1,1,12.8,False,True,browse,False,0.444
sess_01271,usr_2136,organic,16,5,True,wifi,248.5,1,5.0,True,False,browse,False,0.3148
sess_01272,usr_1236,organic,18,4,False,wifi,422.4,3,18.7,False,False,browse,False,0.5534
sess_01273,usr_1877,organic,23,1,False,cellular,161.6,2,21.1,False,False,act,True,0.6156
sess_01274,usr_0128,organic,2,3,False,cellular,300.4,1,11.6,False,True,browse,False,0.4953
sess_01275,usr_0250,organic,8,1,False,wifi,249.0,4,40.4,False,False,browse,False,0.3576
sess_01276,usr_1962,widget,22,6,True,wifi,123.2,2,3.1,False,False,act,True,0.719
sess_01277,usr_1646,push_notification,17,0,False,cellular,315.1,1,5.2,True,False,browse,True,0.6427
sess_01278,usr_1747,organic,18,0,False,wifi,169.3,2,30.4,False,False,act,True,0.8477
sess_01279,usr_0443,push_notification,13,5,True,wifi,248.6,3,7.8,False,False,browse,False,0.5166
sess_01280,usr_2009,push_notification,18,4,False,wifi,117.0,5,168.0,True,False,act,True,0.8524
sess_01281,usr_1817,push_notification,17,4,False,cellular,102.1,3,90.2,False,False,act,True,0.7947
sess_01282,usr_0302,push_notification,6,6,True,wifi,123.4,4,4.7,True,True,act,True,0.8773
sess_01283,usr_0331,organic,20,4,False,wifi,150.1,1,48.5,False,False,browse,False,0.3541
sess_01284,usr_1320,push_notification,9,6,True,cellular,131.5,3,21.7,True,True,act,True,0.5912
sess_01285,usr_2492,push_notification,11,3,False,cellular,116.4,2,10.9,False,False,act,False,0.502
sess_01286,usr_0608,widget,19,3,False,wifi,296.5,3,13.6,True,False,browse,False,0.5541
sess_01287,usr_0270,push_notification,13,5,True,cellular,191.7,1,12.2,False,False,act,True,0.8083
sess_01288,usr_0517,push_notification,12,4,False,wifi,143.1,4,12.0,False,True,act,False,0.5423
sess_01289,usr_1127,organic,21,6,True,cellular,33.0,4,1.5,False,False,act,True,0.8028
sess_01290,usr_2398,push_notification,21,2,False,wifi,87.7,3,5.8,False,False,act,True,0.7314
sess_01291,usr_2247,push_notification,19,2,False,wifi,216.3,2,13.1,False,False,act,True,0.8657
sess_01292,usr_1332,organic,19,1,False,wifi,349.1,1,7.7,True,False,browse,False,0.4724
sess_01293,usr_1561,widget,19,3,False,cellular,236.6,1,2.1,False,False,browse,False,0.5166
sess_01294,usr_2447,push_notification,20,6,True,cellular,105.7,1,5.1,True,False,act,True,0.6088
sess_01295,usr_2174,organic,9,2,False,wifi,217.8,2,60.5,False,False,browse,False,0.2632
sess_01296,usr_1208,push_notification,14,5,True,wifi,72.8,1,9.0,True,False,act,True,0.7371
sess_01297,usr_1859,organic,7,6,True,cellular,160.7,3,10.2,False,False,act,True,0.7717
sess_01298,usr_2071,push_notification,20,3,False,wifi,272.3,1,104.8,False,False,browse,False,0.5117
sess_01299,usr_2480,push_notification,20,4,False,wifi,109.1,2,9.9,False,False,act,True,0.6288
sess_01300,usr_1763,organic,10,6,True,wifi,299.6,2,3.0,True,False,browse,False,0.2939
sess_01301,usr_0407,organic,7,2,False,wifi,222.9,2,62.1,True,False,browse,False,0.2957
sess_01302,usr_0469,push_notification,8,3,False,wifi,151.5,2,14.1,False,False,act,True,0.5855
sess_01303,usr_2259,widget,11,4,False,wifi,352.3,1,8.4,False,False,browse,False,0.2932
sess_01304,usr_0881,organic,9,2,False,wifi,277.7,2,21.2,True,True,browse,False,0.2386
sess_01305,usr_1762,widget,18,5,True,cellular,70.9,1,3.7,True,True,act,True,0.8749
sess_01306,usr_1850,widget,12,2,False,wifi,367.8,2,7.6,True,True,browse,False,0.5425
sess_01307,usr_0936,organic,14,1,False,cellular,440.9,2,21.7,False,False,browse,False,0.5025
sess_01308,usr_1695,widget,13,4,False,cellular,62.4,3,15.4,True,False,act,True,0.5878
sess_01309,usr_1389,organic,14,5,True,wifi,330.2,1,1.6,False,False,browse,False,0.262
sess_01310,usr_1858,push_notification,6,0,False,wifi,74.1,2,2.3,True,False,act,True,0.7926
sess_01311,usr_1634,organic,12,6,True,wifi,150.2,4,2.5,True,False,browse,True,0.6854
sess_01312,usr_1704,organic,11,1,False,wifi,456.7,2,3.9,False,False,browse,False,0.3538
sess_01313,usr_0390,push_notification,15,1,False,wifi,137.1,4,53.6,False,False,act,True,0.8261
sess_01314,usr_1281,organic,1,0,False,cellular,101.5,4,15.7,False,False,act,True,0.814
sess_01315,usr_1749,organic,18,5,True,cellular,348.1,1,3.0,True,False,browse,False,0.5521
sess_01316,usr_1281,organic,8,6,True,wifi,127.5,2,12.6,False,False,act,True,0.7457
sess_01317,usr_1045,push_notification,15,2,False,wifi,85.1,3,7.4,False,False,act,True,0.7013
sess_01318,usr_1534,organic,6,2,False,wifi,349.9,1,72.6,True,False,browse,True,0.7934
sess_01319,usr_0626,widget,19,0,False,cellular,294.6,1,10.7,False,False,browse,False,0.2792
sess_01320,usr_1943,widget,7,5,True,wifi,324.5,1,9.1,True,True,browse,False,0.305
sess_01321,usr_0275,organic,7,2,False,wifi,263.3,1,7.9,True,True,browse,True,0.8161
sess_01322,usr_0374,widget,17,3,False,wifi,110.5,3,19.9,False,False,act,False,0.3069
sess_01323,usr_0350,organic,6,3,False,wifi,263.8,1,8.8,False,False,browse,False,0.3051
sess_01324,usr_0382,organic,15,4,False,wifi,67.6,1,13.2,False,False,browse,True,0.6204
sess_01325,usr_1769,organic,19,6,True,wifi,134.5,2,3.1,False,False,act,True,0.8441
sess_01326,usr_0396,organic,18,3,False,cellular,149.3,2,5.5,False,False,act,False,0.529
sess_01327,usr_1527,organic,18,3,False,wifi,322.2,2,7.1,True,False,browse,False,0.4902
sess_01328,usr_0533,push_notification,19,6,True,wifi,142.0,2,2.2,True,False,act,True,0.7397
sess_01329,usr_2279,push_notification,7,1,False,cellular,294.2,1,3.5,False,False,browse,True,0.8233
sess_01330,usr_0246,organic,11,6,True,cellular,332.6,3,8.2,False,False,browse,False,0.3899
sess_01331,usr_2403,organic,18,1,False,wifi,252.4,1,5.1,False,False,browse,False,0.5598
sess_01332,usr_2301,push_notification,3,5,True,cellular,103.6,3,63.5,False,False,act,True,0.7997
sess_01333,usr_2301,organic,18,1,False,wifi,289.4,1,7.0,False,True,browse,False,0.3259
sess_01334,usr_1351,organic,19,3,False,cellular,445.8,2,6.2,False,False,browse,False,0.4867
sess_01335,usr_0501,organic,22,3,False,cellular,114.1,3,48.0,False,False,browse,True,0.589
sess_01336,usr_1683,organic,23,6,True,cellular,232.3,2,41.3,True,False,browse,False,0.2769
sess_01337,usr_1449,push_notification,9,5,True,wifi,291.0,1,11.6,False,False,browse,False,0.2993
sess_01338,usr_1733,organic,8,1,False,wifi,107.9,4,3.8,False,True,act,True,0.9072
sess_01339,usr_0211,push_notification,9,0,False,wifi,150.3,2,23.6,False,True,act,False,0.3317
sess_01340,usr_1179,widget,15,3,False,wifi,91.7,1,37.1,False,False,act,True,0.8281
sess_01341,usr_2460,organic,19,2,False,wifi,348.9,1,9.4,False,False,browse,False,0.5792
sess_01342,usr_1280,push_notification,20,4,False,cellular,146.8,2,9.8,True,False,act,True,0.7934
sess_01343,usr_1441,widget,9,3,False,wifi,43.3,2,5.3,False,True,act,False,0.3657
sess_01344,usr_0425,push_notification,17,0,False,wifi,122.7,2,4.3,True,False,act,True,0.6314
sess_01345,usr_2368,organic,10,1,False,wifi,331.0,1,2.7,True,False,browse,False,0.3676
sess_01346,usr_2079,widget,8,6,True,wifi,234.1,3,1.4,True,True,browse,False,0.3231
sess_01347,usr_0872,organic,19,1,False,cellular,81.8,3,4.4,False,False,act,True,0.8868
sess_01348,usr_0634,organic,9,4,False,cellular,305.2,2,0.9,True,False,browse,False,0.4667
sess_01349,usr_1976,widget,16,5,True,wifi,116.2,4,5.2,False,False,act,True,0.782
sess_01350,usr_0919,organic,20,4,False,cellular,206.4,2,16.3,False,False,browse,True,0.8869
sess_01351,usr_0444,push_notification,12,2,False,wifi,248.4,3,62.7,False,False,browse,False,0.5539
sess_01352,usr_1435,push_notification,17,1,False,wifi,194.9,1,22.1,False,False,browse,True,0.6081
sess_01353,usr_2279,push_notification,19,3,False,wifi,171.3,4,4.6,False,False,act,True,0.8381
sess_01354,usr_1506,organic,15,2,False,cellular,231.1,3,25.5,False,False,browse,False,0.3499
sess_01355,usr_0471,organic,5,3,False,wifi,376.3,1,2.5,False,False,browse,False,0.4965
sess_01356,usr_1142,organic,9,0,False,cellular,281.4,2,32.7,False,False,browse,False,0.4712
sess_01357,usr_2352,organic,7,4,False,wifi,154.2,3,54.5,True,False,act,False,0.3162
sess_01358,usr_0927,organic,10,2,False,cellular,245.3,1,38.5,True,False,browse,False,0.563
sess_01359,usr_1758,widget,5,4,False,wifi,332.4,2,26.2,True,False,browse,False,0.2258
sess_01360,usr_2298,push_notification,17,4,False,wifi,88.8,3,5.5,True,False,act,True,0.6304
sess_01361,usr_2281,organic,19,6,True,wifi,288.2,1,53.4,True,False,browse,True,0.5739
sess_01362,usr_0108,push_notification,12,6,True,wifi,172.0,3,29.4,True,False,act,False,0.2966
sess_01363,usr_2495,organic,4,1,False,wifi,214.8,2,4.6,True,False,browse,False,0.4753
sess_01364,usr_1096,widget,10,4,False,wifi,78.1,4,2.2,False,False,act,True,0.8678
sess_01365,usr_0119,organic,9,1,False,cellular,18.8,2,17.5,False,False,act,True,0.8048
sess_01366,usr_0739,organic,18,0,False,wifi,279.5,2,23.1,False,False,browse,False,0.4955
sess_01367,usr_1120,widget,12,1,False,cellular,322.6,3,8.8,False,False,browse,True,0.5595
sess_01368,usr_1266,widget,12,2,False,wifi,357.4,5,24.0,False,False,browse,False,0.5216
sess_01369,usr_1392,organic,7,1,False,wifi,288.1,1,10.1,True,False,browse,False,0.5649
sess_01370,usr_1438,push_notification,19,0,False,wifi,220.5,3,22.9,False,False,browse,False,0.5151
sess_01371,usr_0026,push_notification,17,1,False,wifi,188.3,2,55.1,True,False,act,True,0.6299
sess_01372,usr_0744,organic,20,5,True,wifi,380.9,2,15.0,True,False,browse,False,0.2968
sess_01373,usr_0587,organic,11,1,False,cellular,218.3,1,15.2,True,False,browse,False,0.3031
sess_01374,usr_2320,widget,11,2,False,wifi,248.1,1,56.6,False,False,browse,True,0.8749
sess_01375,usr_1642,widget,22,1,False,wifi,271.9,1,15.4,True,False,browse,False,0.2702
sess_01376,usr_0286,organic,21,0,False,cellular,234.0,1,3.9,False,False,browse,False,0.2837
sess_01377,usr_0582,widget,16,5,True,cellular,156.1,3,7.9,False,False,act,True,0.8291
sess_01378,usr_0126,push_notification,23,4,False,wifi,248.7,2,103.9,False,False,browse,False,0.2662
sess_01379,usr_0376,push_notification,5,3,False,cellular,72.3,4,18.0,True,False,act,True,0.8155
sess_01380,usr_2173,organic,7,0,False,cellular,336.7,1,16.6,False,False,browse,False,0.4818
sess_01381,usr_0882,push_notification,8,1,False,wifi,97.0,3,29.1,False,False,act,True,0.773
sess_01382,usr_1541,push_notification,20,5,True,cellular,91.0,5,52.2,False,True,act,False,0.5978
sess_01383,usr_1720,organic,9,0,False,wifi,214.0,1,94.4,True,False,browse,False,0.3111
sess_01384,usr_1859,organic,7,4,False,cellular,163.5,1,12.7,False,False,act,True,0.6562
sess_01385,usr_1397,push_notification,17,5,True,wifi,115.7,1,19.3,True,False,act,True,0.7427
sess_01386,usr_0645,push_notification,19,4,False,cellular,281.1,4,57.1,True,False,browse,False,0.523
sess_01387,usr_1516,organic,19,3,False,cellular,136.8,2,1.1,False,False,act,True,0.748
sess_01388,usr_1277,organic,18,4,False,wifi,330.5,1,16.5,False,False,browse,True,0.7048
sess_01389,usr_1329,widget,15,5,True,cellular,232.6,2,6.4,True,False,browse,False,0.3821
sess_01390,usr_2325,push_notification,20,3,False,wifi,134.9,3,11.0,False,False,act,True,0.8015
sess_01391,usr_2443,widget,13,5,True,cellular,84.8,4,3.7,False,False,act,True,0.6628
sess_01392,usr_0348,organic,3,1,False,cellular,309.9,3,0.8,True,False,browse,False,0.5601
sess_01393,usr_0216,widget,21,4,False,wifi,199.3,1,20.0,False,False,browse,False,0.3022
sess_01394,usr_0638,push_notification,15,2,False,cellular,88.2,5,8.6,False,True,act,False,0.3407
sess_01395,usr_0645,push_notification,14,0,False,cellular,121.6,3,16.3,False,False,act,False,0.4658
sess_01396,usr_0204,organic,16,3,False,wifi,195.6,5,1.6,False,False,act,True,0.7778
sess_01397,usr_0335,widget,18,4,False,wifi,96.8,2,7.6,True,True,act,True,0.5623
sess_01398,usr_1115,organic,21,1,False,wifi,132.5,3,8.4,True,False,act,True,0.5331
sess_01399,usr_1815,organic,8,1,False,cellular,161.6,1,66.1,True,False,act,True,0.7955
sess_01400,usr_1737,widget,17,4,False,wifi,86.2,3,6.1,False,True,act,True,0.7659
sess_01401,usr_1990,organic,8,2,False,wifi,216.0,1,131.6,False,False,browse,True,0.8104
sess_01402,usr_2487,organic,18,0,False,cellular,122.1,1,10.7,False,False,act,True,0.871
sess_01403,usr_1811,push_notification,13,3,False,wifi,108.7,2,14.8,True,False,act,False,0.5659
sess_01404,usr_1697,push_notification,23,5,True,wifi,264.9,1,13.5,False,False,browse,False,0.2596
sess_01405,usr_1119,push_notification,21,6,True,wifi,178.5,1,26.1,False,False,act,True,0.7584
sess_01406,usr_0883,organic,4,0,False,wifi,323.4,3,4.7,True,False,browse,False,0.2779
sess_01407,usr_2099,widget,11,3,False,cellular,154.9,1,20.7,True,False,act,True,0.5801
sess_01408,usr_0467,organic,8,4,False,cellular,252.4,4,48.0,False,True,browse,False,0.4465
sess_01409,usr_1414,organic,7,0,False,wifi,262.8,1,8.0,False,False,browse,False,0.592
sess_01410,usr_1761,organic,18,4,False,wifi,225.3,1,18.7,False,False,browse,False,0.519
sess_01411,usr_0455,organic,1,5,True,wifi,344.5,1,6.9,False,False,browse,False,0.4736
sess_01412,usr_1161,widget,11,0,False,wifi,159.1,1,3.7,True,False,act,True,0.7987
sess_01413,usr_2430,organic,19,6,True,wifi,329.7,1,65.3,True,False,browse,False,0.3303
sess_01414,usr_1994,organic,21,0,False,cellular,138.8,2,3.0,True,False,act,True,0.5744
sess_01415,usr_2159,push_notification,14,0,False,wifi,138.1,3,43.7,False,False,act,False,0.4659
sess_01416,usr_1264,organic,5,6,True,wifi,465.4,1,18.0,True,False,browse,True,0.7483
sess_01417,usr_0187,widget,21,5,True,wifi,215.7,1,27.6,False,False,browse,False,0.3073
sess_01418,usr_0904,push_notification,9,1,False,wifi,113.1,3,3.9,False,False,act,True,0.6417
sess_01419,usr_1619,push_notification,18,4,False,cellular,124.7,3,15.8,True,False,act,True,0.5649
sess_01420,usr_2455,push_notification,19,4,False,wifi,106.4,3,168.0,True,False,act,True,0.9008
sess_01421,usr_0225,organic,10,6,True,wifi,411.7,3,5.6,False,False,browse,False,0.544
sess_01422,usr_0032,organic,13,1,False,wifi,304.0,2,6.5,False,False,browse,False,0.3572
sess_01423,usr_0838,organic,10,3,False,wifi,256.4,3,17.8,True,False,browse,False,0.2826
sess_01424,usr_1235,widget,16,3,False,wifi,261.4,2,2.3,True,False,browse,True,0.6077
sess_01425,usr_0866,organic,22,4,False,cellular,60.6,2,7.5,False,True,act,False,0.5126
sess_01426,usr_0563,organic,19,2,False,wifi,266.6,1,6.3,False,False,browse,True,0.5367
sess_01427,usr_1047,push_notification,8,1,False,cellular,125.7,2,4.8,False,False,act,True,0.8146
sess_01428,usr_1186,widget,3,3,False,wifi,293.8,3,12.6,True,False,browse,False,0.2908
sess_01429,usr_1344,push_notification,20,5,True,wifi,55.3,2,7.6,True,True,act,True,0.775
sess_01430,usr_0492,push_notification,17,6,True,cellular,333.7,4,2.4,True,False,browse,False,0.3212
sess_01431,usr_0032,organic,6,5,True,cellular,175.9,2,16.6,True,True,browse,True,0.5869
sess_01432,usr_2038,organic,20,5,True,cellular,332.0,3,19.7,True,True,browse,False,0.3137
sess_01433,usr_1764,push_notification,19,3,False,cellular,123.0,3,2.9,False,False,act,True,0.571
sess_01434,usr_0720,organic,16,2,False,wifi,269.4,5,9.0,True,False,browse,False,0.4782
sess_01435,usr_0530,widget,2,3,False,cellular,203.9,4,2.7,False,False,act,True,0.5702
sess_01436,usr_1558,push_notification,12,0,False,cellular,332.7,2,3.4,False,False,browse,False,0.5234
sess_01437,usr_2182,organic,18,5,True,wifi,466.9,1,7.6,True,False,browse,False,0.3112
sess_01438,usr_0943,push_notification,9,4,False,wifi,121.7,4,38.7,True,False,act,True,0.6731
sess_01439,usr_2050,push_notification,20,3,False,wifi,272.9,1,7.3,True,False,browse,False,0.3231
sess_01440,usr_2289,organic,17,4,False,cellular,123.6,5,168.0,False,False,act,True,0.8801
sess_01441,usr_1451,push_notification,9,0,False,cellular,117.0,1,8.0,False,False,act,True,0.8325
sess_01442,usr_0296,widget,12,5,True,wifi,324.1,1,21.0,True,False,browse,False,0.3598
sess_01443,usr_1627,organic,14,5,True,wifi,145.9,2,54.6,True,False,browse,False,0.2835
sess_01444,usr_0174,organic,18,3,False,wifi,387.0,1,148.9,False,False,browse,False,0.3826
sess_01445,usr_1787,push_notification,18,0,False,cellular,88.3,3,4.4,False,False,act,False,0.4858
sess_01446,usr_0077,organic,17,4,False,wifi,437.5,1,54.9,True,False,browse,False,0.4575
sess_01447,usr_1884,push_notification,18,0,False,wifi,87.8,3,98.3,False,True,act,True,0.6419
sess_01448,usr_0319,push_notification,19,5,True,wifi,90.6,2,39.8,False,False,act,True,0.7725
sess_01449,usr_1283,organic,7,3,False,cellular,234.2,1,4.5,True,False,browse,False,0.4856
sess_01450,usr_2359,organic,18,3,False,wifi,274.2,4,4.0,False,True,browse,True,0.6193
sess_01451,usr_1759,organic,13,4,False,wifi,142.3,3,10.9,True,False,act,True,0.6224
sess_01452,usr_2349,widget,20,3,False,wifi,105.5,2,21.1,False,False,act,True,0.8625
sess_01453,usr_1657,widget,18,2,False,wifi,282.5,4,3.3,False,False,browse,True,0.687
sess_01454,usr_1711,push_notification,22,3,False,wifi,133.7,2,25.3,True,False,act,True,0.8774
sess_01455,usr_1186,widget,12,4,False,cellular,263.1,1,5.4,True,False,browse,False,0.5377
sess_01456,usr_0472,organic,8,4,False,cellular,246.9,2,2.0,False,False,browse,False,0.3114
sess_01457,usr_1660,widget,17,5,True,cellular,430.0,1,3.0,True,False,browse,False,0.282
sess_01458,usr_0086,organic,16,2,False,wifi,403.8,2,3.2,False,False,browse,False,0.3334
sess_01459,usr_1331,push_notification,19,1,False,wifi,147.0,2,11.2,False,False,act,True,0.6244
sess_01460,usr_0704,push_notification,14,2,False,cellular,85.4,1,37.1,False,False,act,True,0.6472
sess_01461,usr_1885,push_notification,18,4,False,wifi,120.5,1,13.9,False,False,act,True,0.9152
sess_01462,usr_1483,organic,12,2,False,cellular,335.9,1,5.8,False,False,browse,False,0.5082
sess_01463,usr_0361,organic,18,1,False,wifi,345.3,1,11.0,False,True,browse,False,0.5804
sess_01464,usr_1789,organic,20,1,False,wifi,255.3,2,29.9,False,False,browse,False,0.3586
sess_01465,usr_0434,organic,13,0,False,cellular,156.1,1,6.2,False,False,browse,False,0.493
sess_01466,usr_0997,push_notification,20,0,False,cellular,119.4,4,111.9,False,False,act,False,0.2902
sess_01467,usr_1785,organic,14,0,False,cellular,338.6,1,28.4,True,False,browse,False,0.4538
sess_01468,usr_2413,push_notification,9,1,False,wifi,160.0,3,38.8,False,True,act,True,0.8088
sess_01469,usr_1641,organic,13,3,False,cellular,412.4,1,23.2,False,False,browse,False,0.5091
sess_01470,usr_2147,organic,15,5,True,wifi,275.2,1,1.9,True,False,browse,False,0.5048
sess_01471,usr_0323,push_notification,20,6,True,cellular,41.2,2,2.2,False,False,act,True,0.8003
sess_01472,usr_1622,organic,10,0,False,cellular,284.5,1,9.1,False,False,browse,False,0.5271
sess_01473,usr_1271,organic,13,3,False,wifi,157.5,3,35.2,False,False,act,True,0.8813
sess_01474,usr_1391,organic,13,2,False,wifi,320.1,2,5.6,True,False,browse,False,0.5464
sess_01475,usr_0908,widget,14,5,True,cellular,156.5,1,77.2,True,True,act,False,0.5689
sess_01476,usr_1365,push_notification,16,0,False,cellular,307.4,2,22.7,False,False,browse,False,0.5303
sess_01477,usr_0689,organic,19,0,False,cellular,263.8,2,37.5,False,False,browse,False,0.2656
sess_01478,usr_0313,organic,7,2,False,wifi,196.8,1,51.3,False,False,browse,False,0.471
sess_01479,usr_2091,widget,14,6,True,wifi,78.5,3,129.5,True,False,act,True,0.8147
sess_01480,usr_0468,widget,17,0,False,wifi,92.0,4,64.5,False,True,act,True,0.7836
sess_01481,usr_2174,organic,12,4,False,wifi,97.5,1,4.3,False,False,browse,False,0.3103
sess_01482,usr_2089,widget,19,6,True,cellular,265.7,4,3.4,False,False,browse,False,0.3282
sess_01483,usr_0795,push_notification,16,0,False,cellular,79.5,3,3.7,True,True,act,False,0.2466
sess_01484,usr_1432,push_notification,20,4,False,cellular,194.7,1,23.7,True,False,browse,False,0.4692
sess_01485,usr_1439,widget,22,5,True,wifi,83.7,2,5.6,False,False,act,True,0.8787
sess_01486,usr_0605,organic,21,3,False,wifi,229.7,1,25.7,True,False,act,True,0.8422
sess_01487,usr_0968,push_notification,15,0,False,wifi,186.3,1,2.7,False,False,browse,False,0.5434
sess_01488,usr_0422,organic,16,0,False,wifi,358.1,2,4.4,False,False,browse,False,0.3748
sess_01489,usr_0600,organic,19,3,False,cellular,141.6,5,15.6,True,True,act,True,0.9048
sess_01490,usr_1049,organic,16,4,False,cellular,408.8,4,3.9,False,True,browse,False,0.3779
sess_01491,usr_0809,push_notification,19,6,True,cellular,136.0,2,8.7,False,False,act,True,0.8733
sess_01492,usr_0711,widget,23,1,False,wifi,132.7,3,6.8,False,False,browse,False,0.3222
sess_01493,usr_2468,organic,10,6,True,wifi,247.3,1,7.9,True,False,browse,False,0.3715
sess_01494,usr_0627,widget,13,5,True,cellular,314.3,4,8.2,False,False,browse,False,0.52
sess_01495,usr_0309,organic,15,5,True,cellular,395.7,1,168.0,True,False,browse,True,0.8888
sess_01496,usr_0726,organic,19,2,False,wifi,306.8,2,12.6,False,False,browse,False,0.3195
sess_01497,usr_2024,push_notification,16,5,True,cellular,89.6,3,103.9,True,True,act,True,0.6323
sess_01498,usr_1901,push_notification,9,3,False,cellular,101.6,2,1.1,False,True,act,True,0.7505
sess_01499,usr_2310,organic,16,3,False,cellular,253.0,4,21.6,True,False,browse,False,0.2269
sess_01500,usr_2374,organic,18,6,True,wifi,455.3,1,11.9,False,True,browse,False,0.4937
sess_01501,usr_1839,organic,12,4,False,wifi,431.7,2,4.9,True,False,browse,True,0.7601
sess_01502,usr_2313,organic,15,3,False,cellular,218.8,2,14.3,False,False,browse,True,0.8575
sess_01503,usr_1324,push_notification,19,4,False,wifi,184.9,1,37.7,False,False,browse,False,0.5545
sess_01504,usr_1295,push_notification,19,0,False,wifi,131.1,2,7.6,False,False,act,True,0.5672
sess_01505,usr_0619,organic,17,5,True,wifi,286.3,2,3.6,True,False,browse,True,0.6107
sess_01506,usr_1802,push_notification,5,4,False,wifi,211.7,1,56.2,True,False,act,True,0.7739
sess_01507,usr_0280,organic,19,1,False,wifi,128.3,3,2.7,True,False,act,True,0.6103
sess_01508,usr_1921,push_notification,11,2,False,wifi,289.5,1,168.0,False,False,browse,False,0.3156
sess_01509,usr_1812,organic,10,2,False,wifi,107.6,3,1.7,False,False,browse,False,0.3245
sess_01510,usr_1241,push_notification,10,3,False,wifi,131.1,1,3.8,False,False,browse,False,0.5629
sess_01511,usr_1126,push_notification,17,3,False,cellular,399.5,1,8.9,False,False,browse,False,0.4457
sess_01512,usr_2423,push_notification,17,2,False,cellular,204.8,3,7.5,True,False,act,True,0.6219
sess_01513,usr_0231,organic,9,2,False,cellular,231.2,1,15.3,True,True,browse,False,0.4464
sess_01514,usr_1442,organic,6,2,False,wifi,321.2,2,8.3,False,False,browse,True,0.7935
sess_01515,usr_2079,organic,9,6,True,cellular,449.4,1,4.6,True,False,browse,False,0.5452
sess_01516,usr_0304,organic,18,3,False,cellular,167.3,2,7.3,True,True,browse,False,0.2509
sess_01517,usr_1272,widget,7,4,False,wifi,161.0,3,37.7,False,True,act,True,0.8257
sess_01518,usr_1892,organic,18,0,False,wifi,251.8,2,7.9,False,False,browse,False,0.264
sess_01519,usr_1852,widget,10,4,False,wifi,147.3,2,10.6,False,False,act,True,0.7857
sess_01520,usr_0155,organic,18,5,True,wifi,363.3,1,9.2,False,False,browse,False,0.5221
sess_01521,usr_0234,widget,9,2,False,wifi,153.4,2,7.1,True,False,act,False,0.348
sess_01522,usr_1511,push_notification,20,2,False,wifi,139.4,3,13.6,False,True,act,True,0.6117
sess_01523,usr_1176,push_notification,18,3,False,wifi,253.3,1,46.7,False,False,browse,True,0.8323
sess_01524,usr_0315,organic,6,0,False,cellular,87.8,3,19.0,True,True,act,False,0.5301
sess_01525,usr_0370,push_notification,15,3,False,wifi,111.8,2,39.3,False,True,act,True,0.635
sess_01526,usr_2434,widget,19,2,False,wifi,346.9,2,57.1,True,False,browse,False,0.49
sess_01527,usr_2077,push_notification,7,5,True,wifi,237.5,2,9.1,True,False,browse,True,0.7955
sess_01528,usr_1575,push_notification,14,6,True,cellular,267.3,1,27.9,False,False,browse,False,0.564
sess_01529,usr_1896,push_notification,16,1,False,wifi,127.5,1,5.8,True,False,act,True,0.5989
sess_01530,usr_2378,organic,15,5,True,cellular,392.0,2,24.3,False,False,browse,True,0.586
sess_01531,usr_2271,organic,1,5,True,cellular,334.8,1,5.6,True,True,browse,True,0.6807
sess_01532,usr_0169,push_notification,20,3,False,wifi,155.5,4,27.4,False,True,act,False,0.4721
sess_01533,usr_1843,organic,19,1,False,cellular,20.9,2,7.9,False,True,act,True,0.6551
sess_01534,usr_2342,push_notification,18,4,False,wifi,262.2,3,33.7,True,False,browse,False,0.2689
sess_01535,usr_0772,organic,13,5,True,cellular,167.5,2,6.2,True,False,act,False,0.5239
sess_01536,usr_1317,widget,15,4,False,wifi,328.2,1,57.6,True,False,browse,False,0.5056
sess_01537,usr_2479,organic,8,5,True,wifi,311.9,1,12.1,False,False,browse,True,0.8748
sess_01538,usr_1949,widget,15,1,False,wifi,127.8,3,5.1,False,False,act,True,0.8188
sess_01539,usr_2054,organic,9,0,False,wifi,101.0,5,8.0,True,False,act,True,0.8458
sess_01540,usr_0618,organic,19,1,False,wifi,308.6,1,2.7,False,False,browse,False,0.3255
sess_01541,usr_0254,organic,22,3,False,wifi,243.9,3,7.9,False,False,browse,False,0.4406
sess_01542,usr_1846,push_notification,14,2,False,wifi,101.4,1,8.3,True,False,act,True,0.8263
sess_01543,usr_0424,push_notification,17,6,True,cellular,70.5,3,25.7,False,False,act,True,0.8588
sess_01544,usr_1407,push_notification,6,2,False,cellular,153.2,1,11.8,False,True,act,True,0.636
sess_01545,usr_0346,organic,8,5,True,cellular,364.0,1,2.6,False,False,browse,True,0.7822
sess_01546,usr_2067,widget,16,1,False,wifi,311.2,1,4.9,True,False,browse,False,0.352
sess_01547,usr_0707,widget,13,1,False,cellular,310.2,2,0.6,False,False,browse,False,0.4656
sess_01548,usr_0161,organic,17,4,False,cellular,240.1,3,1.5,True,False,browse,False,0.4985
sess_01549,usr_1015,widget,16,0,False,cellular,60.3,2,5.1,False,True,act,True,0.6525
sess_01550,usr_1794,push_notification,19,6,True,wifi,132.1,4,4.6,False,False,act,False,0.3652
sess_01551,usr_1800,organic,15,4,False,wifi,277.3,1,2.6,False,False,browse,False,0.5534
sess_01552,usr_2147,organic,12,1,False,wifi,247.9,1,19.4,True,False,browse,False,0.4529
sess_01553,usr_2142,widget,9,1,False,cellular,112.8,2,10.3,False,False,act,True,0.7621
sess_01554,usr_2498,organic,20,0,False,cellular,163.9,1,1.8,True,False,browse,False,0.4863
sess_01555,usr_0651,push_notification,18,5,True,wifi,148.3,2,6.2,False,False,act,True,0.7859
sess_01556,usr_1491,widget,14,3,False,wifi,117.8,2,27.3,True,False,act,True,0.6483
sess_01557,usr_1528,widget,21,2,False,cellular,213.5,4,1.1,False,False,browse,False,0.3454
sess_01558,usr_1159,organic,14,5,True,cellular,434.8,1,168.0,False,False,browse,False,0.2743
sess_01559,usr_1587,widget,21,2,False,wifi,300.7,3,168.0,True,False,browse,False,0.4288
sess_01560,usr_1675,organic,11,0,False,wifi,265.8,1,19.1,True,False,browse,False,0.5119
sess_01561,usr_1386,widget,17,2,False,wifi,122.9,2,21.2,False,False,act,True,0.7977
sess_01562,usr_2449,push_notification,12,5,True,wifi,63.8,2,2.2,False,False,act,True,0.6047
sess_01563,usr_0215,push_notification,18,2,False,wifi,133.2,5,9.6,False,False,act,False,0.522
sess_01564,usr_1371,organic,20,4,False,cellular,384.5,1,0.9,True,False,browse,False,0.4862
sess_01565,usr_0270,widget,6,0,False,cellular,186.4,1,12.0,False,False,browse,False,0.4947
sess_01566,usr_1351,widget,14,6,True,wifi,298.0,1,9.9,False,False,browse,False,0.5314
sess_01567,usr_0388,push_notification,21,2,False,cellular,122.5,2,25.8,False,False,act,True,0.7761
sess_01568,usr_2286,widget,19,5,True,cellular,224.7,2,22.2,True,False,browse,False,0.4747
sess_01569,usr_1584,organic,20,6,True,wifi,133.6,2,41.0,False,False,act,False,0.5824
sess_01570,usr_1164,organic,14,3,False,wifi,92.6,3,3.2,True,True,act,True,0.5875
sess_01571,usr_1033,organic,19,5,True,wifi,324.3,2,168.0,True,False,browse,False,0.5609
sess_01572,usr_2469,push_notification,17,4,False,cellular,93.3,2,168.0,False,False,act,True,0.8118
sess_01573,usr_0616,widget,16,3,False,wifi,107.6,2,2.4,False,True,act,True,0.5753
sess_01574,usr_1366,widget,18,2,False,cellular,76.8,4,3.9,True,True,act,False,0.5577
sess_01575,usr_0334,widget,5,4,False,wifi,290.6,1,168.0,False,False,browse,False,0.3165
sess_01576,usr_2387,push_notification,9,2,False,wifi,78.0,3,6.0,False,False,act,True,0.6193
sess_01577,usr_0580,push_notification,18,3,False,cellular,162.5,2,22.1,False,False,act,True,0.7738
sess_01578,usr_1433,widget,19,6,True,cellular,158.6,3,2.1,False,False,act,True,0.7623
sess_01579,usr_1271,organic,15,6,True,wifi,327.9,2,78.1,False,False,browse,False,0.2408
sess_01580,usr_1606,organic,17,2,False,wifi,270.9,1,5.2,False,True,browse,False,0.3423
sess_01581,usr_0529,push_notification,20,3,False,cellular,87.6,1,25.7,True,False,act,True,0.7572
sess_01582,usr_2438,organic,16,0,False,wifi,386.7,1,34.0,True,False,browse,True,0.5713
sess_01583,usr_0348,organic,18,2,False,wifi,209.0,1,55.2,False,False,browse,False,0.5002
sess_01584,usr_1269,push_notification,12,1,False,cellular,127.9,4,51.3,True,False,act,False,0.387
sess_01585,usr_2290,push_notification,8,3,False,wifi,190.2,3,13.4,False,False,browse,True,0.7711
sess_01586,usr_1543,organic,9,2,False,wifi,280.7,2,5.4,True,False,browse,False,0.5679
sess_01587,usr_1346,push_notification,20,5,True,wifi,116.7,3,11.7,False,False,act,False,0.4649
sess_01588,usr_0524,organic,19,0,False,wifi,200.3,2,1.2,False,False,browse,False,0.3385
sess_01589,usr_2157,organic,19,3,False,wifi,260.2,2,13.7,True,False,browse,False,0.3331
sess_01590,usr_0383,organic,6,2,False,cellular,115.8,3,3.2,True,False,act,False,0.2725
sess_01591,usr_1735,organic,7,0,False,wifi,189.2,1,1.2,True,False,browse,False,0.3621
sess_01592,usr_2083,organic,6,2,False,wifi,314.0,3,63.4,True,False,browse,True,0.7537
sess_01593,usr_1483,push_notification,18,2,False,cellular,283.7,1,25.3,True,False,browse,True,0.5645
sess_01594,usr_0075,push_notification,14,0,False,wifi,105.8,3,20.5,True,False,act,True,0.9041
sess_01595,usr_1486,organic,15,3,False,cellular,285.7,2,5.1,False,True,browse,False,0.4787
sess_01596,usr_1266,push_notification,15,1,False,cellular,403.9,1,5.3,False,False,browse,True,0.5902
sess_01597,usr_0739,widget,17,0,False,cellular,163.8,2,4.6,False,False,act,False,0.3527
sess_01598,usr_0878,push_notification,17,4,False,wifi,238.7,1,14.1,False,False,browse,False,0.5198
sess_01599,usr_1400,widget,9,5,True,wifi,286.5,2,25.6,False,False,browse,True,0.8206
sess_01600,usr_1992,organic,12,5,True,cellular,122.2,3,5.0,False,True,act,True,0.8052
sess_01601,usr_0787,widget,10,4,False,wifi,139.7,3,2.0,True,False,act,True,0.6592
sess_01602,usr_0928,widget,2,4,False,cellular,265.3,3,14.1,True,False,browse,False,0.4585
sess_01603,usr_0564,organic,22,2,False,wifi,201.9,3,4.7,True,False,act,False,0.3434
sess_01604,usr_0635,organic,22,1,False,wifi,79.9,3,20.6,False,False,act,False,0.3964
sess_01605,usr_0317,widget,18,2,False,cellular,121.8,4,9.8,False,True,act,True,0.7895
sess_01606,usr_1212,widget,11,3,False,wifi,203.7,1,21.6,False,False,browse,True,0.5646
sess_01607,usr_0415,organic,22,6,True,wifi,498.1,1,55.5,False,False,browse,False,0.2678
sess_01608,usr_2080,push_notification,13,1,False,cellular,164.1,3,21.5,False,True,act,True,0.6204
sess_01609,usr_2211,organic,17,6,True,cellular,256.0,4,44.8,True,False,browse,False,0.3456
sess_01610,usr_2157,organic,20,3,False,wifi,228.6,1,10.3,False,False,browse,False,0.279
sess_01611,usr_0155,push_notification,16,3,False,cellular,224.6,2,6.6,True,True,act,False,0.5048
sess_01612,usr_1380,widget,12,2,False,wifi,99.1,1,1.5,False,False,act,True,0.82
sess_01613,usr_0537,organic,20,1,False,cellular,263.5,4,11.0,False,False,browse,True,0.6322
sess_01614,usr_2447,push_notification,7,5,True,cellular,226.4,2,119.8,False,False,browse,True,0.7819
sess_01615,usr_1544,push_notification,18,2,False,cellular,330.6,2,27.6,False,False,browse,True,0.8085
sess_01616,usr_0632,organic,21,0,False,wifi,133.9,2,15.0,False,False,act,False,0.3184
sess_01617,usr_0665,organic,21,0,False,cellular,308.7,2,25.5,False,True,browse,False,0.595
sess_01618,usr_0741,push_notification,13,0,False,wifi,307.7,1,11.3,True,False,browse,False,0.2837
sess_01619,usr_0679,widget,21,0,False,wifi,335.5,2,34.3,False,False,browse,False,0.5196
sess_01620,usr_1793,organic,6,2,False,wifi,341.6,1,6.4,False,False,browse,False,0.5614
sess_01621,usr_0179,organic,19,0,False,cellular,34.9,3,53.1,True,False,act,True,0.8228
sess_01622,usr_1683,organic,16,0,False,cellular,209.5,3,5.4,False,False,browse,False,0.2162
sess_01623,usr_1493,organic,19,6,True,wifi,174.0,1,4.9,False,False,browse,False,0.4823
sess_01624,usr_0973,push_notification,19,0,False,wifi,164.6,3,6.5,True,False,act,False,0.5487
sess_01625,usr_1820,push_notification,17,2,False,cellular,161.5,5,2.5,True,False,act,False,0.5975
sess_01626,usr_1168,widget,21,1,False,cellular,197.6,1,42.3,False,False,browse,False,0.3115
sess_01627,usr_1839,organic,8,6,True,wifi,241.7,1,46.7,True,False,browse,False,0.5238
sess_01628,usr_0959,organic,10,2,False,cellular,225.7,1,23.4,False,False,browse,False,0.3946
sess_01629,usr_2188,push_notification,13,1,False,wifi,59.3,3,5.4,False,False,act,True,0.7653
sess_01630,usr_0980,organic,9,6,True,cellular,281.7,3,15.0,False,True,browse,False,0.3148
sess_01631,usr_1268,organic,18,2,False,wifi,502.7,1,8.4,False,False,browse,False,0.3484
sess_01632,usr_1922,push_notification,17,1,False,wifi,169.8,3,15.1,False,False,act,True,0.6637
sess_01633,usr_0795,organic,20,2,False,cellular,268.7,1,11.8,False,False,browse,True,0.6329
sess_01634,usr_1507,push_notification,10,1,False,wifi,294.0,3,11.4,False,False,browse,True,0.5973
sess_01635,usr_2337,push_notification,10,2,False,cellular,122.3,2,18.1,False,False,act,True,0.8332
sess_01636,usr_1805,organic,17,1,False,wifi,377.7,1,10.8,False,False,browse,False,0.3573
sess_01637,usr_1892,organic,16,4,False,wifi,148.3,1,7.0,False,False,act,True,0.8626
sess_01638,usr_1155,organic,20,5,True,cellular,404.8,2,9.7,False,False,browse,False,0.4902
sess_01639,usr_1565,widget,1,1,False,cellular,281.8,4,9.0,False,False,browse,True,0.6601
sess_01640,usr_2060,push_notification,4,1,False,wifi,122.1,2,96.5,False,True,act,True,0.5623
sess_01641,usr_2161,organic,12,4,False,cellular,381.1,1,27.6,False,False,browse,False,0.511
sess_01642,usr_1715,push_notification,9,3,False,cellular,138.8,2,51.1,False,False,act,True,0.8457
sess_01643,usr_0664,organic,20,3,False,cellular,416.9,2,8.6,False,False,browse,True,0.7774
sess_01644,usr_0818,organic,8,2,False,wifi,211.1,5,28.2,False,False,browse,False,0.3543
sess_01645,usr_2477,widget,17,2,False,cellular,66.1,2,3.2,False,True,act,True,0.8726
sess_01646,usr_0567,push_notification,16,3,False,cellular,108.7,2,4.9,False,False,act,True,0.8797
sess_01647,usr_1025,organic,19,5,True,cellular,129.0,2,6.5,False,False,act,True,0.602
sess_01648,usr_0214,push_notification,19,1,False,wifi,159.3,2,168.0,True,False,act,True,0.774
sess_01649,usr_1969,organic,10,5,True,wifi,260.8,1,5.5,False,False,browse,True,0.5845
sess_01650,usr_1521,push_notification,8,0,False,wifi,258.7,1,8.2,True,False,browse,False,0.3386
sess_01651,usr_2272,push_notification,7,2,False,wifi,199.5,1,93.3,True,True,act,True,0.6886
sess_01652,usr_0421,push_notification,9,6,True,wifi,124.4,2,24.6,False,False,act,True,0.7471
sess_01653,usr_2114,push_notification,20,5,True,cellular,130.8,2,4.8,False,True,act,False,0.5675
sess_01654,usr_0511,push_notification,17,4,False,cellular,121.3,2,21.6,False,False,act,False,0.5026
sess_01655,usr_1168,push_notification,12,2,False,wifi,239.1,4,71.5,False,False,browse,False,0.543
sess_01656,usr_0344,push_notification,8,4,False,wifi,510.1,1,13.9,False,False,browse,False,0.5674
sess_01657,usr_0657,widget,15,0,False,cellular,252.5,1,10.4,False,False,browse,True,0.6598
sess_01658,usr_1118,push_notification,9,1,False,wifi,113.1,1,8.4,True,False,act,False,0.3278
sess_01659,usr_1841,push_notification,12,2,False,cellular,100.9,2,1.5,False,False,act,True,0.6542
sess_01660,usr_2103,organic,9,6,True,wifi,328.8,2,11.3,True,False,browse,False,0.4675
sess_01661,usr_0604,widget,19,0,False,wifi,111.0,2,1.4,False,True,act,True,0.5629
sess_01662,usr_1792,push_notification,10,4,False,wifi,207.6,3,9.8,True,False,browse,True,0.7918
sess_01663,usr_0376,push_notification,22,6,True,cellular,182.3,2,19.4,False,False,act,True,0.8553
sess_01664,usr_0910,organic,14,0,False,wifi,218.7,2,7.6,True,False,browse,False,0.5924
sess_01665,usr_1848,push_notification,16,1,False,wifi,162.1,1,53.2,True,False,browse,False,0.3134
sess_01666,usr_1432,widget,20,6,True,wifi,70.9,3,35.8,True,False,act,True,0.6361
sess_01667,usr_0110,organic,18,5,True,cellular,94.9,2,6.2,False,False,act,False,0.3769
sess_01668,usr_1700,organic,21,6,True,wifi,214.0,2,97.1,False,True,browse,False,0.5268
sess_01669,usr_0219,push_notification,13,1,False,wifi,264.2,1,9.9,True,False,browse,False,0.3489
sess_01670,usr_1624,widget,7,0,False,wifi,291.8,1,33.6,False,False,browse,True,0.6162
sess_01671,usr_2057,organic,16,1,False,wifi,275.2,1,15.3,False,False,browse,False,0.5217
sess_01672,usr_1532,widget,9,1,False,wifi,232.6,2,38.3,False,False,browse,False,0.5264
sess_01673,usr_0966,organic,15,5,True,cellular,207.4,1,39.1,True,False,browse,False,0.5596
sess_01674,usr_1582,organic,12,3,False,wifi,294.8,3,11.2,False,False,browse,True,0.824
sess_01675,usr_0335,push_notification,18,0,False,wifi,131.6,4,25.4,False,False,act,False,0.522
sess_01676,usr_1536,widget,18,5,True,wifi,154.8,2,3.5,True,True,act,True,0.5994
sess_01677,usr_0920,organic,18,3,False,cellular,151.4,1,46.6,True,False,act,True,0.77
sess_01678,usr_0116,push_notification,21,1,False,wifi,298.2,1,21.3,False,False,browse,False,0.4362
sess_01679,usr_1306,organic,18,0,False,wifi,212.6,4,13.3,False,False,browse,False,0.3112
sess_01680,usr_0406,organic,18,4,False,cellular,185.7,3,40.2,True,False,browse,False,0.5528
sess_01681,usr_1374,push_notification,11,5,True,wifi,190.4,3,7.2,True,False,act,False,0.5466
sess_01682,usr_0599,widget,19,5,True,wifi,131.3,2,18.5,False,False,act,True,0.6211
sess_01683,usr_0564,organic,20,1,False,cellular,344.3,1,41.0,False,True,browse,False,0.389
sess_01684,usr_0157,widget,19,3,False,wifi,95.5,2,2.8,False,False,act,False,0.5148
sess_01685,usr_1176,organic,16,4,False,cellular,357.3,1,2.8,False,False,browse,False,0.5726
sess_01686,usr_1936,organic,20,2,False,cellular,214.6,1,5.2,True,False,browse,False,0.3453
sess_01687,usr_0569,organic,23,3,False,wifi,123.2,3,15.2,False,False,act,False,0.385
sess_01688,usr_1922,organic,17,0,False,wifi,309.4,1,76.4,False,True,browse,False,0.3137
sess_01689,usr_1838,push_notification,9,6,True,wifi,166.0,3,2.9,True,False,act,True,0.8081
sess_01690,usr_0022,push_notification,1,3,False,wifi,154.6,5,2.5,False,False,act,True,0.614
sess_01691,usr_0325,push_notification,19,5,True,wifi,287.5,1,13.1,True,False,browse,False,0.4692
sess_01692,usr_0078,organic,4,5,True,wifi,142.5,3,2.7,False,False,act,True,0.8365
sess_01693,usr_1049,organic,18,2,False,cellular,240.1,1,7.4,True,False,browse,True,0.8893
sess_01694,usr_0884,organic,11,6,True,wifi,326.6,3,2.2,False,False,browse,False,0.3276
sess_01695,usr_0613,widget,12,1,False,cellular,99.4,3,8.4,True,False,act,True,0.6518
sess_01696,usr_2248,push_notification,6,6,True,wifi,66.7,1,105.0,False,True,act,True,0.8027
sess_01697,usr_2494,push_notification,21,0,False,cellular,149.8,2,35.8,False,False,act,True,0.7789
sess_01698,usr_2162,organic,7,3,False,wifi,230.6,1,24.6,True,True,browse,True,0.6308
sess_01699,usr_1734,organic,16,6,True,wifi,95.5,1,57.3,False,False,browse,True,0.5769
sess_01700,usr_0456,organic,21,6,True,cellular,329.9,1,1.1,False,False,browse,False,0.2584
sess_01701,usr_1181,push_notification,9,2,False,wifi,156.1,2,6.1,False,False,act,True,0.5868
sess_01702,usr_0974,organic,19,3,False,cellular,243.7,2,31.5,False,False,browse,True,0.5299
sess_01703,usr_1234,organic,8,4,False,wifi,279.8,1,23.3,False,False,browse,False,0.5587
sess_01704,usr_0500,widget,13,1,False,wifi,133.5,2,3.4,False,False,act,True,0.8363
sess_01705,usr_0196,organic,19,0,False,wifi,200.8,1,13.4,True,False,browse,False,0.5387
sess_01706,usr_0977,widget,11,5,True,wifi,152.0,1,49.6,False,True,browse,False,0.5517
sess_01707,usr_1720,organic,20,5,True,wifi,183.7,3,3.3,False,False,browse,False,0.5518
sess_01708,usr_1873,organic,18,2,False,wifi,375.6,1,8.2,False,False,browse,False,0.4779
sess_01709,usr_0258,organic,8,6,True,cellular,342.2,2,7.5,False,False,browse,False,0.5022
sess_01710,usr_0455,push_notification,19,3,False,wifi,76.5,2,17.2,False,False,act,False,0.5241
sess_01711,usr_2048,organic,10,5,True,wifi,280.8,5,10.0,False,False,browse,False,0.2501
sess_01712,usr_2445,organic,13,1,False,wifi,405.4,4,8.3,False,False,browse,True,0.633
sess_01713,usr_2196,push_notification,10,4,False,cellular,106.0,2,52.9,False,True,act,False,0.5768
sess_01714,usr_0068,organic,13,4,False,cellular,385.9,3,18.5,False,False,browse,False,0.4942
sess_01715,usr_2111,organic,17,2,False,cellular,417.2,1,10.9,True,False,browse,False,0.514
sess_01716,usr_2356,push_notification,3,0,False,wifi,108.1,3,39.1,True,True,act,True,0.6074
sess_01717,usr_0991,organic,9,2,False,wifi,168.5,1,6.7,False,False,act,True,0.7892
sess_01718,usr_0589,organic,20,6,True,wifi,217.8,1,9.1,False,False,browse,True,0.8411
sess_01719,usr_1194,push_notification,15,5,True,cellular,159.8,2,8.9,False,False,act,True,0.8193
sess_01720,usr_1759,organic,17,3,False,wifi,108.8,1,15.5,False,False,browse,False,0.4914
sess_01721,usr_0007,organic,21,1,False,wifi,344.3,1,14.8,False,True,browse,False,0.4842
sess_01722,usr_1446,organic,19,3,False,wifi,161.2,2,4.4,True,False,act,True,0.8271
sess_01723,usr_0986,widget,19,4,False,cellular,116.7,3,26.2,False,True,act,True,0.8105
sess_01724,usr_2338,organic,9,6,True,cellular,338.0,2,3.3,False,False,browse,False,0.4205
sess_01725,usr_1707,push_notification,14,2,False,wifi,176.1,1,5.9,False,False,act,True,0.8595
sess_01726,usr_0768,push_notification,11,3,False,cellular,132.5,2,1.8,False,True,act,True,0.752
sess_01727,usr_0351,widget,14,4,False,wifi,92.8,2,13.1,False,True,act,True,0.589
sess_01728,usr_2145,widget,13,6,True,wifi,127.2,3,19.7,False,True,act,True,0.5909
sess_01729,usr_1478,push_notification,19,3,False,wifi,204.3,2,118.4,True,False,browse,True,0.6156
sess_01730,usr_0278,push_notification,17,3,False,wifi,58.7,3,29.4,False,False,act,True,0.7369
sess_01731,usr_2155,push_notification,17,3,False,wifi,104.4,4,5.6,True,False,act,False,0.4936
sess_01732,usr_2229,push_notification,5,2,False,wifi,187.4,3,48.3,False,True,act,False,0.4614
sess_01733,usr_2079,push_notification,15,0,False,wifi,119.4,4,2.6,False,False,act,False,0.5175
sess_01734,usr_2080,organic,21,1,False,wifi,310.0,3,61.4,True,False,browse,False,0.5184
sess_01735,usr_2270,push_notification,21,0,False,wifi,157.5,3,4.0,False,False,act,False,0.586
sess_01736,usr_0084,widget,17,3,False,cellular,293.1,1,6.8,False,False,browse,False,0.484
sess_01737,usr_1600,widget,10,6,True,cellular,169.5,1,3.1,True,False,browse,False,0.5202
sess_01738,usr_1926,widget,17,0,False,cellular,179.9,1,19.6,False,True,act,True,0.5997
sess_01739,usr_0179,widget,14,1,False,wifi,205.7,1,9.4,False,False,browse,False,0.5787
sess_01740,usr_1585,organic,9,1,False,cellular,173.1,1,1.8,False,False,browse,False,0.3713
sess_01741,usr_1530,push_notification,18,0,False,cellular,78.7,2,11.3,False,False,act,False,0.505
sess_01742,usr_1039,push_notification,11,0,False,cellular,228.9,2,29.3,False,False,browse,False,0.2855
sess_01743,usr_0067,organic,20,4,False,wifi,365.9,2,3.6,False,False,browse,True,0.5801
sess_01744,usr_1463,push_notification,8,3,False,wifi,71.8,2,45.4,False,False,act,False,0.4977
sess_01745,usr_0277,push_notification,15,4,False,wifi,171.4,2,5.8,False,True,act,True,0.6527
sess_01746,usr_1413,organic,15,0,False,cellular,440.6,1,63.7,False,False,browse,True,0.7807
sess_01747,usr_0988,organic,13,4,False,cellular,48.7,1,61.4,False,False,act,True,0.6191
sess_01748,usr_0425,push_notification,15,2,False,cellular,183.9,2,16.5,True,False,act,False,0.3118
sess_01749,usr_2384,organic,18,1,False,cellular,359.9,1,168.0,False,False,browse,True,0.7361
sess_01750,usr_1362,organic,18,0,False,wifi,122.7,1,7.5,False,True,act,False,0.5352
sess_01751,usr_0547,push_notification,17,4,False,wifi,246.9,1,2.0,False,False,browse,False,0.5145
sess_01752,usr_0182,organic,17,0,False,wifi,200.7,1,53.0,False,False,browse,False,0.2777
sess_01753,usr_1444,push_notification,17,0,False,cellular,80.6,2,49.4,False,False,act,True,0.6468
sess_01754,usr_2237,push_notification,10,6,True,wifi,177.2,4,2.5,False,False,act,True,0.6857
sess_01755,usr_1387,push_notification,17,2,False,wifi,273.0,1,2.7,True,False,browse,False,0.3652
sess_01756,usr_0718,organic,18,6,True,wifi,222.3,1,71.7,False,False,browse,False,0.5023
sess_01757,usr_1904,organic,18,6,True,wifi,172.3,3,32.1,False,False,act,True,0.7331
sess_01758,usr_1961,widget,8,2,False,cellular,198.9,4,2.7,True,False,browse,False,0.3024
sess_01759,usr_0747,organic,16,1,False,cellular,173.1,3,0.3,False,False,act,True,0.5276
sess_01760,usr_0553,organic,19,0,False,cellular,343.8,1,15.6,False,False,browse,False,0.4826
sess_01761,usr_0259,organic,3,2,False,wifi,219.9,1,47.0,False,False,browse,False,0.3011
sess_01762,usr_1875,widget,20,2,False,wifi,151.1,1,49.7,False,False,act,True,0.7711
sess_01763,usr_0152,organic,17,1,False,wifi,130.4,2,3.3,True,False,act,True,0.5695
sess_01764,usr_1202,push_notification,16,3,False,cellular,154.7,1,3.4,False,False,act,True,0.5509
sess_01765,usr_0826,push_notification,17,5,True,wifi,272.3,2,9.2,False,False,act,False,0.3409
sess_01766,usr_0180,organic,8,2,False,wifi,307.8,1,23.4,False,False,browse,False,0.5134
sess_01767,usr_0818,organic,3,0,False,cellular,279.3,4,3.3,True,True,browse,True,0.5952
sess_01768,usr_0172,organic,16,3,False,wifi,111.6,3,25.4,False,False,act,True,0.7856
sess_01769,usr_1293,push_notification,9,6,True,cellular,105.1,2,1.8,True,False,act,True,0.5939
sess_01770,usr_1271,organic,15,2,False,cellular,394.6,1,83.8,False,False,browse,False,0.517
sess_01771,usr_2112,organic,14,3,False,wifi,289.7,1,31.2,True,False,browse,False,0.5283
sess_01772,usr_1632,organic,8,1,False,cellular,415.9,1,12.1,False,False,browse,False,0.5029
sess_01773,usr_2225,organic,17,4,False,wifi,386.8,1,5.7,False,False,browse,True,0.5595
sess_01774,usr_1940,organic,18,6,True,wifi,380.9,1,11.8,True,False,browse,False,0.3089
sess_01775,usr_1038,push_notification,7,3,False,cellular,78.1,2,46.3,False,True,act,True,0.8126
sess_01776,usr_0150,organic,23,3,False,cellular,321.5,1,68.4,False,False,browse,False,0.531
sess_01777,usr_0783,organic,7,1,False,wifi,171.3,2,76.6,False,False,browse,False,0.2517
sess_01778,usr_1172,push_notification,4,4,False,cellular,193.4,1,62.1,False,False,browse,False,0.2644
sess_01779,usr_1463,organic,11,3,False,cellular,352.0,1,23.6,True,False,browse,False,0.3131
sess_01780,usr_0196,organic,18,4,False,cellular,99.7,4,4.3,False,True,act,False,0.514
sess_01781,usr_1360,widget,22,1,False,cellular,93.4,2,2.9,False,False,act,True,0.592
sess_01782,usr_1120,widget,20,0,False,cellular,300.5,1,49.3,False,False,browse,False,0.3047
sess_01783,usr_0510,widget,5,2,False,wifi,88.9,1,6.1,False,False,act,True,0.6635
sess_01784,usr_1508,organic,8,1,False,cellular,104.9,1,17.6,True,False,act,True,0.7758
sess_01785,usr_1790,push_notification,19,5,True,wifi,103.2,3,19.0,False,False,act,True,0.6292
sess_01786,usr_1639,push_notification,23,6,True,cellular,161.4,2,42.3,False,False,act,True,0.6062
sess_01787,usr_1802,organic,18,3,False,wifi,219.2,2,14.5,False,False,browse,False,0.567
sess_01788,usr_1584,organic,16,4,False,cellular,282.0,1,3.2,False,False,browse,False,0.317
sess_01789,usr_1389,organic,22,5,True,cellular,292.6,2,28.0,False,False,browse,False,0.3425
sess_01790,usr_0766,widget,8,2,False,wifi,132.4,5,5.1,False,False,act,True,0.5885
sess_01791,usr_2033,organic,3,6,True,cellular,126.7,3,16.4,False,True,act,True,0.7756
sess_01792,usr_2038,organic,18,5,True,wifi,265.1,2,3.3,False,False,browse,False,0.2864
sess_01793,usr_1505,push_notification,17,2,False,wifi,102.2,2,11.3,False,False,act,True,0.8109
sess_01794,usr_2127,push_notification,20,0,False,cellular,112.6,4,7.9,True,False,act,False,0.2509
sess_01795,usr_1093,widget,20,4,False,wifi,79.9,2,12.2,False,False,act,False,0.2942
sess_01796,usr_0339,organic,13,5,True,cellular,204.4,2,7.0,False,False,browse,False,0.3523
sess_01797,usr_1739,widget,8,5,True,wifi,166.9,1,54.1,True,False,browse,False,0.5471
sess_01798,usr_0324,push_notification,6,3,False,wifi,294.9,1,5.7,True,False,browse,False,0.5385
sess_01799,usr_1764,organic,10,2,False,wifi,358.2,1,26.8,True,False,browse,False,0.2444
sess_01800,usr_2468,organic,6,3,False,wifi,124.6,4,5.6,False,True,act,True,0.8517
sess_01801,usr_0740,widget,16,5,True,wifi,187.2,1,2.0,True,False,act,True,0.7717
sess_01802,usr_2235,widget,8,5,True,wifi,265.7,1,69.4,True,False,browse,False,0.2759
sess_01803,usr_1204,push_notification,1,2,False,wifi,121.4,1,48.8,False,True,act,False,0.3274
sess_01804,usr_1316,push_notification,18,1,False,cellular,76.9,2,9.3,False,True,act,True,0.8433
sess_01805,usr_0421,organic,13,0,False,wifi,204.2,3,10.6,True,False,browse,False,0.3724
sess_01806,usr_0328,organic,15,5,True,wifi,146.0,3,4.4,False,True,browse,False,0.4904
sess_01807,usr_1344,organic,6,5,True,cellular,214.6,1,7.1,False,True,browse,False,0.5655
sess_01808,usr_1211,widget,19,0,False,wifi,353.4,1,23.8,True,True,browse,False,0.3146
sess_01809,usr_1256,organic,20,6,True,wifi,241.8,2,2.1,False,False,browse,False,0.2841
sess_01810,usr_1827,widget,9,3,False,wifi,119.0,2,32.8,False,False,act,True,0.597
sess_01811,usr_2469,organic,19,4,False,wifi,355.0,1,33.7,False,False,browse,True,0.6389
sess_01812,usr_1746,organic,15,5,True,wifi,130.8,2,3.3,False,True,act,False,0.3319
sess_01813,usr_0683,organic,21,2,False,wifi,117.4,2,7.7,False,True,act,True,0.8574
sess_01814,usr_1819,organic,19,4,False,cellular,351.7,2,13.1,False,False,browse,False,0.2406
sess_01815,usr_1440,push_notification,15,2,False,cellular,317.4,3,31.5,False,False,browse,False,0.4489
sess_01816,usr_1832,organic,20,3,False,wifi,98.4,2,8.8,False,True,act,False,0.3645
sess_01817,usr_0174,organic,22,0,False,wifi,239.9,4,4.1,False,False,browse,False,0.5392
sess_01818,usr_1445,organic,20,6,True,wifi,251.8,2,37.3,True,True,browse,True,0.5763
sess_01819,usr_1782,organic,22,6,True,cellular,129.2,2,24.5,True,False,act,False,0.447
sess_01820,usr_1125,push_notification,17,2,False,wifi,176.7,2,14.3,False,False,act,True,0.8513
sess_01821,usr_0235,widget,22,2,False,cellular,235.9,1,11.1,False,False,browse,True,0.6115
sess_01822,usr_0308,widget,9,0,False,wifi,255.9,1,22.3,True,False,browse,False,0.3024
sess_01823,usr_1664,organic,12,1,False,wifi,414.6,2,5.0,True,False,browse,True,0.7827
sess_01824,usr_1489,organic,21,1,False,wifi,432.3,1,117.7,False,False,browse,False,0.2806
sess_01825,usr_2102,organic,3,6,True,cellular,171.9,1,1.9,True,False,browse,False,0.3428
sess_01826,usr_0656,push_notification,21,0,False,cellular,282.1,1,7.7,False,False,browse,False,0.3676
sess_01827,usr_0128,widget,8,5,True,cellular,169.4,5,0.8,False,False,act,True,0.8072
sess_01828,usr_0585,organic,11,3,False,wifi,356.0,2,3.3,False,False,browse,False,0.4506
sess_01829,usr_2489,push_notification,18,0,False,wifi,108.1,2,65.4,True,False,act,False,0.4899
sess_01830,usr_1795,widget,11,1,False,wifi,127.2,1,15.4,False,False,act,True,0.7707
sess_01831,usr_0143,organic,6,5,True,wifi,279.8,5,48.1,False,False,browse,False,0.4729
sess_01832,usr_0518,organic,8,3,False,cellular,226.0,2,4.3,True,False,browse,False,0.4304
sess_01833,usr_0276,organic,8,0,False,wifi,230.3,1,48.6,True,False,browse,True,0.5355
sess_01834,usr_0967,push_notification,4,6,True,cellular,326.9,3,15.2,True,False,browse,True,0.8353
sess_01835,usr_1501,organic,3,6,True,wifi,444.7,1,14.2,False,False,browse,False,0.3119
sess_01836,usr_1484,widget,19,1,False,wifi,107.3,2,10.0,True,True,act,False,0.302
sess_01837,usr_1569,push_notification,13,1,False,wifi,127.9,4,83.6,False,True,act,True,0.8211
sess_01838,usr_2324,push_notification,9,0,False,wifi,118.8,2,11.0,False,False,act,True,0.8681
sess_01839,usr_0133,push_notification,5,4,False,wifi,120.3,3,16.5,True,False,act,False,0.372
sess_01840,usr_2479,organic,13,4,False,wifi,309.5,1,79.5,False,False,browse,False,0.3768
sess_01841,usr_0629,widget,6,6,True,cellular,23.1,2,15.5,False,False,act,False,0.5194
sess_01842,usr_1843,widget,17,1,False,cellular,387.5,2,47.6,False,False,browse,False,0.5267
sess_01843,usr_1520,push_notification,9,3,False,wifi,132.7,2,4.0,True,False,act,True,0.7722
sess_01844,usr_1524,push_notification,10,5,True,cellular,218.0,2,21.3,False,False,browse,False,0.3802
sess_01845,usr_1819,organic,8,6,True,wifi,289.6,1,12.4,True,False,browse,False,0.4851
sess_01846,usr_0315,push_notification,12,2,False,wifi,132.3,2,14.3,False,False,act,True,0.7691
sess_01847,usr_2351,widget,10,6,True,wifi,216.4,2,8.7,True,False,browse,True,0.8296
sess_01848,usr_0564,push_notification,16,4,False,wifi,202.4,1,15.0,False,False,browse,True,0.5702
sess_01849,usr_2169,organic,19,6,True,cellular,180.0,1,1.4,False,False,browse,False,0.3113
sess_01850,usr_1504,push_notification,9,2,False,cellular,295.2,4,113.6,True,False,browse,False,0.5211
sess_01851,usr_1631,push_notification,11,5,True,wifi,52.1,2,27.5,True,False,act,True,0.7611
sess_01852,usr_1288,organic,18,4,False,wifi,234.0,1,86.0,True,False,browse,False,0.3753
sess_01853,usr_1142,organic,18,6,True,cellular,176.5,1,15.0,False,False,browse,False,0.2659
sess_01854,usr_1023,push_notification,10,6,True,cellular,145.0,2,6.3,False,False,act,True,0.8558
sess_01855,usr_0465,push_notification,7,5,True,cellular,48.4,4,7.7,False,False,act,True,0.65
sess_01856,usr_0107,push_notification,12,1,False,wifi,76.2,4,19.2,False,False,act,False,0.2787
sess_01857,usr_0763,widget,22,5,True,wifi,231.9,1,4.3,True,False,browse,False,0.323
sess_01858,usr_2045,widget,18,3,False,wifi,144.2,2,12.6,True,False,browse,False,0.2967
sess_01859,usr_2121,organic,15,5,True,wifi,283.5,2,4.8,True,True,browse,False,0.3052
sess_01860,usr_1586,push_notification,20,5,True,cellular,113.1,1,4.6,True,False,act,True,0.8728
sess_01861,usr_2301,widget,14,0,False,wifi,267.6,2,12.5,False,False,browse,True,0.89
sess_01862,usr_0483,widget,18,0,False,wifi,427.2,1,4.5,False,False,browse,True,0.6167
sess_01863,usr_1073,push_notification,14,5,True,wifi,127.4,2,16.6,False,False,act,True,0.8311
sess_01864,usr_1067,push_notification,23,1,False,cellular,45.6,1,6.8,True,False,act,True,0.7595
sess_01865,usr_1828,widget,10,4,False,wifi,218.5,1,3.7,True,False,browse,False,0.5848
sess_01866,usr_0879,push_notification,18,5,True,cellular,105.9,3,8.7,False,False,act,True,0.8567
sess_01867,usr_1170,organic,15,1,False,wifi,172.4,3,5.1,False,False,browse,False,0.4453
sess_01868,usr_2012,organic,17,1,False,cellular,222.6,1,7.9,True,False,browse,False,0.4867
sess_01869,usr_0820,push_notification,17,1,False,wifi,104.0,3,20.7,True,True,act,True,0.7551
sess_01870,usr_0503,push_notification,20,3,False,wifi,208.4,1,25.1,True,False,act,True,0.7931
sess_01871,usr_0556,organic,11,4,False,wifi,121.2,5,9.9,False,False,browse,True,0.6435
sess_01872,usr_0304,push_notification,17,6,True,wifi,214.7,2,16.7,True,False,act,True,0.6076
sess_01873,usr_1852,push_notification,11,0,False,cellular,359.5,2,13.3,False,False,browse,False,0.3405
sess_01874,usr_0708,widget,19,2,False,wifi,156.6,3,9.5,True,False,act,True,0.8254
sess_01875,usr_1824,organic,9,1,False,wifi,339.0,2,5.2,False,False,browse,False,0.3137
sess_01876,usr_0360,organic,9,1,False,wifi,122.5,2,125.0,True,False,act,False,0.5289
sess_01877,usr_1310,widget,11,3,False,wifi,147.2,5,6.1,False,False,act,True,0.7766
sess_01878,usr_1424,organic,3,3,False,cellular,221.4,2,15.5,False,True,act,True,0.7882
sess_01879,usr_0266,widget,16,3,False,cellular,274.5,2,27.4,True,False,browse,True,0.7487
sess_01880,usr_2253,widget,14,5,True,wifi,120.8,2,15.0,True,True,act,True,0.5961
sess_01881,usr_2221,push_notification,19,2,False,wifi,152.8,2,4.3,False,False,act,True,0.6258
sess_01882,usr_1190,organic,19,6,True,wifi,234.7,1,12.0,True,False,browse,False,0.3169
sess_01883,usr_1229,push_notification,23,4,False,wifi,391.0,1,48.7,False,False,browse,False,0.268
sess_01884,usr_0646,push_notification,20,1,False,wifi,128.7,2,21.1,False,True,act,True,0.7732
sess_01885,usr_0714,push_notification,8,0,False,wifi,162.8,3,36.8,False,False,act,True,0.5337
sess_01886,usr_1481,push_notification,19,3,False,wifi,74.8,3,2.8,False,False,act,True,0.6333
sess_01887,usr_2084,widget,14,3,False,cellular,306.7,1,5.0,False,False,browse,True,0.8454
sess_01888,usr_0919,widget,8,6,True,wifi,95.0,5,3.4,False,False,act,False,0.4027
sess_01889,usr_0498,organic,8,1,False,wifi,163.8,3,4.7,False,False,act,True,0.8184
sess_01890,usr_0824,push_notification,11,1,False,cellular,90.7,2,16.4,False,True,act,False,0.35
sess_01891,usr_0569,widget,18,3,False,wifi,329.4,1,4.4,False,False,browse,False,0.255
sess_01892,usr_0970,organic,8,2,False,wifi,278.4,1,9.0,True,False,browse,False,0.3776
sess_01893,usr_2024,push_notification,20,5,True,wifi,153.5,1,22.2,True,False,act,True,0.6884
sess_01894,usr_0108,push_notification,12,6,True,wifi,105.2,5,4.1,False,False,act,False,0.5246
sess_01895,usr_1479,push_notification,12,3,False,cellular,394.3,1,14.6,False,False,browse,False,0.5662
sess_01896,usr_2270,organic,12,4,False,wifi,326.6,3,15.7,False,False,browse,False,0.4611
sess_01897,usr_2345,organic,17,2,False,wifi,285.7,3,10.6,False,False,browse,False,0.5024
sess_01898,usr_1512,organic,7,6,True,cellular,66.9,2,5.6,True,False,browse,False,0.4187
sess_01899,usr_1915,organic,18,5,True,wifi,176.8,1,14.6,False,False,browse,False,0.5403
sess_01900,usr_2260,push_notification,7,6,True,wifi,224.9,3,13.5,False,True,browse,True,0.6371
sess_01901,usr_0532,widget,7,5,True,wifi,342.4,2,28.9,False,False,browse,True,0.8724
sess_01902,usr_0354,push_notification,13,0,False,wifi,162.9,2,29.6,False,False,act,True,0.6674
sess_01903,usr_0270,organic,16,1,False,wifi,317.9,3,7.1,False,False,browse,True,0.7706
sess_01904,usr_1267,push_notification,16,2,False,wifi,70.4,3,23.7,True,False,act,True,0.8918
sess_01905,usr_1631,push_notification,11,2,False,wifi,138.7,3,1.7,False,True,act,True,0.8704
sess_01906,usr_1961,organic,22,4,False,wifi,282.1,3,0.7,True,False,browse,False,0.3453
sess_01907,usr_2154,organic,7,0,False,wifi,233.7,1,8.3,False,False,browse,False,0.2699
sess_01908,usr_1683,widget,14,3,False,wifi,333.9,1,21.9,True,False,browse,False,0.4843
sess_01909,usr_1678,organic,21,4,False,wifi,101.7,3,7.9,False,False,act,True,0.5712
sess_01910,usr_2355,widget,18,5,True,wifi,158.3,3,22.6,False,False,act,True,0.7877
sess_01911,usr_0303,push_notification,18,1,False,cellular,95.8,2,16.0,False,True,act,False,0.5645
sess_01912,usr_0514,organic,13,6,True,wifi,301.2,1,3.7,False,False,browse,False,0.3152
sess_01913,usr_1299,widget,1,6,True,cellular,253.2,1,14.9,True,False,browse,False,0.2382
sess_01914,usr_0304,organic,19,1,False,cellular,367.0,3,0.9,True,False,browse,False,0.4988
sess_01915,usr_1844,organic,12,4,False,cellular,318.9,3,19.5,True,False,browse,True,0.8196
sess_01916,usr_1909,push_notification,13,1,False,cellular,74.7,2,8.9,False,True,act,True,0.7953
sess_01917,usr_2120,push_notification,16,6,True,cellular,209.7,3,53.5,False,False,act,True,0.608
sess_01918,usr_1412,organic,13,0,False,cellular,383.3,2,24.4,False,False,browse,False,0.3349
sess_01919,usr_0526,organic,15,5,True,wifi,224.2,1,14.6,False,False,browse,True,0.6685
sess_01920,usr_2259,organic,9,1,False,wifi,110.6,4,12.2,False,False,act,True,0.6466
sess_01921,usr_2408,organic,22,2,False,wifi,199.2,3,10.9,False,False,act,True,0.8247
sess_01922,usr_0746,organic,8,0,False,wifi,225.9,2,12.1,True,False,browse,False,0.2933
sess_01923,usr_0529,organic,18,4,False,wifi,84.2,1,37.1,False,True,browse,False,0.2853
sess_01924,usr_1773,push_notification,19,1,False,wifi,305.3,3,16.5,True,False,browse,False,0.4631
sess_01925,usr_2060,organic,12,0,False,wifi,417.5,1,9.3,False,False,browse,False,0.3206
sess_01926,usr_0227,organic,15,2,False,cellular,352.7,1,7.3,True,False,browse,False,0.5867
sess_01927,usr_0509,widget,8,5,True,wifi,123.9,2,17.5,True,False,browse,False,0.3186
sess_01928,usr_2123,push_notification,2,2,False,wifi,139.2,2,2.9,True,False,act,True,0.8713
sess_01929,usr_0627,push_notification,12,5,True,cellular,107.2,3,23.1,False,False,act,True,0.8012
sess_01930,usr_1246,push_notification,21,2,False,cellular,138.4,4,39.0,False,False,act,True,0.8674
sess_01931,usr_0675,organic,1,3,False,wifi,69.0,1,2.0,True,False,act,True,0.6094
sess_01932,usr_0664,organic,13,3,False,cellular,108.2,1,6.4,False,False,browse,True,0.7977
sess_01933,usr_1322,widget,7,3,False,wifi,78.5,2,11.1,False,False,act,True,0.8428
sess_01934,usr_0924,widget,10,2,False,wifi,38.0,1,18.7,True,False,act,True,0.8
sess_01935,usr_1418,organic,8,0,False,wifi,271.8,1,6.2,True,False,browse,False,0.4424
sess_01936,usr_2126,organic,19,0,False,wifi,61.7,2,64.2,False,False,act,True,0.5827
sess_01937,usr_1164,push_notification,20,1,False,cellular,154.9,4,16.6,True,True,act,True,0.6006
sess_01938,usr_0324,push_notification,9,4,False,cellular,125.2,3,2.1,True,False,act,True,0.8568
sess_01939,usr_1027,widget,14,6,True,wifi,241.8,1,18.2,True,False,browse,False,0.5146
sess_01940,usr_0805,organic,12,3,False,cellular,239.2,1,59.6,True,False,browse,False,0.4448
sess_01941,usr_2257,widget,11,2,False,wifi,270.7,1,0.8,False,False,browse,False,0.533
sess_01942,usr_1125,organic,12,6,True,wifi,178.2,4,2.4,False,False,browse,False,0.5691
sess_01943,usr_0513,push_notification,13,3,False,cellular,88.4,4,2.0,False,False,act,True,0.8327
sess_01944,usr_1241,push_notification,7,5,True,wifi,186.7,3,42.5,False,False,act,True,0.8518
sess_01945,usr_2186,organic,10,2,False,cellular,108.5,1,1.8,False,False,browse,True,0.565
sess_01946,usr_0383,organic,7,2,False,wifi,181.6,4,26.8,True,False,browse,False,0.5158
sess_01947,usr_2059,organic,21,0,False,wifi,384.8,1,47.6,False,False,browse,False,0.3494
sess_01948,usr_0691,organic,12,2,False,wifi,125.2,2,1.4,False,False,act,True,0.8541
sess_01949,usr_2425,push_notification,0,2,False,cellular,94.4,3,43.9,True,False,act,True,0.5925
sess_01950,usr_2379,organic,19,2,False,wifi,305.4,1,4.7,False,False,browse,False,0.3285
sess_01951,usr_0632,widget,1,1,False,wifi,93.2,3,16.0,False,False,act,True,0.579
sess_01952,usr_0702,organic,15,0,False,wifi,245.6,2,4.0,False,False,browse,True,0.5908
sess_01953,usr_2479,widget,9,1,False,cellular,224.8,2,4.8,False,False,browse,False,0.3168
sess_01954,usr_1383,organic,11,6,True,wifi,255.3,1,5.1,False,False,browse,False,0.4779
sess_01955,usr_2309,push_notification,2,3,False,wifi,141.7,3,52.3,True,False,act,True,0.8225
sess_01956,usr_0169,organic,20,2,False,cellular,71.8,2,45.6,False,False,act,True,0.8421
sess_01957,usr_0117,widget,20,6,True,wifi,431.9,1,11.5,True,False,browse,False,0.4793
sess_01958,usr_0333,widget,17,2,False,wifi,73.4,1,15.8,True,False,browse,False,0.4906
sess_01959,usr_0187,widget,7,6,True,wifi,254.6,2,4.2,True,False,browse,False,0.366
sess_01960,usr_2363,push_notification,23,2,False,wifi,123.4,4,11.8,True,False,act,True,0.848
sess_01961,usr_1085,push_notification,0,3,False,wifi,149.6,3,1.4,False,False,act,False,0.5338
sess_01962,usr_0864,widget,21,5,True,wifi,294.5,1,168.0,False,False,browse,False,0.3073
sess_01963,usr_2344,push_notification,16,5,True,wifi,128.7,3,31.0,False,False,act,True,0.6653
sess_01964,usr_1707,push_notification,10,6,True,cellular,257.5,1,45.9,True,False,browse,False,0.5078
sess_01965,usr_0125,push_notification,5,2,False,wifi,238.6,2,21.6,False,True,browse,True,0.5802
sess_01966,usr_2040,widget,5,5,True,wifi,340.6,1,6.4,True,False,browse,True,0.5852
sess_01967,usr_2235,organic,19,4,False,wifi,152.7,2,2.6,False,False,act,True,0.6162
sess_01968,usr_1187,push_notification,7,6,True,cellular,253.6,5,47.7,False,False,browse,True,0.6095
sess_01969,usr_1238,organic,20,4,False,cellular,328.2,2,5.2,True,False,browse,True,0.8026
sess_01970,usr_1979,organic,17,3,False,wifi,68.6,2,2.7,True,False,act,True,0.6332
sess_01971,usr_1004,organic,20,2,False,cellular,273.8,3,5.9,True,False,browse,True,0.6405
sess_01972,usr_1664,organic,19,6,True,cellular,335.6,2,11.2,False,False,browse,False,0.515
sess_01973,usr_1219,push_notification,14,5,True,wifi,425.2,2,77.9,False,False,browse,False,0.5063
sess_01974,usr_1858,widget,6,0,False,wifi,273.6,2,35.1,True,False,browse,False,0.2892
sess_01975,usr_0299,organic,1,3,False,wifi,249.1,4,4.8,True,False,browse,False,0.2866
sess_01976,usr_0246,push_notification,9,6,True,wifi,297.1,1,1.4,False,False,browse,False,0.4752
sess_01977,usr_0648,push_notification,19,6,True,cellular,294.1,2,3.3,True,False,browse,False,0.2635
sess_01978,usr_1801,organic,7,2,False,cellular,240.6,1,9.6,True,False,browse,False,0.3167
sess_01979,usr_1703,push_notification,9,5,True,cellular,268.2,1,9.1,False,False,browse,False,0.3976
sess_01980,usr_1984,organic,18,4,False,cellular,218.8,3,7.2,True,False,browse,False,0.5288
sess_01981,usr_1903,organic,10,0,False,wifi,276.0,1,1.0,False,False,browse,False,0.2334
sess_01982,usr_0836,organic,20,0,False,wifi,159.6,2,110.2,True,False,act,True,0.6221
sess_01983,usr_1394,organic,10,5,True,wifi,320.2,1,5.9,True,True,browse,False,0.5271
sess_01984,usr_2485,organic,9,0,False,cellular,305.5,4,17.4,False,True,browse,False,0.4434
sess_01985,usr_0589,widget,18,5,True,cellular,199.1,4,62.4,True,False,browse,False,0.5018
sess_01986,usr_1281,widget,13,3,False,cellular,147.0,3,6.8,False,False,act,True,0.8133
sess_01987,usr_1308,widget,8,4,False,cellular,280.3,4,15.0,False,False,browse,False,0.4561
sess_01988,usr_1415,organic,20,2,False,cellular,451.2,3,5.7,False,False,browse,False,0.5167
sess_01989,usr_1634,widget,18,0,False,cellular,61.4,3,5.9,False,False,act,True,0.822
sess_01990,usr_0536,organic,5,2,False,cellular,191.6,1,20.8,True,False,browse,False,0.4307
sess_01991,usr_1518,organic,15,2,False,wifi,279.9,1,60.3,False,False,browse,False,0.3077
sess_01992,usr_2110,organic,17,3,False,wifi,133.9,3,60.0,False,True,act,True,0.7585
sess_01993,usr_2301,widget,7,1,False,wifi,309.4,1,68.2,False,True,browse,False,0.2679
sess_01994,usr_0435,widget,3,0,False,cellular,128.1,3,33.6,True,False,act,False,0.5878
sess_01995,usr_1308,widget,11,4,False,cellular,198.5,1,11.3,False,False,browse,False,0.2702
sess_01996,usr_0991,organic,8,3,False,wifi,180.1,2,7.2,True,False,browse,True,0.6786
sess_01997,usr_1911,push_notification,8,4,False,cellular,123.7,2,14.0,True,False,act,True,0.7776
sess_01998,usr_0502,push_notification,20,3,False,cellular,88.2,2,12.8,True,False,act,False,0.5552
sess_01999,usr_1096,push_notification,0,2,False,wifi,123.2,4,22.5,False,False,act,False,0.5079
sess_02000,usr_1842,push_notification,17,0,False,wifi,143.8,1,7.2,True,False,act,True,0.8614
sess_02001,usr_1016,organic,12,6,True,cellular,344.9,2,17.6,False,False,browse,False,0.3341
sess_02002,usr_0578,widget,18,0,False,wifi,118.1,2,2.6,False,False,act,True,0.8212
sess_02003,usr_0397,organic,2,0,False,cellular,113.2,3,1.1,False,False,act,True,0.8596
sess_02004,usr_0208,push_notification,10,1,False,cellular,279.6,5,9.3,False,False,browse,False,0.3182
sess_02005,usr_1189,organic,9,5,True,wifi,295.1,4,45.0,False,False,browse,True,0.816
sess_02006,usr_1574,push_notification,9,2,False,wifi,84.6,1,3.9,True,False,act,True,0.7943
sess_02007,usr_1713,organic,11,6,True,wifi,337.2,1,6.2,True,False,browse,False,0.3034
sess_02008,usr_1017,widget,19,2,False,wifi,241.5,5,9.0,False,True,browse,False,0.2728
sess_02009,usr_0655,organic,10,2,False,cellular,288.2,4,7.5,False,False,browse,False,0.5752
sess_02010,usr_1342,push_notification,17,1,False,cellular,360.8,3,5.5,False,False,browse,False,0.262
sess_02011,usr_2367,push_notification,15,4,False,cellular,124.4,2,31.3,False,False,act,True,0.5996
sess_02012,usr_1281,organic,23,3,False,wifi,276.4,1,3.6,True,False,browse,False,0.3218
sess_02013,usr_0778,organic,15,5,True,cellular,261.9,2,42.6,False,False,browse,False,0.4348
sess_02014,usr_0653,widget,12,1,False,cellular,388.1,2,38.2,False,False,browse,True,0.6124
sess_02015,usr_2041,widget,17,4,False,cellular,91.4,3,5.4,False,False,act,False,0.437
sess_02016,usr_2109,widget,18,3,False,cellular,323.2,3,22.5,True,False,browse,False,0.5024
sess_02017,usr_1913,widget,19,0,False,cellular,305.1,2,9.3,False,True,browse,True,0.5663
sess_02018,usr_2043,organic,6,1,False,wifi,180.0,2,11.0,False,False,act,False,0.5477
sess_02019,usr_1264,widget,5,4,False,wifi,347.0,1,36.7,True,True,browse,False,0.4594
sess_02020,usr_2038,organic,15,5,True,cellular,470.9,1,4.3,False,False,browse,False,0.2856
sess_02021,usr_0095,widget,7,6,True,cellular,217.5,2,52.8,False,False,browse,True,0.8869
sess_02022,usr_0369,push_notification,17,3,False,wifi,108.7,2,10.3,True,False,act,True,0.8064
sess_02023,usr_1611,widget,19,6,True,wifi,160.8,1,3.8,False,False,browse,False,0.5272
sess_02024,usr_2071,organic,9,4,False,cellular,385.6,2,18.9,False,False,browse,False,0.5213
sess_02025,usr_1873,widget,13,1,False,wifi,278.1,1,96.6,False,False,browse,False,0.5309
sess_02026,usr_0987,widget,17,5,True,wifi,188.4,3,16.1,True,False,browse,True,0.7629
sess_02027,usr_0882,organic,16,5,True,wifi,342.2,1,11.7,False,False,browse,False,0.3074
sess_02028,usr_2390,organic,20,2,False,wifi,363.8,3,9.7,False,True,browse,False,0.3552
sess_02029,usr_1446,organic,15,2,False,cellular,399.8,1,49.4,True,True,browse,False,0.2743
sess_02030,usr_0200,organic,20,4,False,wifi,392.8,3,38.4,True,False,browse,True,0.5434
sess_02031,usr_0208,push_notification,17,5,True,cellular,223.5,2,5.4,False,True,browse,False,0.4705
sess_02032,usr_1153,organic,18,5,True,wifi,232.5,1,4.5,True,False,browse,True,0.5597
sess_02033,usr_2028,organic,20,2,False,wifi,282.8,1,14.7,False,False,browse,False,0.2852
sess_02034,usr_2448,widget,1,6,True,cellular,301.0,5,16.9,False,False,browse,True,0.819
sess_02035,usr_1928,organic,1,0,False,cellular,71.4,3,15.7,False,False,act,True,0.8457
sess_02036,usr_1171,organic,19,2,False,cellular,282.7,1,10.0,False,False,browse,False,0.4634
sess_02037,usr_2199,organic,20,6,True,cellular,350.3,3,53.4,True,False,browse,False,0.2873
sess_02038,usr_0034,push_notification,20,4,False,wifi,69.9,2,120.1,True,False,act,True,0.7909
sess_02039,usr_0441,widget,18,1,False,wifi,232.4,1,2.3,True,False,browse,False,0.5088
sess_02040,usr_1766,organic,10,3,False,cellular,207.4,3,8.7,False,False,browse,False,0.3039
sess_02041,usr_0549,push_notification,19,0,False,wifi,358.3,1,32.8,True,False,browse,False,0.2683
sess_02042,usr_1084,organic,7,1,False,cellular,379.0,1,15.3,True,False,browse,False,0.5269
sess_02043,usr_1499,widget,12,2,False,wifi,346.6,1,3.9,False,False,browse,False,0.4838
sess_02044,usr_1652,push_notification,7,6,True,cellular,97.0,1,8.0,False,False,act,False,0.5184
sess_02045,usr_1499,organic,8,2,False,wifi,110.9,5,5.6,False,False,act,True,0.7867
sess_02046,usr_0186,organic,10,0,False,wifi,284.6,1,1.6,False,False,browse,False,0.265
sess_02047,usr_1641,widget,13,4,False,cellular,113.9,1,24.7,False,True,browse,False,0.4794
sess_02048,usr_0210,organic,16,3,False,wifi,302.9,2,6.7,False,True,browse,False,0.4736
sess_02049,usr_2336,push_notification,17,3,False,cellular,292.1,2,78.9,False,False,browse,False,0.2917
sess_02050,usr_2302,push_notification,14,5,True,wifi,111.1,2,13.5,True,True,act,True,0.8699
sess_02051,usr_0798,organic,21,3,False,wifi,320.7,2,1.4,False,False,browse,False,0.3713
sess_02052,usr_1485,push_notification,19,5,True,wifi,89.5,5,13.2,False,False,act,True,0.8192
sess_02053,usr_2267,widget,12,1,False,cellular,245.8,3,9.0,True,False,browse,True,0.6914
sess_02054,usr_1183,widget,19,3,False,cellular,268.5,1,6.6,False,False,browse,False,0.5119
sess_02055,usr_0302,push_notification,3,2,False,wifi,161.1,1,47.1,True,False,browse,False,0.3588
sess_02056,usr_1583,widget,20,3,False,wifi,64.4,2,49.0,False,True,act,True,0.8284
sess_02057,usr_2066,organic,22,1,False,wifi,143.0,3,3.3,False,False,act,True,0.8375
sess_02058,usr_1845,push_notification,11,4,False,cellular,66.5,3,0.5,True,False,act,True,0.7956
sess_02059,usr_2253,organic,4,3,False,wifi,186.1,2,16.5,False,False,browse,False,0.566
sess_02060,usr_1146,organic,19,2,False,wifi,386.4,1,72.8,False,True,browse,False,0.4979
sess_02061,usr_0487,organic,11,5,True,wifi,392.8,1,10.7,False,False,browse,False,0.3279
sess_02062,usr_0528,organic,6,6,True,cellular,110.8,3,10.1,False,False,act,True,0.6177
sess_02063,usr_0397,organic,20,2,False,wifi,273.2,1,22.6,True,False,browse,False,0.5299
sess_02064,usr_1614,organic,8,5,True,cellular,305.5,3,8.3,False,True,browse,False,0.4984
sess_02065,usr_1529,push_notification,14,3,False,cellular,307.3,2,2.0,False,False,browse,True,0.5956
sess_02066,usr_1389,push_notification,18,4,False,cellular,10.0,1,2.0,False,False,act,True,0.6437
sess_02067,usr_2285,widget,7,1,False,cellular,179.3,2,6.1,True,False,browse,False,0.4701
sess_02068,usr_1498,widget,6,6,True,wifi,335.6,1,6.8,False,False,browse,False,0.4291
sess_02069,usr_0591,organic,9,3,False,wifi,174.9,3,3.0,False,False,browse,False,0.4812
sess_02070,usr_0816,push_notification,10,6,True,wifi,114.9,2,7.8,True,False,act,True,0.7994
sess_02071,usr_2468,organic,8,3,False,cellular,311.4,1,155.3,False,False,browse,False,0.3484
sess_02072,usr_2086,push_notification,10,3,False,cellular,145.3,2,12.3,False,False,act,True,0.6118
sess_02073,usr_1645,push_notification,20,4,False,cellular,129.3,2,9.3,True,False,act,False,0.5644
sess_02074,usr_2049,push_notification,2,2,False,wifi,75.0,2,1.9,True,False,act,True,0.7932
sess_02075,usr_0165,organic,21,3,False,cellular,146.7,2,3.4,True,False,act,True,0.7992
sess_02076,usr_0186,push_notification,17,6,True,wifi,92.0,1,14.6,True,False,act,False,0.4748
sess_02077,usr_0160,widget,21,6,True,wifi,168.2,1,34.0,False,False,act,True,0.6029
sess_02078,usr_0562,push_notification,15,2,False,wifi,349.5,5,13.3,True,False,browse,False,0.2447
sess_02079,usr_1365,widget,7,4,False,wifi,387.6,3,1.3,True,False,browse,False,0.3563
sess_02080,usr_1941,push_notification,20,1,False,wifi,144.7,3,11.2,True,False,act,True,0.5451
sess_02081,usr_2128,organic,22,3,False,wifi,169.2,3,15.1,True,False,act,True,0.5971
sess_02082,usr_1872,organic,19,4,False,wifi,263.2,2,2.5,True,False,browse,True,0.5257
sess_02083,usr_0611,push_notification,11,1,False,cellular,98.0,2,12.1,True,True,act,True,0.6464
sess_02084,usr_2484,organic,14,5,True,wifi,154.0,2,31.0,True,False,act,True,0.8337
sess_02085,usr_2112,push_notification,13,4,False,wifi,264.9,1,1.1,False,False,browse,False,0.5121
sess_02086,usr_0573,widget,21,4,False,cellular,405.9,1,26.4,True,False,browse,False,0.5257
sess_02087,usr_1344,push_notification,14,1,False,cellular,229.8,1,65.7,False,False,browse,False,0.5904
sess_02088,usr_1305,organic,12,0,False,wifi,72.1,2,92.8,False,True,act,True,0.6375
sess_02089,usr_0666,push_notification,20,4,False,cellular,78.6,3,5.3,False,False,act,True,0.7019
sess_02090,usr_1610,organic,1,2,False,wifi,181.6,3,21.3,False,False,browse,False,0.5034
sess_02091,usr_1226,push_notification,12,0,False,cellular,152.2,4,75.4,True,True,act,True,0.5768
sess_02092,usr_2432,organic,18,1,False,wifi,373.5,4,12.5,False,True,browse,False,0.338
sess_02093,usr_1378,organic,19,1,False,wifi,294.4,2,1.3,True,False,browse,True,0.8266
sess_02094,usr_2078,push_notification,20,3,False,cellular,163.4,4,3.6,True,False,act,True,0.7972
sess_02095,usr_2088,organic,2,0,False,wifi,116.8,2,5.9,False,False,act,False,0.4981
sess_02096,usr_2181,organic,15,0,False,wifi,74.3,4,94.2,True,False,act,False,0.3285
sess_02097,usr_2007,push_notification,11,0,False,cellular,220.9,2,2.8,True,False,act,False,0.5257
sess_02098,usr_2306,push_notification,17,1,False,wifi,253.5,1,4.6,False,False,browse,False,0.3673
sess_02099,usr_1228,push_notification,14,5,True,cellular,214.3,4,1.7,False,False,browse,False,0.3047
sess_02100,usr_1946,push_notification,4,5,True,wifi,104.4,1,20.6,True,False,act,True,0.8309
sess_02101,usr_0069,widget,6,0,False,wifi,144.1,3,20.6,True,False,act,True,0.8844
sess_02102,usr_1509,organic,18,0,False,cellular,93.6,4,8.1,False,True,act,True,0.8195
sess_02103,usr_1357,organic,12,4,False,wifi,200.5,1,11.6,True,False,browse,False,0.3448
sess_02104,usr_0449,organic,7,5,True,cellular,193.1,2,3.6,False,False,browse,False,0.3194
sess_02105,usr_1707,widget,21,4,False,wifi,103.2,2,3.4,False,False,act,False,0.5728
sess_02106,usr_2391,organic,22,4,False,cellular,266.4,4,95.7,True,False,browse,False,0.4951
sess_02107,usr_1261,organic,10,6,True,wifi,290.4,1,168.0,False,False,browse,False,0.4979
sess_02108,usr_0110,push_notification,17,4,False,cellular,138.7,3,30.3,True,False,browse,True,0.6627
sess_02109,usr_2445,push_notification,20,6,True,wifi,149.2,3,36.2,False,False,act,True,0.605
sess_02110,usr_1944,organic,14,4,False,cellular,204.8,1,12.9,False,True,browse,False,0.4302
sess_02111,usr_1088,push_notification,1,0,False,cellular,216.2,1,28.2,False,True,browse,False,0.4813
sess_02112,usr_2370,push_notification,16,1,False,wifi,250.5,1,6.7,False,False,browse,False,0.4509
sess_02113,usr_2366,widget,17,1,False,wifi,122.3,2,4.1,False,False,act,True,0.7912
sess_02114,usr_0933,organic,21,1,False,cellular,122.4,3,34.0,False,False,act,False,0.5028
sess_02115,usr_0211,organic,6,1,False,cellular,273.3,1,7.5,False,False,browse,False,0.4478
sess_02116,usr_2391,organic,16,1,False,wifi,63.3,2,14.0,False,False,act,False,0.3131
sess_02117,usr_1968,widget,4,2,False,cellular,333.0,2,1.8,True,False,browse,False,0.26
sess_02118,usr_0699,push_notification,14,4,False,wifi,207.6,2,12.8,False,True,act,True,0.647
sess_02119,usr_2148,push_notification,23,6,True,wifi,82.7,3,14.0,False,False,act,False,0.3388
sess_02120,usr_1558,organic,18,3,False,cellular,386.0,1,13.4,False,False,browse,False,0.3441
sess_02121,usr_0606,push_notification,2,0,False,wifi,80.9,1,58.4,False,True,act,True,0.8065
sess_02122,usr_0993,push_notification,18,3,False,cellular,73.0,3,16.2,False,False,act,True,0.8324
sess_02123,usr_0130,push_notification,15,5,True,cellular,132.6,3,13.5,False,False,act,True,0.5417
sess_02124,usr_2346,organic,20,5,True,wifi,365.9,2,8.1,False,False,browse,True,0.586
sess_02125,usr_0451,organic,19,3,False,wifi,64.5,3,9.8,False,False,act,True,0.815
sess_02126,usr_0782,push_notification,22,5,True,wifi,101.8,3,49.7,False,False,act,True,0.6392
sess_02127,usr_0078,organic,17,0,False,cellular,229.7,1,86.6,False,False,browse,True,0.7637
sess_02128,usr_1807,organic,15,0,False,cellular,477.0,3,5.0,True,False,browse,True,0.789
sess_02129,usr_1285,push_notification,13,1,False,wifi,97.2,2,1.0,False,True,act,False,0.4544
sess_02130,usr_1716,push_notification,13,5,True,wifi,81.8,3,14.4,False,False,act,True,0.6159
sess_02131,usr_0621,widget,0,0,False,wifi,326.7,5,5.7,False,False,browse,False,0.2773
sess_02132,usr_1692,organic,13,0,False,wifi,230.1,1,25.8,False,True,browse,False,0.2956
sess_02133,usr_0836,organic,17,0,False,wifi,202.6,2,42.7,False,False,browse,False,0.5393
sess_02134,usr_1681,organic,6,3,False,wifi,66.4,5,5.9,False,False,act,True,0.6374
sess_02135,usr_2056,widget,14,5,True,cellular,184.3,3,13.1,False,False,act,False,0.3126
sess_02136,usr_1932,push_notification,17,0,False,wifi,88.6,1,8.3,False,False,act,True,0.8716
sess_02137,usr_0256,organic,21,5,True,wifi,447.8,3,8.3,True,False,browse,False,0.4614
sess_02138,usr_0566,organic,18,5,True,cellular,304.8,1,13.7,False,False,browse,False,0.5861
sess_02139,usr_2125,organic,22,0,False,wifi,216.1,1,168.0,False,False,browse,False,0.4848
sess_02140,usr_0850,push_notification,22,4,False,wifi,93.0,2,12.4,False,False,act,True,0.5993
sess_02141,usr_2298,organic,17,5,True,cellular,230.7,2,6.4,True,True,browse,False,0.5713
sess_02142,usr_1332,organic,20,6,True,wifi,247.3,1,5.0,False,False,browse,False,0.2607
sess_02143,usr_1960,organic,20,3,False,wifi,143.0,3,1.4,True,False,act,True,0.7591
sess_02144,usr_2153,push_notification,8,2,False,wifi,84.4,4,13.0,True,False,act,True,0.618
sess_02145,usr_1544,organic,18,0,False,wifi,272.9,2,4.6,True,False,browse,True,0.6663
sess_02146,usr_1286,widget,21,0,False,cellular,213.7,3,166.4,False,False,browse,False,0.4845
sess_02147,usr_0710,widget,8,2,False,cellular,196.5,3,6.9,False,False,act,True,0.7405
sess_02148,usr_1883,organic,7,0,False,wifi,296.8,1,12.8,False,False,browse,False,0.5908
sess_02149,usr_2184,organic,15,3,False,cellular,261.8,2,29.9,True,False,browse,False,0.2694
sess_02150,usr_1403,push_notification,18,5,True,wifi,79.8,2,3.8,False,False,act,True,0.6346
sess_02151,usr_2238,push_notification,9,3,False,wifi,114.1,4,5.5,False,False,act,True,0.5477
sess_02152,usr_1452,push_notification,16,4,False,wifi,13.6,2,3.4,False,False,act,True,0.8128
sess_02153,usr_1083,widget,11,6,True,wifi,311.5,3,12.7,False,False,browse,True,0.6349
sess_02154,usr_2499,push_notification,11,1,False,cellular,137.1,3,0.9,True,False,act,True,0.5303
sess_02155,usr_1984,push_notification,11,1,False,cellular,107.8,1,7.6,False,False,act,True,0.7583
sess_02156,usr_0788,push_notification,20,5,True,wifi,104.5,2,17.1,False,False,act,True,0.8172
sess_02157,usr_1010,organic,18,0,False,cellular,300.6,1,15.0,False,False,browse,False,0.3596
sess_02158,usr_1143,organic,1,1,False,cellular,182.3,1,2.4,True,False,browse,False,0.323
sess_02159,usr_2286,organic,7,4,False,cellular,138.2,1,28.8,False,True,act,True,0.6192
sess_02160,usr_1223,organic,20,5,True,cellular,249.0,4,3.4,False,False,browse,False,0.4667
sess_02161,usr_0922,widget,8,3,False,wifi,204.8,4,168.0,False,False,browse,True,0.5672
sess_02162,usr_1220,push_notification,7,6,True,cellular,140.6,2,3.8,True,False,act,True,0.6524
sess_02163,usr_1184,push_notification,21,3,False,cellular,80.8,3,62.6,False,False,browse,False,0.5301
sess_02164,usr_0850,organic,10,2,False,cellular,367.0,2,70.1,False,False,browse,False,0.5041
sess_02165,usr_2003,organic,23,0,False,wifi,50.2,2,45.9,False,True,act,True,0.6124
sess_02166,usr_1299,push_notification,11,3,False,wifi,170.8,2,168.0,True,False,act,False,0.3385
sess_02167,usr_1966,push_notification,19,6,True,wifi,295.8,2,3.1,False,False,browse,True,0.7815
sess_02168,usr_1429,organic,14,3,False,cellular,261.2,3,85.7,False,False,browse,False,0.5312
sess_02169,usr_2296,push_notification,16,4,False,wifi,293.6,1,11.7,True,False,browse,False,0.2305
sess_02170,usr_1121,push_notification,19,1,False,wifi,76.5,3,5.0,False,False,act,True,0.7633
sess_02171,usr_1179,organic,20,5,True,wifi,314.5,1,12.2,True,False,browse,False,0.4784
sess_02172,usr_0500,push_notification,14,4,False,wifi,234.9,3,16.8,False,False,browse,False,0.5454
sess_02173,usr_2349,widget,19,1,False,cellular,315.6,3,0.7,False,False,browse,False,0.5398
sess_02174,usr_2225,organic,9,1,False,wifi,325.8,1,13.8,False,False,browse,False,0.4608
sess_02175,usr_1556,push_notification,8,4,False,cellular,55.9,3,115.9,False,False,act,True,0.8073
sess_02176,usr_1617,organic,0,0,False,cellular,386.7,2,17.9,False,False,browse,False,0.5378
sess_02177,usr_1414,organic,18,6,True,wifi,231.9,1,15.8,True,False,browse,False,0.5948
sess_02178,usr_0600,organic,14,2,False,wifi,251.3,1,2.1,False,False,browse,False,0.2846
sess_02179,usr_1190,push_notification,0,3,False,cellular,81.8,2,21.5,False,False,act,True,0.8271
sess_02180,usr_0173,widget,11,2,False,wifi,133.2,4,4.5,False,False,act,True,0.7741
sess_02181,usr_1179,widget,11,2,False,cellular,277.6,1,8.7,False,False,browse,False,0.4786
sess_02182,usr_0324,organic,18,5,True,cellular,393.0,1,4.2,True,False,browse,True,0.8358
sess_02183,usr_1419,organic,17,2,False,cellular,274.2,3,57.4,False,False,browse,False,0.3044
sess_02184,usr_1812,widget,22,1,False,wifi,358.8,4,28.1,False,True,browse,False,0.3438
sess_02185,usr_1051,organic,18,1,False,wifi,308.4,1,11.8,False,False,browse,False,0.5585
sess_02186,usr_1963,push_notification,12,2,False,cellular,138.5,1,2.0,False,False,act,False,0.5094
sess_02187,usr_0877,organic,8,1,False,wifi,115.2,2,2.8,False,False,act,True,0.8379
sess_02188,usr_0828,organic,21,6,True,wifi,170.4,1,45.2,True,True,browse,False,0.3163
sess_02189,usr_2207,push_notification,13,5,True,wifi,114.0,2,98.4,False,False,act,True,0.8426
sess_02190,usr_1111,organic,15,6,True,cellular,162.8,1,4.0,False,False,act,True,0.8751
sess_02191,usr_2303,organic,19,0,False,wifi,288.4,1,6.1,False,True,browse,False,0.3381
sess_02192,usr_1113,organic,17,3,False,cellular,151.3,1,5.6,False,False,browse,False,0.4711
sess_02193,usr_0563,organic,21,0,False,cellular,328.7,1,18.8,False,False,browse,True,0.5953
sess_02194,usr_0448,push_notification,22,6,True,cellular,141.8,5,1.3,True,False,act,True,0.5867
sess_02195,usr_2404,push_notification,15,1,False,cellular,94.9,5,2.2,False,True,act,True,0.7824
sess_02196,usr_0981,push_notification,15,6,True,cellular,305.7,1,16.7,True,False,browse,False,0.311
sess_02197,usr_0994,organic,10,6,True,cellular,291.8,3,0.8,False,True,browse,False,0.351
sess_02198,usr_0208,organic,19,0,False,wifi,350.4,2,1.2,False,False,browse,False,0.2486
sess_02199,usr_2176,widget,20,1,False,wifi,253.9,1,10.2,False,False,browse,False,0.4725
sess_02200,usr_0925,organic,13,6,True,wifi,382.6,2,28.4,False,False,browse,False,0.509
sess_02201,usr_0954,organic,13,6,True,cellular,211.8,3,13.5,False,True,browse,False,0.3362
sess_02202,usr_0216,organic,19,5,True,cellular,295.3,2,5.8,True,False,browse,False,0.3504
sess_02203,usr_0411,widget,13,5,True,cellular,142.1,3,1.0,True,True,act,True,0.7627
sess_02204,usr_1693,organic,18,1,False,cellular,229.9,2,6.7,False,False,browse,False,0.5363
sess_02205,usr_1353,push_notification,20,5,True,wifi,171.0,1,4.6,False,False,act,True,0.5817
sess_02206,usr_1935,widget,21,2,False,cellular,156.5,3,156.1,True,True,act,False,0.4926
sess_02207,usr_0412,organic,17,6,True,cellular,344.9,5,10.8,False,False,browse,False,0.4299
sess_02208,usr_0564,widget,17,3,False,wifi,121.9,3,54.5,True,False,act,True,0.7917
sess_02209,usr_0022,organic,16,4,False,cellular,310.3,1,8.5,True,True,browse,False,0.2982
sess_02210,usr_2255,organic,7,1,False,wifi,276.2,1,33.1,False,True,browse,False,0.5147
sess_02211,usr_0647,organic,16,0,False,wifi,102.0,5,1.2,True,True,act,True,0.6424
sess_02212,usr_1667,push_notification,21,2,False,cellular,188.7,2,20.2,True,False,act,True,0.9071
sess_02213,usr_1949,widget,8,5,True,wifi,134.1,2,4.7,False,False,act,True,0.6302
sess_02214,usr_1956,push_notification,1,0,False,cellular,141.4,2,8.5,True,False,act,True,0.8107
sess_02215,usr_0817,widget,21,1,False,cellular,146.5,5,3.1,True,True,act,True,0.8386
sess_02216,usr_1177,widget,10,1,False,wifi,131.0,1,7.9,False,False,act,False,0.2812
sess_02217,usr_1316,organic,6,1,False,cellular,260.3,2,15.2,False,False,browse,False,0.5853
sess_02218,usr_1170,widget,8,3,False,wifi,283.8,4,7.7,False,False,browse,False,0.5209
sess_02219,usr_0243,widget,17,2,False,wifi,324.5,1,6.0,False,False,browse,True,0.7594
sess_02220,usr_0367,widget,12,6,True,wifi,94.3,2,55.3,True,False,act,True,0.8992
sess_02221,usr_2352,widget,6,6,True,wifi,358.8,2,35.9,False,False,browse,True,0.6684
sess_02222,usr_0952,push_notification,22,1,False,cellular,84.3,3,9.5,False,False,act,True,0.8843
sess_02223,usr_2192,organic,10,6,True,wifi,223.9,2,6.2,True,False,browse,False,0.2946
sess_02224,usr_0153,push_notification,8,3,False,wifi,158.6,5,4.2,False,False,act,True,0.8663
sess_02225,usr_0718,organic,14,1,False,wifi,148.0,4,2.9,True,False,act,False,0.2466
sess_02226,usr_1712,push_notification,10,1,False,wifi,136.6,5,86.6,True,False,act,True,0.7505
sess_02227,usr_0721,organic,3,0,False,wifi,103.9,2,72.0,False,False,act,True,0.8251
sess_02228,usr_0149,widget,12,3,False,wifi,441.5,1,5.0,False,False,browse,False,0.4921
sess_02229,usr_1627,push_notification,16,0,False,wifi,93.6,2,2.8,False,True,act,True,0.863
sess_02230,usr_2030,organic,7,3,False,cellular,245.3,2,2.8,False,False,browse,False,0.473
sess_02231,usr_0764,organic,18,3,False,cellular,258.2,1,9.1,True,False,browse,False,0.5165
sess_02232,usr_1186,organic,12,5,True,cellular,196.8,3,14.9,False,True,browse,False,0.2214
sess_02233,usr_0154,push_notification,19,0,False,wifi,120.6,2,16.7,False,False,act,False,0.2457
sess_02234,usr_0038,push_notification,19,2,False,cellular,112.7,2,14.2,True,False,act,True,0.694
sess_02235,usr_1223,widget,8,3,False,cellular,398.3,2,11.7,True,False,browse,False,0.2814
sess_02236,usr_2327,widget,7,3,False,cellular,288.7,2,8.7,True,True,browse,False,0.453
sess_02237,usr_2469,widget,23,2,False,wifi,200.6,3,2.5,False,False,browse,False,0.4863
sess_02238,usr_0440,push_notification,12,3,False,cellular,122.6,1,14.5,True,False,browse,False,0.492
sess_02239,usr_1373,organic,12,0,False,cellular,211.3,1,5.2,True,True,browse,False,0.5338
sess_02240,usr_1166,organic,19,6,True,wifi,335.1,1,25.1,True,True,browse,False,0.3239
sess_02241,usr_1862,widget,14,1,False,wifi,342.5,1,2.1,False,False,browse,False,0.3408
sess_02242,usr_2226,widget,5,0,False,wifi,278.8,2,14.4,True,True,browse,False,0.2641
sess_02243,usr_2148,organic,8,0,False,wifi,280.4,2,1.5,False,True,browse,False,0.2439
sess_02244,usr_2024,widget,12,5,True,wifi,232.7,1,17.0,False,False,browse,True,0.8129
sess_02245,usr_0550,push_notification,2,4,False,wifi,145.1,3,1.5,False,False,act,True,0.7603
sess_02246,usr_2066,organic,10,4,False,wifi,57.5,3,101.1,False,True,act,True,0.7658
sess_02247,usr_1918,widget,16,0,False,wifi,341.7,2,2.8,False,False,browse,False,0.359
sess_02248,usr_1118,organic,15,2,False,wifi,252.2,1,1.2,False,False,browse,True,0.6135
sess_02249,usr_0790,widget,16,0,False,wifi,371.5,4,58.3,False,False,browse,False,0.2945
sess_02250,usr_0462,push_notification,10,5,True,wifi,246.2,3,7.1,False,False,browse,False,0.525
sess_02251,usr_1355,push_notification,15,3,False,cellular,114.5,2,2.7,False,False,act,False,0.3714
sess_02252,usr_0666,push_notification,13,5,True,wifi,283.8,1,3.2,True,True,browse,False,0.291
sess_02253,usr_1880,push_notification,12,3,False,wifi,210.9,1,16.6,True,False,browse,True,0.7985
sess_02254,usr_1054,push_notification,0,3,False,cellular,298.0,1,82.2,False,False,browse,False,0.2398
sess_02255,usr_0763,widget,20,5,True,wifi,243.0,1,6.7,False,False,browse,False,0.5304
sess_02256,usr_0058,push_notification,8,1,False,cellular,78.6,1,8.6,True,True,act,True,0.5697
sess_02257,usr_1381,organic,14,6,True,cellular,253.0,2,1.7,True,False,browse,True,0.6347
sess_02258,usr_1209,widget,21,0,False,cellular,397.4,2,21.0,True,False,browse,True,0.8731
sess_02259,usr_2326,push_notification,21,2,False,cellular,343.2,2,19.0,False,False,browse,False,0.3261
sess_02260,usr_0792,push_notification,15,6,True,cellular,87.6,4,2.5,False,False,act,False,0.5482
sess_02261,usr_0719,organic,20,2,False,cellular,309.7,1,2.7,False,False,browse,False,0.5437
sess_02262,usr_1661,push_notification,7,5,True,cellular,97.5,4,7.1,False,False,act,False,0.3525
sess_02263,usr_1752,push_notification,16,2,False,wifi,100.8,4,7.2,False,False,act,False,0.3645
sess_02264,usr_2111,push_notification,8,4,False,cellular,110.9,3,9.7,False,True,act,False,0.4634
sess_02265,usr_1344,organic,15,3,False,wifi,271.1,1,3.4,False,False,browse,False,0.2435
sess_02266,usr_0356,push_notification,19,0,False,wifi,248.6,2,7.2,False,False,browse,False,0.504
sess_02267,usr_1642,organic,22,1,False,wifi,249.2,3,5.3,True,False,browse,False,0.5521
sess_02268,usr_0391,push_notification,4,5,True,wifi,175.6,3,6.3,False,True,browse,True,0.8381
sess_02269,usr_0757,widget,7,3,False,cellular,107.3,2,2.2,True,False,act,True,0.779
sess_02270,usr_0576,organic,8,0,False,wifi,168.2,2,2.3,False,True,act,True,0.7745
sess_02271,usr_1956,organic,9,4,False,cellular,66.8,2,1.7,False,False,act,True,0.7379
sess_02272,usr_1326,push_notification,8,4,False,cellular,130.2,3,10.3,True,False,act,True,0.8328
sess_02273,usr_1017,push_notification,17,3,False,wifi,178.7,1,32.0,True,False,browse,False,0.3192
sess_02274,usr_0028,organic,14,0,False,cellular,313.4,1,168.0,True,True,browse,False,0.3442
sess_02275,usr_1069,organic,14,3,False,wifi,444.1,2,10.1,True,True,browse,True,0.8523
sess_02276,usr_1572,push_notification,19,1,False,cellular,359.3,1,92.0,False,False,browse,False,0.3328
sess_02277,usr_0965,push_notification,10,6,True,wifi,121.4,2,93.1,True,False,act,True,0.8305
sess_02278,usr_1830,organic,19,1,False,cellular,172.5,5,9.9,True,False,act,True,0.8083
sess_02279,usr_1094,organic,5,0,False,wifi,221.0,1,4.4,True,False,browse,False,0.3065
sess_02280,usr_1351,push_notification,9,5,True,wifi,391.1,2,40.2,False,False,browse,True,0.8091
sess_02281,usr_1237,organic,19,3,False,wifi,76.6,2,3.9,False,False,act,True,0.6009
sess_02282,usr_2386,push_notification,13,0,False,wifi,346.0,2,14.7,False,False,browse,False,0.56
sess_02283,usr_2347,organic,11,1,False,cellular,160.1,2,12.4,False,False,act,True,0.771
sess_02284,usr_0047,widget,20,2,False,cellular,247.1,1,37.6,True,False,browse,True,0.5974
sess_02285,usr_1072,push_notification,23,3,False,wifi,165.0,3,12.3,True,False,act,True,0.8238
sess_02286,usr_1473,push_notification,18,1,False,wifi,112.7,1,9.9,False,False,act,True,0.6888
sess_02287,usr_0968,organic,14,1,False,cellular,79.6,1,5.6,True,True,browse,False,0.498
sess_02288,usr_0255,push_notification,16,6,True,wifi,302.6,1,5.1,False,False,browse,True,0.8392
sess_02289,usr_0485,organic,9,6,True,cellular,196.4,3,22.6,False,False,browse,False,0.3765
sess_02290,usr_1907,widget,8,2,False,wifi,370.6,1,1.9,False,False,browse,False,0.384
sess_02291,usr_1257,push_notification,3,3,False,wifi,244.0,2,4.9,True,False,browse,False,0.561
sess_02292,usr_0655,push_notification,18,2,False,wifi,77.2,2,7.3,True,True,act,False,0.5151
sess_02293,usr_1661,push_notification,16,1,False,wifi,94.5,3,4.4,True,True,act,True,0.7048
sess_02294,usr_2059,organic,19,4,False,cellular,284.8,1,16.0,True,False,browse,False,0.3904
sess_02295,usr_1274,organic,13,4,False,wifi,186.0,2,0.6,False,False,browse,False,0.478
sess_02296,usr_0481,organic,8,1,False,wifi,261.6,4,11.3,True,False,browse,False,0.2219
sess_02297,usr_1209,widget,9,4,False,cellular,229.9,2,26.5,True,False,browse,True,0.5734
sess_02298,usr_1506,push_notification,19,6,True,cellular,99.4,4,22.5,True,False,act,False,0.4151
sess_02299,usr_0905,organic,17,3,False,wifi,398.9,1,12.6,False,False,browse,True,0.5826
sess_02300,usr_0898,push_notification,9,1,False,wifi,137.1,2,45.8,False,False,act,True,0.8179
sess_02301,usr_0548,organic,13,5,True,wifi,318.9,2,27.8,False,True,browse,False,0.5163
sess_02302,usr_1959,organic,19,3,False,wifi,260.3,2,21.6,True,False,browse,False,0.49
sess_02303,usr_0628,organic,21,6,True,wifi,263.2,1,26.7,True,False,browse,False,0.3551
sess_02304,usr_1864,organic,19,3,False,wifi,338.3,1,4.5,False,False,browse,False,0.5418
sess_02305,usr_2482,organic,6,1,False,wifi,65.2,3,7.1,False,True,act,True,0.6564
sess_02306,usr_1531,push_notification,15,4,False,wifi,265.3,1,87.6,False,True,browse,True,0.7579
sess_02307,usr_1704,widget,18,6,True,wifi,202.4,1,22.1,False,False,browse,False,0.5259
sess_02308,usr_2250,organic,23,1,False,wifi,296.4,1,4.9,False,False,browse,False,0.3097
sess_02309,usr_1929,organic,17,5,True,wifi,317.1,1,15.3,False,False,browse,False,0.375
sess_02310,usr_2202,organic,18,2,False,wifi,249.2,1,56.7,False,False,browse,False,0.5065
sess_02311,usr_0895,organic,16,4,False,cellular,196.8,4,12.8,False,False,browse,True,0.5992
sess_02312,usr_1014,organic,20,4,False,wifi,268.4,5,6.0,True,False,browse,False,0.3447
sess_02313,usr_2441,widget,8,3,False,cellular,172.6,2,25.1,False,False,act,False,0.4963
sess_02314,usr_0336,push_notification,18,0,False,cellular,135.9,3,7.3,False,True,act,True,0.6179
sess_02315,usr_2153,organic,23,2,False,wifi,304.3,1,130.2,True,False,browse,False,0.3488
sess_02316,usr_1830,organic,19,4,False,cellular,184.5,2,40.2,False,False,browse,False,0.2937
sess_02317,usr_2164,organic,11,6,True,wifi,246.8,3,5.2,True,False,browse,False,0.2399
sess_02318,usr_1482,organic,5,5,True,wifi,343.8,1,33.3,False,False,browse,False,0.5727
sess_02319,usr_0320,organic,9,6,True,cellular,308.5,1,2.8,True,False,browse,False,0.3086
sess_02320,usr_2311,widget,20,0,False,wifi,24.6,3,125.3,False,False,act,True,0.6364
sess_02321,usr_0460,widget,14,2,False,wifi,280.9,1,6.0,False,False,browse,False,0.4675
sess_02322,usr_0253,organic,15,3,False,wifi,208.4,2,23.7,True,False,browse,False,0.3597
sess_02323,usr_2244,push_notification,7,3,False,wifi,350.5,1,23.9,False,False,browse,True,0.5533
sess_02324,usr_2071,widget,7,6,True,wifi,326.7,1,16.0,True,False,browse,True,0.8711
sess_02325,usr_0829,push_notification,17,2,False,wifi,107.4,3,1.7,False,True,act,True,0.5693
sess_02326,usr_2346,push_notification,11,1,False,wifi,52.1,2,0.7,True,False,act,True,0.7505
sess_02327,usr_2199,push_notification,16,1,False,wifi,279.4,1,14.7,False,False,browse,False,0.5097
sess_02328,usr_0614,organic,14,3,False,wifi,200.9,1,3.9,False,False,browse,True,0.7746
sess_02329,usr_0674,push_notification,6,2,False,cellular,83.5,1,22.6,False,False,act,False,0.479
sess_02330,usr_1344,push_notification,19,6,True,cellular,43.2,3,16.9,False,True,act,True,0.8166
sess_02331,usr_2132,organic,9,5,True,cellular,291.0,3,168.0,False,False,browse,True,0.7543
sess_02332,usr_1810,push_notification,20,5,True,wifi,146.6,2,1.3,False,False,act,True,0.7446
sess_02333,usr_0477,push_notification,15,1,False,cellular,367.2,1,105.0,False,False,browse,True,0.6274
sess_02334,usr_0842,organic,20,4,False,wifi,325.7,2,45.3,False,True,browse,False,0.3265
sess_02335,usr_2389,widget,17,4,False,cellular,182.1,2,18.9,True,False,act,False,0.2449
sess_02336,usr_2003,organic,19,0,False,wifi,94.9,4,2.2,False,True,act,True,0.597
sess_02337,usr_0373,push_notification,4,5,True,wifi,116.9,2,11.1,False,False,act,True,0.9002
sess_02338,usr_2091,organic,9,3,False,wifi,300.9,2,41.7,False,False,browse,False,0.3092
sess_02339,usr_1825,widget,14,6,True,wifi,124.1,2,7.4,False,False,act,False,0.544
sess_02340,usr_0228,push_notification,15,4,False,cellular,121.4,2,4.6,False,False,act,True,0.8389
sess_02341,usr_1858,widget,9,2,False,wifi,69.1,2,6.1,False,False,act,False,0.5671
sess_02342,usr_0541,push_notification,20,6,True,wifi,117.2,3,8.4,False,True,act,False,0.5711
sess_02343,usr_2103,organic,11,5,True,cellular,344.2,1,58.7,True,True,browse,False,0.3339
sess_02344,usr_1702,push_notification,18,2,False,wifi,174.6,2,39.3,True,False,act,True,0.8296
sess_02345,usr_1872,organic,23,2,False,wifi,106.5,2,41.9,False,False,act,True,0.6294
sess_02346,usr_2310,widget,21,6,True,cellular,112.8,3,4.5,False,False,act,True,0.629
sess_02347,usr_0237,organic,12,2,False,wifi,173.3,1,55.4,False,False,browse,False,0.2726
sess_02348,usr_2289,widget,16,1,False,cellular,119.8,2,35.6,False,False,act,False,0.5407
sess_02349,usr_1894,organic,6,0,False,cellular,289.5,1,14.1,False,False,browse,False,0.5341
sess_02350,usr_1263,organic,17,3,False,wifi,422.5,2,10.8,False,False,browse,False,0.2767
sess_02351,usr_0090,push_notification,20,5,True,cellular,99.8,2,79.4,False,True,act,True,0.8841
sess_02352,usr_1622,push_notification,17,4,False,wifi,182.2,1,15.3,False,False,browse,False,0.3338
sess_02353,usr_1043,organic,0,2,False,wifi,218.0,1,20.4,False,True,browse,False,0.3336
sess_02354,usr_0013,widget,21,0,False,wifi,307.6,2,4.1,True,False,browse,False,0.443
sess_02355,usr_0893,push_notification,8,6,True,wifi,72.9,2,58.5,True,True,act,True,0.8452
sess_02356,usr_2369,widget,21,1,False,wifi,373.5,1,1.2,False,False,browse,False,0.5223
sess_02357,usr_0300,organic,9,2,False,cellular,113.3,1,22.9,False,False,act,True,0.5724
sess_02358,usr_0186,push_notification,12,2,False,wifi,103.4,2,7.4,False,False,act,True,0.848
sess_02359,usr_1736,organic,16,5,True,wifi,376.7,2,1.6,False,False,browse,False,0.5538
sess_02360,usr_1412,push_notification,15,1,False,wifi,119.0,1,7.6,False,True,act,True,0.8143
sess_02361,usr_0262,push_notification,18,5,True,cellular,111.6,3,11.5,False,False,act,True,0.8152
sess_02362,usr_2217,push_notification,14,5,True,wifi,97.1,1,4.9,True,False,act,True,0.7673
sess_02363,usr_0247,organic,6,5,True,wifi,343.4,1,9.2,False,True,browse,False,0.2815
sess_02364,usr_0283,push_notification,19,1,False,wifi,330.2,1,1.9,False,False,browse,False,0.2763
sess_02365,usr_1934,push_notification,7,1,False,cellular,172.0,2,4.7,False,True,act,True,0.8417
sess_02366,usr_0130,push_notification,20,0,False,cellular,121.3,1,30.9,False,False,act,True,0.6379
sess_02367,usr_1176,organic,6,2,False,cellular,311.6,1,5.4,True,False,browse,True,0.8386
sess_02368,usr_1675,push_notification,8,6,True,cellular,114.3,2,119.5,False,False,act,True,0.8276
sess_02369,usr_0738,push_notification,9,5,True,wifi,46.6,3,12.4,True,False,act,False,0.3064
sess_02370,usr_0555,organic,12,2,False,wifi,141.5,1,4.6,True,True,browse,False,0.311
sess_02371,usr_1722,organic,19,2,False,cellular,221.3,1,19.3,False,False,browse,False,0.5241
sess_02372,usr_1534,organic,11,1,False,wifi,105.3,2,20.1,True,False,act,False,0.5431
sess_02373,usr_1567,organic,6,5,True,cellular,174.8,2,22.8,True,True,browse,False,0.5128
sess_02374,usr_1838,widget,10,3,False,wifi,310.8,1,10.5,False,False,browse,False,0.3576
sess_02375,usr_1547,push_notification,7,5,True,wifi,161.4,3,1.3,True,False,act,True,0.8598
sess_02376,usr_1539,push_notification,21,2,False,cellular,56.9,2,45.7,True,False,act,True,0.8041
sess_02377,usr_0329,widget,18,5,True,cellular,334.9,2,8.8,False,False,browse,False,0.2725
sess_02378,usr_2209,push_notification,18,4,False,cellular,410.8,1,9.4,True,False,browse,False,0.2337
sess_02379,usr_0545,push_notification,15,6,True,cellular,297.1,3,6.3,False,False,browse,False,0.3496
sess_02380,usr_1425,organic,16,2,False,wifi,126.3,2,4.1,True,False,act,False,0.2734
sess_02381,usr_0486,push_notification,4,1,False,wifi,139.8,2,35.0,False,False,act,True,0.7892
sess_02382,usr_0732,push_notification,12,5,True,wifi,309.8,2,21.7,True,True,browse,False,0.4398
sess_02383,usr_2201,organic,20,5,True,wifi,119.6,3,28.4,False,False,act,True,0.8728
sess_02384,usr_1610,push_notification,21,3,False,cellular,378.1,1,4.8,False,False,browse,False,0.3909
sess_02385,usr_2167,organic,9,2,False,wifi,301.0,1,58.5,False,False,browse,False,0.3337
sess_02386,usr_0522,push_notification,11,1,False,wifi,394.8,2,2.7,False,False,browse,False,0.4426
sess_02387,usr_0913,push_notification,20,3,False,wifi,121.8,3,41.3,False,False,act,True,0.8451
sess_02388,usr_0015,push_notification,18,5,True,wifi,155.2,2,12.6,True,True,act,True,0.6343
sess_02389,usr_0094,organic,12,3,False,cellular,193.7,2,71.4,False,False,browse,False,0.4515
sess_02390,usr_1223,organic,9,1,False,cellular,424.8,1,2.2,False,False,browse,False,0.5166
sess_02391,usr_1897,push_notification,9,6,True,wifi,295.9,2,2.6,False,True,browse,False,0.4525
sess_02392,usr_2231,organic,9,2,False,wifi,288.0,1,12.0,False,False,browse,False,0.333
sess_02393,usr_1738,organic,19,4,False,wifi,68.2,1,10.1,False,False,act,True,0.7101
sess_02394,usr_2179,push_notification,23,0,False,wifi,348.8,3,6.8,False,True,browse,False,0.2488
sess_02395,usr_1554,organic,13,1,False,wifi,295.9,1,4.8,False,False,browse,False,0.4942
sess_02396,usr_0941,organic,21,1,False,cellular,148.1,2,18.2,True,False,act,True,0.5757
sess_02397,usr_1014,organic,17,5,True,wifi,193.7,1,20.4,False,False,browse,False,0.3953
sess_02398,usr_1887,push_notification,20,1,False,cellular,129.8,3,103.3,False,False,browse,True,0.5653
sess_02399,usr_1418,organic,9,3,False,cellular,96.8,2,36.5,False,False,act,True,0.7878
sess_02400,usr_0636,organic,11,5,True,wifi,288.1,2,7.7,False,False,browse,True,0.8996
sess_02401,usr_1130,push_notification,19,4,False,wifi,107.8,5,7.7,False,False,act,False,0.3767
sess_02402,usr_0773,push_notification,16,4,False,wifi,292.6,2,32.6,False,False,browse,False,0.4972
sess_02403,usr_0463,widget,9,1,False,cellular,118.7,3,27.6,False,False,act,False,0.5603
sess_02404,usr_0132,widget,17,3,False,wifi,277.0,1,9.3,True,False,browse,False,0.3215
sess_02405,usr_1718,push_notification,14,2,False,wifi,218.1,3,159.6,False,False,browse,True,0.6044
sess_02406,usr_0065,organic,14,5,True,cellular,341.6,1,55.9,False,False,browse,False,0.266
sess_02407,usr_0986,widget,20,3,False,wifi,146.1,2,19.1,True,False,act,True,0.8697
sess_02408,usr_0845,push_notification,15,5,True,wifi,175.2,2,2.3,False,True,act,True,0.7706
sess_02409,usr_0276,push_notification,17,5,True,wifi,127.9,2,5.5,True,False,browse,False,0.271
sess_02410,usr_0414,organic,2,1,False,cellular,240.9,2,11.1,False,False,browse,False,0.4831
sess_02411,usr_2433,organic,7,5,True,cellular,394.5,2,4.9,True,False,browse,False,0.4848
sess_02412,usr_0138,organic,9,6,True,cellular,197.8,4,7.3,True,True,act,True,0.6243
sess_02413,usr_1829,organic,10,5,True,wifi,191.6,3,9.0,True,False,browse,False,0.2946
sess_02414,usr_2449,push_notification,17,5,True,cellular,110.9,2,40.5,False,False,act,True,0.734
sess_02415,usr_0200,push_notification,19,0,False,cellular,365.8,2,87.4,False,False,browse,False,0.4963
sess_02416,usr_1003,push_notification,18,5,True,cellular,105.7,3,9.3,True,False,act,True,0.8241
sess_02417,usr_0182,push_notification,12,0,False,cellular,307.8,1,9.3,False,False,browse,True,0.815
sess_02418,usr_1648,push_notification,18,2,False,wifi,156.4,3,9.8,False,False,act,False,0.533
sess_02419,usr_1798,push_notification,8,2,False,wifi,171.1,2,40.8,False,False,act,False,0.5124
sess_02420,usr_0960,organic,20,1,False,wifi,100.4,2,2.0,False,True,act,True,0.7461
sess_02421,usr_2211,organic,15,4,False,cellular,228.0,1,10.7,False,False,browse,False,0.3319
sess_02422,usr_0890,organic,10,4,False,cellular,303.4,1,1.2,True,False,browse,False,0.4542
sess_02423,usr_0232,organic,16,1,False,wifi,355.5,2,81.2,False,False,browse,True,0.6044
sess_02424,usr_0574,widget,19,1,False,wifi,274.1,1,46.9,True,False,browse,False,0.4817
sess_02425,usr_2064,widget,18,1,False,wifi,331.7,4,5.3,False,False,browse,False,0.3526
sess_02426,usr_1185,organic,14,5,True,cellular,371.3,2,3.8,False,False,browse,False,0.312
sess_02427,usr_0960,organic,7,2,False,wifi,316.4,2,91.4,True,False,browse,False,0.5398
sess_02428,usr_2360,organic,11,4,False,cellular,222.1,4,12.2,True,False,browse,False,0.4992
sess_02429,usr_1307,organic,9,3,False,wifi,190.1,1,6.7,False,False,browse,False,0.3946
sess_02430,usr_2366,organic,5,0,False,cellular,199.9,1,115.8,True,True,browse,True,0.8377
sess_02431,usr_2450,organic,11,5,True,wifi,197.2,2,7.3,False,False,browse,False,0.3074
sess_02432,usr_1314,push_notification,16,5,True,wifi,97.4,1,6.6,False,False,act,True,0.6502
sess_02433,usr_0971,organic,18,4,False,wifi,332.7,2,2.4,True,True,browse,False,0.5361
sess_02434,usr_1237,organic,10,6,True,cellular,79.4,2,21.5,False,True,act,True,0.7098
sess_02435,usr_0587,organic,8,3,False,wifi,78.1,3,2.3,False,False,act,True,0.763
sess_02436,usr_2136,push_notification,20,0,False,wifi,97.9,3,3.6,False,True,act,True,0.8599
sess_02437,usr_0906,push_notification,19,3,False,wifi,309.4,1,3.2,True,False,browse,False,0.4394
sess_02438,usr_1694,push_notification,20,0,False,wifi,55.2,2,4.0,False,True,act,True,0.8113
sess_02439,usr_1231,organic,19,5,True,wifi,44.5,3,1.5,False,True,act,True,0.5388
sess_02440,usr_1128,widget,13,4,False,cellular,233.3,4,81.9,False,False,browse,False,0.374
sess_02441,usr_0250,organic,8,4,False,cellular,154.0,1,4.8,False,False,browse,True,0.6874
sess_02442,usr_2281,push_notification,7,3,False,wifi,97.0,1,0.7,True,False,act,True,0.794
sess_02443,usr_2424,push_notification,21,6,True,wifi,70.8,4,14.1,False,False,act,True,0.8559
sess_02444,usr_0718,organic,20,2,False,cellular,150.1,3,2.5,False,False,act,True,0.6197
sess_02445,usr_1750,organic,9,4,False,wifi,236.0,2,1.3,True,True,browse,False,0.3149
sess_02446,usr_2277,organic,9,2,False,cellular,279.4,2,11.7,False,False,browse,False,0.5386
sess_02447,usr_2031,organic,11,3,False,wifi,207.3,2,30.4,False,True,browse,False,0.4853
sess_02448,usr_0193,organic,7,4,False,wifi,384.2,1,168.0,False,False,browse,False,0.501
sess_02449,usr_1411,organic,16,4,False,wifi,296.5,2,7.6,True,False,browse,False,0.3323
sess_02450,usr_1562,organic,12,4,False,cellular,103.2,3,10.9,False,False,act,True,0.8265
sess_02451,usr_2149,push_notification,18,4,False,wifi,117.3,3,18.7,True,False,act,True,0.6037
sess_02452,usr_1306,organic,13,5,True,cellular,395.9,1,54.5,False,False,browse,False,0.2799
sess_02453,usr_1706,widget,13,1,False,wifi,386.9,1,5.2,False,False,browse,False,0.4338
sess_02454,usr_1673,widget,19,3,False,wifi,152.3,1,2.4,False,True,browse,False,0.4947
sess_02455,usr_0612,push_notification,4,4,False,cellular,132.4,5,15.5,False,False,act,True,0.8684
sess_02456,usr_1229,organic,20,5,True,cellular,246.8,1,47.6,True,True,browse,False,0.2852
sess_02457,usr_1542,organic,5,4,False,cellular,235.7,1,25.6,False,False,browse,True,0.5405
sess_02458,usr_0754,organic,17,0,False,wifi,305.4,1,7.4,False,False,browse,True,0.8247
sess_02459,usr_2204,push_notification,16,5,True,wifi,250.9,2,6.7,False,True,browse,False,0.559
sess_02460,usr_1940,organic,18,5,True,cellular,214.5,2,14.7,False,False,browse,False,0.3602
sess_02461,usr_0988,organic,17,2,False,wifi,356.6,2,12.9,False,False,browse,False,0.3169
sess_02462,usr_0924,organic,19,3,False,cellular,79.2,3,8.3,False,False,act,True,0.7704
sess_02463,usr_1232,widget,7,2,False,wifi,326.9,1,7.5,False,False,browse,False,0.5262
sess_02464,usr_0592,push_notification,11,0,False,cellular,117.2,3,26.4,True,True,act,False,0.3329
sess_02465,usr_1897,widget,22,6,True,cellular,147.0,4,19.0,False,False,act,True,0.6492
sess_02466,usr_0237,push_notification,7,4,False,wifi,167.1,2,5.1,False,False,act,False,0.468
sess_02467,usr_2304,organic,9,1,False,wifi,378.2,3,6.8,True,False,browse,True,0.8839
sess_02468,usr_1691,push_notification,17,5,True,cellular,57.5,1,20.5,False,False,act,True,0.7571
sess_02469,usr_1707,push_notification,11,3,False,wifi,89.1,1,5.7,False,True,act,True,0.8913
sess_02470,usr_2283,push_notification,2,6,True,cellular,88.9,4,2.9,True,False,act,True,0.865
sess_02471,usr_2171,push_notification,2,2,False,wifi,131.6,2,34.2,False,False,act,True,0.8057
sess_02472,usr_0550,organic,13,4,False,wifi,251.9,3,11.9,True,False,browse,False,0.2365
sess_02473,usr_1591,organic,5,1,False,cellular,247.4,1,29.0,False,False,browse,False,0.3179
sess_02474,usr_0995,organic,12,3,False,wifi,132.1,3,15.2,False,False,act,True,0.6341
sess_02475,usr_1045,widget,9,6,True,wifi,275.0,1,53.3,False,False,browse,True,0.8239
sess_02476,usr_0833,widget,21,5,True,wifi,250.3,1,17.6,False,False,browse,True,0.7879
sess_02477,usr_1353,push_notification,18,4,False,wifi,211.6,1,145.5,False,False,browse,False,0.5365
sess_02478,usr_0324,push_notification,15,5,True,cellular,92.3,2,21.6,True,False,act,True,0.851
sess_02479,usr_1843,push_notification,10,3,False,cellular,116.8,3,18.6,False,False,act,True,0.5997
sess_02480,usr_1520,push_notification,1,5,True,cellular,120.1,2,1.9,True,False,act,True,0.8258
sess_02481,usr_0379,organic,15,3,False,wifi,149.8,1,19.3,False,False,act,True,0.6072
sess_02482,usr_2194,organic,16,4,False,cellular,357.4,1,7.2,True,False,browse,False,0.2611
sess_02483,usr_0781,push_notification,19,5,True,wifi,101.4,3,14.7,True,False,act,True,0.8333
sess_02484,usr_0212,push_notification,13,5,True,wifi,201.3,3,9.3,True,False,act,True,0.885
sess_02485,usr_1100,organic,12,0,False,wifi,241.1,1,1.5,False,False,browse,False,0.493
sess_02486,usr_1545,organic,5,4,False,cellular,405.7,2,7.1,True,True,browse,False,0.2722
sess_02487,usr_2478,push_notification,5,5,True,cellular,401.1,1,32.2,False,False,browse,False,0.466
sess_02488,usr_2470,widget,12,4,False,wifi,123.4,5,3.0,True,False,act,True,0.6462
sess_02489,usr_0162,organic,13,0,False,wifi,189.3,2,19.0,False,False,act,True,0.844
sess_02490,usr_0299,push_notification,23,4,False,wifi,192.7,1,12.2,True,False,act,True,0.6381
sess_02491,usr_0771,push_notification,6,1,False,cellular,139.5,2,59.7,False,True,act,True,0.6002
sess_02492,usr_2407,organic,14,1,False,wifi,305.2,3,7.6,True,False,browse,True,0.619
sess_02493,usr_2290,push_notification,18,3,False,wifi,121.4,3,44.7,False,False,act,True,0.8072
sess_02494,usr_0889,organic,19,1,False,wifi,350.8,2,8.2,False,False,browse,False,0.3296
sess_02495,usr_1964,push_notification,15,5,True,cellular,206.2,1,37.3,False,False,browse,True,0.5861
sess_02496,usr_0856,push_notification,7,1,False,cellular,171.3,3,52.3,False,True,act,True,0.8803
sess_02497,usr_1364,widget,9,2,False,cellular,162.4,3,6.8,False,False,browse,False,0.5856
sess_02498,usr_1242,organic,7,1,False,cellular,244.2,2,12.5,False,False,browse,False,0.317
sess_02499,usr_0063,push_notification,0,6,True,wifi,315.7,1,5.2,False,False,browse,False,0.3343
sess_02500,usr_0868,organic,13,4,False,cellular,77.4,2,10.5,False,False,act,True,0.6843
sess_02501,usr_0779,organic,10,6,True,cellular,272.5,4,0.7,True,False,browse,False,0.4242
sess_02502,usr_0481,organic,17,3,False,wifi,226.8,1,3.2,True,False,browse,False,0.5427
sess_02503,usr_1962,organic,22,5,True,wifi,334.6,2,9.3,False,False,browse,False,0.4472
sess_02504,usr_0994,organic,12,5,True,wifi,330.9,1,29.7,True,False,browse,False,0.3034
sess_02505,usr_2476,organic,9,2,False,cellular,260.6,1,1.3,False,False,browse,True,0.7815
sess_02506,usr_0838,organic,19,5,True,wifi,277.2,1,9.3,False,False,browse,False,0.2911
sess_02507,usr_1625,organic,13,3,False,wifi,171.5,1,6.1,True,False,browse,False,0.5123
sess_02508,usr_0981,organic,16,1,False,wifi,414.4,1,61.1,False,False,browse,False,0.2845
sess_02509,usr_2262,push_notification,6,1,False,wifi,122.5,2,6.3,False,False,act,False,0.5203
sess_02510,usr_1318,organic,2,2,False,wifi,126.0,3,4.7,True,True,act,True,0.5768
sess_02511,usr_1160,widget,15,4,False,cellular,140.6,1,14.4,True,True,act,True,0.8772
sess_02512,usr_1560,push_notification,13,1,False,wifi,107.8,2,8.3,False,False,act,True,0.6552
sess_02513,usr_1910,widget,20,6,True,wifi,157.4,4,9.5,True,False,act,False,0.5404
sess_02514,usr_2186,organic,8,5,True,wifi,317.2,1,8.0,True,False,browse,False,0.4404
sess_02515,usr_1472,push_notification,16,3,False,wifi,305.5,1,9.0,False,False,browse,True,0.5606
sess_02516,usr_1264,widget,14,5,True,wifi,228.7,2,49.4,False,False,browse,False,0.2985
sess_02517,usr_1072,organic,7,4,False,wifi,293.4,4,2.6,True,False,browse,False,0.2794
sess_02518,usr_1474,push_notification,9,6,True,wifi,169.7,3,7.1,False,False,browse,False,0.504
sess_02519,usr_2101,organic,13,1,False,cellular,317.5,5,39.4,False,False,browse,False,0.3313
sess_02520,usr_2037,organic,19,0,False,cellular,246.3,1,8.4,False,False,browse,False,0.5224
sess_02521,usr_1909,organic,15,4,False,wifi,320.7,3,12.3,False,False,browse,False,0.5041
sess_02522,usr_0404,push_notification,8,2,False,wifi,330.8,3,11.5,True,False,browse,False,0.5322
sess_02523,usr_1924,organic,12,0,False,wifi,246.1,1,6.1,False,False,browse,False,0.5405
sess_02524,usr_1312,push_notification,19,5,True,wifi,126.3,3,46.0,False,False,act,False,0.5743
sess_02525,usr_0833,push_notification,9,2,False,wifi,142.6,2,41.2,True,True,act,True,0.8334
sess_02526,usr_1519,organic,11,0,False,cellular,285.9,1,5.9,True,True,browse,False,0.4691
sess_02527,usr_1282,organic,15,6,True,wifi,268.6,2,43.8,True,False,browse,True,0.6766
sess_02528,usr_1696,widget,18,0,False,wifi,351.7,1,11.9,True,False,browse,False,0.3262
sess_02529,usr_0188,push_notification,11,6,True,wifi,63.0,2,8.7,False,False,act,False,0.3555
sess_02530,usr_2305,organic,12,2,False,cellular,353.0,4,1.9,True,False,browse,True,0.875
sess_02531,usr_0907,organic,12,1,False,wifi,363.3,1,2.5,False,False,browse,False,0.563
sess_02532,usr_0598,push_notification,8,2,False,cellular,392.6,2,2.6,True,False,browse,False,0.3329
sess_02533,usr_0067,widget,21,2,False,wifi,200.4,1,65.0,False,False,browse,False,0.5436
sess_02534,usr_1069,push_notification,19,0,False,wifi,148.6,2,32.4,False,False,act,False,0.5169
sess_02535,usr_2267,widget,10,1,False,cellular,303.1,4,14.5,True,False,browse,False,0.4373
sess_02536,usr_2393,organic,5,6,True,wifi,221.5,4,50.2,False,False,browse,True,0.5863
sess_02537,usr_2373,organic,20,5,True,wifi,166.5,4,11.1,False,True,browse,False,0.4663
sess_02538,usr_1711,organic,18,2,False,cellular,173.2,4,17.0,False,False,act,True,0.7392
sess_02539,usr_1210,organic,15,1,False,wifi,320.1,1,25.1,False,False,browse,False,0.398
sess_02540,usr_0625,widget,18,2,False,cellular,459.0,1,12.5,False,False,browse,False,0.4896
sess_02541,usr_0804,push_notification,13,1,False,cellular,127.6,1,0.8,False,True,act,True,0.7457
sess_02542,usr_1352,organic,13,3,False,wifi,294.9,1,7.1,False,False,browse,False,0.3775
sess_02543,usr_0943,push_notification,20,5,True,wifi,115.6,1,1.6,True,True,act,True,0.7557
sess_02544,usr_1556,push_notification,18,2,False,wifi,122.1,2,4.4,True,False,act,True,0.5922
sess_02545,usr_2334,push_notification,15,0,False,cellular,106.8,2,161.1,True,False,act,False,0.559
sess_02546,usr_1007,push_notification,10,4,False,wifi,192.1,2,0.5,False,False,act,False,0.4959
sess_02547,usr_2046,push_notification,5,2,False,wifi,83.9,4,4.8,True,False,act,True,0.7891
sess_02548,usr_2256,organic,19,3,False,wifi,245.2,1,77.7,False,False,browse,False,0.5261
sess_02549,usr_1383,push_notification,21,1,False,cellular,77.3,2,32.9,False,False,act,True,0.5617
sess_02550,usr_1055,organic,21,4,False,cellular,254.2,1,1.9,True,False,browse,False,0.5533
sess_02551,usr_2002,organic,15,4,False,cellular,277.9,1,23.9,False,False,browse,False,0.2755
sess_02552,usr_2010,organic,11,6,True,wifi,297.4,2,2.7,False,False,browse,False,0.5443
sess_02553,usr_1888,push_notification,11,3,False,cellular,161.3,2,21.5,False,False,act,True,0.8663
sess_02554,usr_0690,push_notification,18,4,False,wifi,301.1,1,24.7,False,True,browse,False,0.4472
sess_02555,usr_1443,organic,12,4,False,cellular,202.5,1,8.2,False,False,browse,False,0.5166
sess_02556,usr_0694,widget,3,6,True,cellular,200.2,2,18.6,False,False,browse,False,0.5342
sess_02557,usr_0574,push_notification,2,6,True,wifi,119.5,3,7.3,True,False,act,False,0.5366
sess_02558,usr_2239,widget,13,2,False,wifi,162.8,3,4.4,False,True,act,True,0.8733
sess_02559,usr_2001,push_notification,14,3,False,cellular,204.1,1,5.0,True,False,browse,False,0.3221
sess_02560,usr_0754,organic,15,0,False,wifi,180.4,1,10.9,True,False,browse,False,0.3285
sess_02561,usr_2221,organic,9,4,False,cellular,221.3,1,22.8,False,False,browse,False,0.3419
sess_02562,usr_0241,push_notification,19,4,False,cellular,87.8,2,18.3,False,False,act,True,0.817
sess_02563,usr_2147,organic,16,4,False,wifi,283.6,1,29.3,False,False,browse,True,0.8439
sess_02564,usr_0139,organic,21,3,False,wifi,91.0,2,84.7,True,False,act,True,0.5851
sess_02565,usr_0305,push_notification,17,2,False,cellular,125.3,2,11.0,True,False,act,False,0.4911
sess_02566,usr_0199,organic,17,0,False,cellular,200.0,1,63.2,False,True,browse,False,0.4918
sess_02567,usr_0027,push_notification,12,1,False,wifi,20.4,4,32.1,False,False,act,True,0.608
sess_02568,usr_1690,organic,16,0,False,wifi,312.4,1,7.3,False,False,browse,False,0.5083
sess_02569,usr_0564,push_notification,18,2,False,cellular,152.9,2,23.5,False,True,act,True,0.8338
sess_02570,usr_0948,organic,9,4,False,wifi,134.1,1,27.4,True,False,browse,True,0.5739
sess_02571,usr_0279,organic,18,0,False,cellular,209.7,1,56.2,True,False,browse,False,0.4431
sess_02572,usr_0619,organic,18,4,False,wifi,283.2,2,1.6,False,False,browse,False,0.521
sess_02573,usr_0038,organic,15,0,False,cellular,110.4,2,60.6,False,False,act,True,0.6394
sess_02574,usr_0896,organic,14,0,False,cellular,141.4,3,1.5,True,True,act,True,0.7868
sess_02575,usr_2072,widget,16,2,False,cellular,86.3,3,2.9,True,False,act,False,0.4715
sess_02576,usr_1868,organic,15,0,False,wifi,125.7,1,71.3,True,True,act,True,0.6402
sess_02577,usr_1529,organic,2,6,True,wifi,306.8,2,5.7,False,False,browse,True,0.6801
sess_02578,usr_0248,widget,2,0,False,wifi,444.6,2,13.2,False,False,browse,False,0.2575
sess_02579,usr_1980,organic,19,3,False,wifi,385.2,1,10.2,False,False,browse,True,0.5403
sess_02580,usr_1999,push_notification,9,4,False,wifi,123.4,3,22.8,False,False,act,False,0.2931
sess_02581,usr_0065,widget,5,3,False,wifi,80.4,4,3.7,True,False,act,True,0.8288
sess_02582,usr_0028,widget,15,1,False,wifi,157.4,3,5.3,True,True,act,False,0.4557
sess_02583,usr_2180,organic,12,5,True,wifi,288.1,5,12.2,False,True,browse,True,0.8214
sess_02584,usr_2260,push_notification,19,4,False,cellular,419.6,2,2.5,False,False,browse,False,0.5355
sess_02585,usr_1685,organic,20,0,False,cellular,345.3,1,11.7,False,False,browse,False,0.3578
sess_02586,usr_0049,organic,20,4,False,wifi,239.8,1,8.0,True,False,browse,True,0.8022
sess_02587,usr_0069,organic,12,1,False,wifi,261.9,2,14.4,False,False,browse,False,0.5245
sess_02588,usr_2169,organic,14,3,False,cellular,291.9,1,100.7,True,False,browse,False,0.4671
sess_02589,usr_1126,organic,20,0,False,wifi,123.2,2,7.0,True,False,act,False,0.5352
sess_02590,usr_2195,push_notification,16,4,False,wifi,100.8,2,5.5,True,False,act,True,0.8989
sess_02591,usr_1175,widget,12,3,False,wifi,145.4,2,5.2,False,False,act,False,0.4968
sess_02592,usr_0071,widget,18,3,False,cellular,74.5,5,1.9,False,False,act,False,0.3159
sess_02593,usr_2058,push_notification,3,1,False,wifi,183.2,3,27.3,False,False,act,True,0.8065
sess_02594,usr_1764,push_notification,16,0,False,wifi,89.6,2,44.4,False,True,act,True,0.7631
sess_02595,usr_0735,push_notification,6,6,True,cellular,147.6,1,6.5,True,False,act,True,0.5828
sess_02596,usr_0439,push_notification,15,0,False,cellular,111.7,3,4.0,False,False,act,True,0.6385
sess_02597,usr_0395,push_notification,7,4,False,wifi,100.0,2,35.4,False,False,act,True,0.56
sess_02598,usr_2148,widget,9,0,False,cellular,128.1,2,11.6,False,False,act,True,0.8677
sess_02599,usr_0610,push_notification,7,0,False,cellular,131.5,3,2.3,True,False,act,True,0.7755
sess_02600,usr_0988,push_notification,19,2,False,wifi,148.9,1,5.7,False,False,act,False,0.5765
sess_02601,usr_0787,organic,21,6,True,wifi,249.2,2,0.7,False,False,browse,False,0.4328
sess_02602,usr_2157,organic,23,2,False,wifi,268.9,1,19.3,False,False,browse,True,0.6109
sess_02603,usr_1034,push_notification,19,3,False,cellular,359.7,5,4.2,False,False,browse,False,0.2647
sess_02604,usr_1452,push_notification,19,5,True,cellular,109.1,3,74.2,True,False,act,True,0.5932
sess_02605,usr_1095,widget,15,1,False,cellular,101.7,5,6.4,False,False,act,True,0.7994
sess_02606,usr_1626,push_notification,14,0,False,wifi,288.7,1,18.1,False,True,browse,False,0.3144
sess_02607,usr_0324,organic,18,0,False,wifi,139.8,3,3.0,False,False,act,True,0.7947
sess_02608,usr_1529,organic,19,6,True,cellular,168.8,2,5.4,False,False,act,True,0.5828
sess_02609,usr_1664,organic,6,6,True,wifi,294.3,1,32.2,False,False,browse,False,0.2868
sess_02610,usr_1881,organic,12,5,True,cellular,355.9,2,25.8,False,False,browse,True,0.8758
sess_02611,usr_2315,push_notification,16,4,False,cellular,143.9,4,10.5,False,False,act,True,0.8016
sess_02612,usr_0997,organic,18,5,True,cellular,285.2,1,8.7,False,False,browse,False,0.4126
sess_02613,usr_0926,push_notification,20,2,False,wifi,101.0,2,2.5,False,False,act,True,0.8583
sess_02614,usr_1229,push_notification,21,5,True,cellular,152.2,2,111.7,False,False,act,False,0.5349
sess_02615,usr_0331,organic,21,2,False,wifi,160.2,1,3.0,False,False,act,True,0.5759
sess_02616,usr_0130,organic,0,5,True,wifi,174.8,1,1.2,True,False,browse,False,0.4957
sess_02617,usr_0383,push_notification,19,2,False,cellular,106.9,2,46.1,False,False,act,False,0.5059
sess_02618,usr_1661,organic,21,2,False,wifi,291.3,3,1.5,False,False,browse,True,0.6099
sess_02619,usr_1554,widget,17,5,True,wifi,91.1,5,24.5,True,False,act,True,0.8731
sess_02620,usr_1545,organic,9,2,False,wifi,374.7,1,12.5,False,True,browse,False,0.4895
sess_02621,usr_2264,push_notification,11,2,False,cellular,266.7,2,49.6,True,True,browse,False,0.3504
sess_02622,usr_1950,organic,22,0,False,wifi,374.1,1,8.9,False,False,browse,True,0.6257
sess_02623,usr_0230,organic,17,5,True,cellular,165.7,2,3.5,False,False,act,True,0.5526
sess_02624,usr_0039,widget,18,6,True,wifi,393.6,2,4.0,True,False,browse,True,0.6286
sess_02625,usr_0702,organic,7,6,True,wifi,427.5,2,2.4,False,False,browse,False,0.2926
sess_02626,usr_0339,push_notification,17,4,False,cellular,143.2,2,11.9,False,False,browse,False,0.3149
sess_02627,usr_2048,push_notification,8,1,False,wifi,365.5,1,4.1,False,False,browse,False,0.2894
sess_02628,usr_1778,organic,17,5,True,wifi,161.2,1,5.1,False,False,act,True,0.6845
sess_02629,usr_1357,push_notification,13,2,False,cellular,115.6,2,20.9,False,False,act,True,0.7894
sess_02630,usr_2318,organic,22,5,True,wifi,263.5,3,14.9,False,False,browse,False,0.3512
sess_02631,usr_0391,push_notification,17,4,False,cellular,301.5,1,3.2,True,False,browse,False,0.4956
sess_02632,usr_2164,push_notification,8,0,False,wifi,134.5,5,10.3,False,False,act,True,0.8465
sess_02633,usr_0175,organic,8,6,True,wifi,249.2,2,12.1,False,False,browse,False,0.4408
sess_02634,usr_0942,organic,15,6,True,wifi,99.2,2,11.0,False,False,act,True,0.8092
sess_02635,usr_0866,organic,7,5,True,wifi,384.6,2,2.6,False,False,browse,False,0.3497
sess_02636,usr_2322,organic,9,6,True,wifi,81.9,2,20.2,True,False,act,True,0.8442
sess_02637,usr_1948,push_notification,10,0,False,wifi,100.3,3,20.4,False,False,act,True,0.8852
sess_02638,usr_1111,organic,20,5,True,wifi,364.3,1,61.9,False,False,browse,False,0.4432
sess_02639,usr_0191,widget,19,5,True,cellular,126.2,1,8.1,False,False,browse,False,0.303
sess_02640,usr_0305,organic,17,0,False,cellular,363.3,4,10.4,False,False,browse,True,0.8144
sess_02641,usr_1149,organic,6,0,False,cellular,280.8,2,2.4,True,False,browse,False,0.5348
sess_02642,usr_2225,push_notification,21,6,True,wifi,442.4,1,4.3,True,False,browse,False,0.4758
sess_02643,usr_2309,push_notification,9,1,False,wifi,54.5,3,17.7,False,True,act,True,0.7993
sess_02644,usr_0135,organic,4,5,True,wifi,340.0,1,42.7,False,False,browse,False,0.5787
sess_02645,usr_0735,organic,19,4,False,wifi,267.1,1,6.1,True,False,browse,False,0.3265
sess_02646,usr_1289,widget,16,0,False,cellular,214.8,2,9.0,True,False,act,True,0.5739
sess_02647,usr_0065,widget,20,2,False,wifi,80.3,4,12.2,False,False,act,True,0.7454
sess_02648,usr_0849,organic,19,5,True,cellular,342.9,3,54.1,True,False,browse,False,0.5266
sess_02649,usr_2405,organic,15,6,True,wifi,289.2,1,2.7,False,False,browse,False,0.3686
sess_02650,usr_0591,organic,16,2,False,wifi,237.6,2,13.4,True,False,browse,True,0.6233
sess_02651,usr_1632,push_notification,16,5,True,wifi,108.3,2,1.1,True,False,act,True,0.7698
sess_02652,usr_0316,widget,18,4,False,cellular,287.8,1,1.2,False,False,browse,False,0.4903
sess_02653,usr_1226,widget,23,5,True,wifi,324.9,1,56.9,True,False,browse,False,0.5827
sess_02654,usr_0666,push_notification,13,1,False,wifi,334.8,1,11.4,False,False,browse,True,0.6448
sess_02655,usr_2310,widget,17,6,True,wifi,225.6,1,27.4,False,False,browse,False,0.3501
sess_02656,usr_0985,organic,5,6,True,wifi,370.5,4,2.1,False,False,browse,False,0.3728
sess_02657,usr_2322,widget,22,4,False,wifi,223.0,1,21.0,False,False,browse,False,0.5557
sess_02658,usr_1594,organic,15,6,True,wifi,398.6,2,4.3,True,False,browse,False,0.3587
sess_02659,usr_2215,organic,21,4,False,wifi,129.2,1,11.4,False,False,act,True,0.8505
sess_02660,usr_1359,push_notification,10,2,False,wifi,76.9,4,11.1,False,False,act,True,0.9081
sess_02661,usr_1573,organic,19,4,False,wifi,276.5,1,42.8,False,False,browse,False,0.5651
sess_02662,usr_0574,widget,11,5,True,wifi,207.5,1,6.4,True,False,browse,False,0.3208
sess_02663,usr_0322,push_notification,10,1,False,wifi,138.3,2,32.2,True,False,act,True,0.7547
sess_02664,usr_2052,widget,20,2,False,wifi,105.9,2,57.7,False,False,act,False,0.57
sess_02665,usr_1417,widget,6,2,False,cellular,481.5,1,26.4,True,True,browse,False,0.562
sess_02666,usr_0220,organic,16,3,False,wifi,254.3,3,11.5,True,False,browse,False,0.4861
sess_02667,usr_0401,widget,7,2,False,cellular,286.3,1,12.3,True,False,browse,True,0.5923
sess_02668,usr_1791,organic,17,1,False,wifi,337.3,1,13.0,False,False,browse,True,0.5795
sess_02669,usr_0951,widget,20,1,False,wifi,134.7,2,4.4,False,False,act,True,0.6753
sess_02670,usr_0312,widget,1,3,False,cellular,82.5,4,9.4,False,True,act,True,0.6662
sess_02671,usr_1396,organic,17,0,False,wifi,234.1,2,8.9,False,False,browse,False,0.3184
sess_02672,usr_2479,organic,21,5,True,wifi,336.0,2,5.9,True,False,browse,False,0.5096
sess_02673,usr_2440,widget,15,6,True,wifi,111.0,1,41.3,True,False,browse,False,0.2857
sess_02674,usr_1625,push_notification,13,6,True,cellular,160.7,1,3.9,True,False,act,True,0.5741
sess_02675,usr_1337,organic,21,4,False,wifi,255.0,1,5.9,True,False,browse,False,0.2767
sess_02676,usr_0122,organic,8,0,False,wifi,369.5,4,83.0,False,True,browse,False,0.542
sess_02677,usr_1120,push_notification,2,6,True,cellular,243.6,3,5.0,True,False,browse,False,0.3077
sess_02678,usr_1846,widget,23,4,False,wifi,152.2,2,30.2,False,False,act,True,0.6732
sess_02679,usr_2010,push_notification,18,4,False,wifi,225.0,1,5.9,False,False,act,True,0.7369
sess_02680,usr_0935,organic,17,2,False,wifi,171.7,3,5.8,False,False,browse,False,0.5285
sess_02681,usr_1458,organic,15,1,False,cellular,79.0,2,1.1,False,True,act,False,0.4589
sess_02682,usr_2266,organic,14,6,True,wifi,266.7,1,34.9,False,False,browse,False,0.589
sess_02683,usr_1538,organic,14,1,False,cellular,290.2,3,162.4,True,False,browse,False,0.249
sess_02684,usr_1769,push_notification,20,0,False,wifi,90.9,3,8.0,True,False,act,True,0.7014
sess_02685,usr_0761,push_notification,12,0,False,wifi,215.8,1,0.9,False,False,browse,False,0.3243
sess_02686,usr_2400,organic,13,6,True,wifi,331.5,3,40.8,False,False,browse,False,0.3676
sess_02687,usr_1557,organic,20,3,False,wifi,197.5,2,0.9,True,False,act,False,0.5576
sess_02688,usr_0352,organic,13,2,False,wifi,108.5,2,7.4,False,False,act,True,0.8589
sess_02689,usr_1210,organic,17,0,False,wifi,223.5,2,13.6,True,True,browse,False,0.5432
sess_02690,usr_1010,organic,16,1,False,wifi,343.2,1,4.4,False,False,browse,False,0.512
sess_02691,usr_0302,organic,16,4,False,wifi,290.9,1,25.9,False,False,browse,True,0.5849
sess_02692,usr_0337,push_notification,14,0,False,wifi,191.2,1,10.0,True,True,act,True,0.6336
sess_02693,usr_1098,widget,20,3,False,cellular,308.6,1,6.0,False,True,browse,False,0.5378
sess_02694,usr_0632,organic,15,2,False,cellular,198.8,1,50.3,False,False,browse,False,0.2996
sess_02695,usr_1557,organic,8,4,False,wifi,258.0,1,0.8,False,True,browse,False,0.5257
sess_02696,usr_0632,organic,19,4,False,wifi,376.0,1,8.2,True,False,browse,False,0.2928
sess_02697,usr_1596,push_notification,7,6,True,cellular,277.6,2,13.9,False,False,browse,True,0.7664
sess_02698,usr_1298,widget,8,1,False,wifi,82.8,2,14.4,True,True,act,True,0.5719
sess_02699,usr_1478,organic,6,4,False,cellular,318.6,1,39.1,False,False,browse,False,0.3208
sess_02700,usr_0437,push_notification,22,4,False,wifi,76.5,2,4.1,False,False,act,True,0.8124
sess_02701,usr_0375,widget,23,1,False,cellular,388.4,2,12.2,False,True,browse,False,0.4342
sess_02702,usr_0022,push_notification,19,2,False,cellular,128.8,2,41.6,False,False,act,True,0.8143
sess_02703,usr_1263,push_notification,2,0,False,wifi,316.3,1,168.0,True,False,browse,True,0.8464
sess_02704,usr_1822,organic,12,3,False,wifi,339.3,3,11.0,True,False,browse,False,0.4548
sess_02705,usr_1475,push_notification,13,1,False,cellular,63.8,3,0.6,True,False,act,True,0.8101
sess_02706,usr_1105,push_notification,11,5,True,wifi,105.1,1,3.1,True,False,act,True,0.6621
sess_02707,usr_0419,organic,7,5,True,wifi,319.3,1,73.5,False,True,browse,False,0.5742
sess_02708,usr_0543,organic,0,5,True,cellular,254.6,1,8.1,True,False,browse,False,0.3162
sess_02709,usr_0358,organic,17,2,False,wifi,209.7,1,21.3,False,True,browse,True,0.7747
sess_02710,usr_0768,organic,13,2,False,cellular,125.4,1,7.3,False,False,browse,True,0.8484
sess_02711,usr_1766,widget,10,5,True,cellular,173.6,4,10.7,False,False,browse,False,0.2525
sess_02712,usr_1839,widget,20,6,True,wifi,158.1,2,9.3,False,False,act,True,0.801
sess_02713,usr_2282,push_notification,13,6,True,wifi,139.9,3,6.1,False,False,act,True,0.6013
sess_02714,usr_2273,push_notification,17,0,False,wifi,348.5,1,1.1,True,False,browse,False,0.2989
sess_02715,usr_2099,widget,14,1,False,wifi,362.5,1,1.2,True,False,browse,False,0.3034
sess_02716,usr_1672,organic,20,0,False,wifi,74.9,5,8.8,True,False,browse,False,0.5524
sess_02717,usr_0424,organic,5,1,False,wifi,188.9,1,30.9,False,False,browse,False,0.2589
sess_02718,usr_0108,widget,21,6,True,wifi,345.4,4,6.2,True,False,browse,False,0.4723
sess_02719,usr_0368,organic,20,5,True,cellular,392.1,1,3.7,True,False,browse,False,0.3439
sess_02720,usr_1450,widget,13,2,False,cellular,271.9,1,6.5,True,False,browse,False,0.2488
sess_02721,usr_2271,organic,20,1,False,wifi,51.2,2,47.3,False,False,act,True,0.5297
sess_02722,usr_0382,organic,18,1,False,cellular,112.0,3,7.7,False,True,act,True,0.8101
sess_02723,usr_2446,organic,13,3,False,wifi,232.6,1,2.9,False,False,browse,False,0.3236
sess_02724,usr_2450,push_notification,8,3,False,wifi,55.0,3,7.4,False,False,act,True,0.8552
sess_02725,usr_1329,organic,8,3,False,wifi,180.3,1,15.7,False,False,browse,True,0.8605
sess_02726,usr_1578,push_notification,21,2,False,wifi,222.7,2,13.8,True,False,browse,False,0.5379
sess_02727,usr_0051,widget,16,5,True,wifi,268.9,1,3.3,False,False,browse,True,0.7432
sess_02728,usr_1196,widget,9,1,False,wifi,126.0,1,9.3,True,False,browse,False,0.2709
sess_02729,usr_1695,organic,10,5,True,wifi,337.4,1,62.4,True,False,browse,False,0.2683
sess_02730,usr_1589,push_notification,14,4,False,cellular,99.9,3,11.1,True,False,act,True,0.7912
sess_02731,usr_0347,push_notification,17,0,False,wifi,262.7,2,7.8,False,False,browse,False,0.3502
sess_02732,usr_2292,organic,9,5,True,cellular,227.5,2,1.7,False,False,browse,False,0.3126
sess_02733,usr_0995,organic,17,5,True,cellular,354.9,1,15.6,False,False,browse,False,0.2647
sess_02734,usr_2343,widget,17,5,True,wifi,160.4,3,7.1,True,False,act,True,0.7518
sess_02735,usr_2135,push_notification,21,5,True,wifi,323.7,1,5.3,False,False,browse,False,0.3853
sess_02736,usr_0695,widget,22,0,False,cellular,344.1,2,36.1,True,False,browse,True,0.5252
sess_02737,usr_1560,organic,18,4,False,cellular,375.5,2,23.7,True,False,browse,False,0.3502
sess_02738,usr_0695,organic,18,1,False,cellular,280.0,4,143.3,True,False,browse,False,0.2683
sess_02739,usr_0569,organic,14,3,False,wifi,340.6,1,6.7,False,False,browse,False,0.3779
sess_02740,usr_1102,organic,19,4,False,cellular,200.8,1,13.1,False,True,browse,False,0.517
sess_02741,usr_1234,widget,10,1,False,cellular,329.7,1,13.3,True,True,browse,False,0.542
sess_02742,usr_1100,organic,22,1,False,wifi,274.8,2,6.2,False,False,browse,True,0.7698
sess_02743,usr_2020,widget,15,2,False,wifi,341.6,1,20.8,True,False,browse,False,0.5354
sess_02744,usr_0598,push_notification,19,6,True,cellular,159.6,3,1.6,True,False,act,True,0.596
sess_02745,usr_0260,organic,18,1,False,wifi,229.7,3,17.8,False,False,act,True,0.772
sess_02746,usr_0685,widget,10,2,False,wifi,97.0,4,5.1,False,False,act,False,0.5248
sess_02747,usr_1781,widget,19,3,False,cellular,357.6,1,3.5,False,False,browse,False,0.5133
sess_02748,usr_1131,organic,14,4,False,wifi,265.8,1,24.8,True,False,browse,False,0.5507
sess_02749,usr_1725,push_notification,13,4,False,wifi,173.7,2,168.0,False,False,act,False,0.4877
sess_02750,usr_1228,push_notification,14,4,False,wifi,65.6,2,24.9,True,True,act,True,0.9
sess_02751,usr_1984,organic,20,1,False,wifi,304.3,1,15.0,True,True,browse,True,0.8532
sess_02752,usr_0316,organic,10,4,False,wifi,344.9,1,7.7,False,False,browse,False,0.5181
sess_02753,usr_1480,widget,10,2,False,wifi,377.4,3,63.1,False,True,browse,False,0.2918
sess_02754,usr_1031,push_notification,21,6,True,cellular,107.1,3,23.0,True,False,act,True,0.8434
sess_02755,usr_1011,organic,12,2,False,cellular,138.2,2,4.7,False,False,browse,False,0.4851
sess_02756,usr_2031,push_notification,19,6,True,wifi,248.7,1,60.3,False,False,browse,True,0.6677
sess_02757,usr_2433,widget,16,1,False,wifi,61.3,5,8.5,False,False,act,False,0.5065
sess_02758,usr_0801,widget,20,0,False,cellular,93.5,3,2.8,True,False,act,True,0.8068
sess_02759,usr_1876,push_notification,19,1,False,wifi,172.7,2,10.7,True,False,act,False,0.239
sess_02760,usr_0439,push_notification,11,6,True,cellular,268.6,2,36.9,False,False,browse,False,0.2834
sess_02761,usr_0555,push_notification,12,0,False,cellular,229.7,3,25.7,False,False,browse,False,0.311
sess_02762,usr_1248,push_notification,21,5,True,cellular,88.1,2,24.3,False,False,act,True,0.696
sess_02763,usr_0028,organic,19,3,False,wifi,212.0,3,4.6,False,False,browse,False,0.5062
sess_02764,usr_1621,organic,8,6,True,cellular,118.8,1,33.5,True,False,browse,False,0.4475
sess_02765,usr_1361,push_notification,6,0,False,cellular,303.4,1,7.8,False,True,browse,False,0.5269
sess_02766,usr_1557,widget,17,1,False,cellular,445.1,1,39.1,False,False,browse,False,0.23
sess_02767,usr_1350,push_notification,12,3,False,cellular,185.6,2,4.7,False,False,act,True,0.8676
sess_02768,usr_1804,widget,18,4,False,wifi,164.4,1,29.5,False,False,browse,False,0.2446
sess_02769,usr_1372,organic,19,5,True,wifi,94.4,1,168.0,False,True,act,False,0.5923
sess_02770,usr_1764,widget,7,0,False,wifi,296.5,1,13.0,True,False,browse,False,0.2892
sess_02771,usr_2435,widget,15,1,False,cellular,123.4,1,2.3,False,False,act,True,0.8161
sess_02772,usr_0558,organic,12,0,False,cellular,302.6,1,15.4,False,False,browse,False,0.3476
sess_02773,usr_1231,push_notification,18,3,False,cellular,335.1,3,74.4,True,False,browse,False,0.3025
sess_02774,usr_1314,push_notification,7,4,False,wifi,112.5,1,16.6,True,False,act,True,0.8396
sess_02775,usr_2471,push_notification,5,0,False,cellular,49.1,2,37.5,False,False,act,True,0.8721
sess_02776,usr_0823,push_notification,19,2,False,wifi,68.6,3,37.3,False,False,act,True,0.5623
sess_02777,usr_1963,push_notification,14,4,False,wifi,74.6,2,24.6,False,False,act,True,0.8941
sess_02778,usr_1287,organic,10,5,True,cellular,103.4,4,8.0,True,False,act,True,0.8107
sess_02779,usr_0728,organic,17,3,False,wifi,337.2,1,27.9,False,False,browse,True,0.75
sess_02780,usr_1632,organic,12,2,False,wifi,167.4,3,77.6,False,False,browse,False,0.5559
sess_02781,usr_1308,organic,19,2,False,wifi,325.4,1,27.2,False,False,browse,True,0.5402
sess_02782,usr_1194,push_notification,8,6,True,cellular,82.5,5,11.2,True,True,act,True,0.8132
sess_02783,usr_2012,organic,5,2,False,cellular,383.4,2,43.5,True,False,browse,False,0.5953
sess_02784,usr_2359,push_notification,9,2,False,cellular,126.4,3,6.3,True,False,act,True,0.8365
sess_02785,usr_0993,push_notification,8,0,False,wifi,75.5,1,11.2,False,False,act,True,0.8443
sess_02786,usr_1335,organic,18,3,False,cellular,79.7,3,5.7,False,False,act,False,0.5611
sess_02787,usr_1541,widget,6,2,False,wifi,160.6,2,9.2,False,False,act,True,0.5814
sess_02788,usr_1149,organic,9,4,False,wifi,246.0,2,13.3,False,False,browse,False,0.5366
sess_02789,usr_1610,organic,16,1,False,wifi,211.2,3,5.9,False,False,browse,False,0.3376
sess_02790,usr_1496,widget,19,0,False,cellular,97.4,2,4.5,False,False,act,False,0.5673
sess_02791,usr_0467,organic,22,1,False,wifi,71.2,2,5.0,False,False,act,True,0.8146
sess_02792,usr_2310,organic,6,4,False,wifi,396.1,2,37.5,False,False,browse,False,0.5324
sess_02793,usr_0819,widget,12,3,False,wifi,294.7,1,11.9,False,False,browse,False,0.4958
sess_02794,usr_2426,organic,5,0,False,wifi,87.0,3,7.5,True,False,act,True,0.8444
sess_02795,usr_2235,push_notification,13,5,True,cellular,149.2,4,2.8,True,False,act,True,0.6101
sess_02796,usr_0737,organic,7,0,False,wifi,312.6,1,3.7,False,False,browse,False,0.2899
sess_02797,usr_2254,widget,19,2,False,cellular,183.7,4,4.7,False,False,act,True,0.8294
sess_02798,usr_0111,organic,21,2,False,wifi,284.7,1,25.8,True,False,browse,True,0.5861
sess_02799,usr_1891,organic,14,5,True,wifi,329.8,1,6.1,False,False,browse,False,0.3181
sess_02800,usr_0859,organic,7,1,False,cellular,214.5,2,23.1,False,False,browse,False,0.354
sess_02801,usr_1796,organic,8,5,True,cellular,88.0,3,100.3,False,False,act,True,0.8561
sess_02802,usr_1194,push_notification,6,3,False,wifi,249.4,4,3.3,True,False,browse,False,0.2942
sess_02803,usr_0284,organic,15,5,True,cellular,244.4,1,16.3,False,False,browse,False,0.3156
sess_02804,usr_1676,organic,12,6,True,wifi,376.3,1,4.3,False,False,browse,False,0.5146
sess_02805,usr_2046,widget,14,6,True,cellular,198.5,2,1.4,False,False,act,True,0.6705
sess_02806,usr_0571,organic,18,2,False,wifi,248.3,1,6.1,False,False,browse,False,0.542
sess_02807,usr_1241,widget,21,3,False,wifi,103.8,4,2.0,False,False,act,True,0.8433
sess_02808,usr_0992,widget,0,6,True,cellular,315.5,2,48.7,True,False,browse,True,0.6161
sess_02809,usr_1035,widget,14,5,True,wifi,389.8,1,2.1,False,False,browse,True,0.8078
sess_02810,usr_0632,push_notification,22,4,False,cellular,154.3,3,5.8,True,False,act,True,0.8061
sess_02811,usr_1734,organic,10,0,False,cellular,110.3,3,50.3,True,False,act,True,0.5537
sess_02812,usr_1545,push_notification,21,3,False,cellular,255.2,1,27.1,False,True,browse,False,0.3583
sess_02813,usr_0303,push_notification,10,5,True,wifi,110.7,3,1.0,False,True,act,True,0.6241
sess_02814,usr_1840,push_notification,14,0,False,wifi,137.3,2,3.0,False,False,act,False,0.3536
sess_02815,usr_2450,organic,5,2,False,cellular,214.5,4,2.3,True,False,browse,False,0.3311
sess_02816,usr_1963,widget,6,5,True,cellular,214.4,1,3.7,False,False,browse,False,0.3857
sess_02817,usr_2385,widget,7,5,True,cellular,378.6,1,1.3,False,False,browse,False,0.3985
sess_02818,usr_1642,widget,18,3,False,wifi,197.5,2,7.3,True,False,browse,False,0.4801
sess_02819,usr_2189,organic,22,0,False,cellular,153.5,2,44.3,True,False,act,True,0.6183
sess_02820,usr_2076,organic,15,4,False,cellular,334.5,1,15.6,False,True,browse,False,0.4647
sess_02821,usr_1714,push_notification,14,1,False,cellular,84.9,4,3.5,False,False,act,True,0.6329
sess_02822,usr_2227,push_notification,18,5,True,cellular,141.7,4,5.4,False,True,act,True,0.6185
sess_02823,usr_0151,push_notification,18,4,False,cellular,141.6,3,19.9,False,False,act,True,0.6604
sess_02824,usr_1473,push_notification,8,3,False,wifi,211.6,1,7.8,False,False,browse,True,0.5638
sess_02825,usr_2200,push_notification,16,4,False,cellular,144.1,2,6.9,False,False,act,False,0.5637
sess_02826,usr_2433,organic,11,0,False,cellular,152.2,3,43.1,False,False,browse,True,0.64
sess_02827,usr_0349,widget,17,5,True,cellular,47.7,2,19.3,True,False,act,False,0.3117
sess_02828,usr_0448,organic,6,0,False,wifi,313.0,1,8.7,False,False,browse,False,0.318
sess_02829,usr_1017,push_notification,15,6,True,wifi,55.0,2,12.0,False,False,act,True,0.6152
sess_02830,usr_1455,organic,14,6,True,wifi,228.8,1,7.7,False,False,browse,False,0.2605
sess_02831,usr_0682,organic,20,1,False,cellular,369.0,3,11.5,False,False,browse,False,0.331
sess_02832,usr_0182,widget,13,1,False,wifi,167.1,2,72.2,True,True,act,True,0.7819
sess_02833,usr_2307,organic,16,1,False,wifi,309.6,3,5.4,False,True,browse,False,0.2952
sess_02834,usr_1637,organic,8,1,False,wifi,356.3,1,15.0,True,False,browse,False,0.3123
sess_02835,usr_1359,organic,18,5,True,wifi,256.8,2,81.2,False,False,browse,False,0.301
sess_02836,usr_1764,push_notification,9,1,False,wifi,225.4,2,14.9,False,False,browse,False,0.3507
sess_02837,usr_0434,widget,7,5,True,wifi,186.6,1,5.3,True,False,browse,True,0.6391
sess_02838,usr_0044,organic,9,0,False,wifi,177.9,1,7.0,False,False,browse,False,0.3532
sess_02839,usr_0404,organic,7,3,False,wifi,196.8,3,13.4,True,False,browse,False,0.2231
sess_02840,usr_1060,widget,18,1,False,wifi,290.6,1,13.5,False,False,browse,False,0.4593
sess_02841,usr_0910,push_notification,7,6,True,cellular,293.2,2,64.2,True,False,browse,True,0.5528
sess_02842,usr_2092,push_notification,5,5,True,wifi,233.3,2,9.8,False,False,browse,False,0.2885
sess_02843,usr_2125,widget,16,3,False,cellular,263.4,1,6.3,True,False,browse,False,0.2678
sess_02844,usr_2286,push_notification,16,0,False,wifi,94.8,2,3.4,True,False,act,False,0.4906
sess_02845,usr_2378,push_notification,17,1,False,wifi,97.7,2,9.0,True,False,act,True,0.8239
sess_02846,usr_2357,organic,19,6,True,wifi,216.1,3,128.1,True,False,browse,False,0.3969
sess_02847,usr_0906,organic,14,0,False,wifi,218.4,4,26.7,True,False,browse,False,0.555
sess_02848,usr_1826,organic,21,6,True,wifi,136.7,4,35.5,False,False,act,True,0.5759
sess_02849,usr_1533,widget,13,4,False,cellular,75.9,2,9.3,False,False,act,True,0.7924
sess_02850,usr_1603,organic,20,2,False,wifi,176.9,1,168.0,False,False,browse,True,0.7284
sess_02851,usr_1897,widget,22,0,False,cellular,224.2,2,79.3,False,False,browse,False,0.6007
sess_02852,usr_2411,push_notification,7,2,False,wifi,144.9,1,35.5,False,True,act,True,0.8793
sess_02853,usr_2050,widget,9,5,True,wifi,361.1,3,17.4,True,False,browse,False,0.5293
sess_02854,usr_0618,push_notification,16,6,True,wifi,133.2,5,12.3,True,False,act,True,0.6077
sess_02855,usr_1413,widget,11,1,False,cellular,237.2,1,18.9,False,False,browse,False,0.555
sess_02856,usr_0101,push_notification,17,1,False,wifi,161.5,2,14.9,True,False,act,True,0.5908
sess_02857,usr_1978,widget,20,0,False,wifi,70.5,2,20.5,False,False,act,False,0.5381
sess_02858,usr_0429,push_notification,20,4,False,wifi,130.7,2,38.1,False,False,act,True,0.5698
sess_02859,usr_1211,widget,15,6,True,wifi,442.3,1,2.8,True,False,browse,False,0.2852
sess_02860,usr_1704,widget,7,3,False,wifi,331.5,1,109.4,False,False,browse,False,0.4586
sess_02861,usr_0352,widget,20,6,True,cellular,240.6,1,39.7,False,False,browse,True,0.6526
sess_02862,usr_0476,organic,13,6,True,wifi,273.2,1,4.4,False,False,browse,False,0.317
sess_02863,usr_0581,widget,7,0,False,cellular,88.8,2,16.1,False,False,act,False,0.4885
sess_02864,usr_1427,organic,21,4,False,wifi,272.1,1,77.2,False,False,browse,False,0.5036
sess_02865,usr_1278,push_notification,15,5,True,wifi,151.9,2,42.1,False,False,act,False,0.2604
sess_02866,usr_1406,push_notification,18,0,False,cellular,346.1,3,28.7,False,False,browse,False,0.5489
sess_02867,usr_1866,widget,9,4,False,cellular,96.0,5,4.5,True,False,act,True,0.6395
sess_02868,usr_0848,organic,21,3,False,wifi,168.0,1,168.0,True,False,browse,False,0.4928
sess_02869,usr_2135,organic,18,2,False,cellular,184.4,3,2.7,False,False,browse,False,0.3141
sess_02870,usr_1979,widget,3,4,False,cellular,99.1,2,4.6,False,False,act,True,0.7699
sess_02871,usr_1427,organic,21,3,False,cellular,212.3,1,13.4,True,False,browse,False,0.5765
sess_02872,usr_1951,widget,15,5,True,wifi,235.9,1,10.1,False,False,browse,False,0.3789
sess_02873,usr_0400,organic,22,4,False,wifi,329.4,1,97.4,True,False,browse,False,0.2554
sess_02874,usr_1795,push_notification,9,1,False,cellular,128.7,2,6.3,False,False,act,False,0.4422
sess_02875,usr_1854,organic,19,6,True,cellular,276.5,1,13.5,False,False,browse,False,0.5088
sess_02876,usr_1307,organic,8,2,False,wifi,378.6,4,3.3,False,False,browse,False,0.5038
sess_02877,usr_0276,push_notification,1,3,False,wifi,59.5,4,33.7,False,False,act,False,0.529
sess_02878,usr_1230,organic,14,0,False,wifi,259.3,1,21.2,True,False,browse,False,0.5031
sess_02879,usr_0184,push_notification,19,2,False,wifi,136.6,4,30.3,False,False,act,True,0.6431
sess_02880,usr_0472,widget,13,4,False,cellular,119.4,2,6.1,False,False,act,True,0.5636
sess_02881,usr_0093,push_notification,7,3,False,wifi,147.0,1,31.3,True,False,act,True,0.8706
sess_02882,usr_1406,organic,4,2,False,cellular,130.2,3,38.9,True,False,act,True,0.6628
sess_02883,usr_0448,organic,12,4,False,wifi,284.0,5,49.5,False,False,browse,False,0.5071
sess_02884,usr_0674,organic,1,0,False,wifi,225.2,1,2.2,False,False,browse,False,0.2964
sess_02885,usr_1000,push_notification,18,4,False,cellular,161.5,2,9.7,False,False,act,True,0.6134
sess_02886,usr_2114,organic,7,5,True,cellular,193.4,3,9.8,False,True,act,True,0.8187
sess_02887,usr_0715,organic,9,4,False,wifi,139.3,3,5.0,False,False,act,True,0.8736
sess_02888,usr_2261,widget,10,4,False,wifi,109.4,3,5.8,True,False,act,False,0.3223
sess_02889,usr_0656,push_notification,21,3,False,wifi,146.2,2,37.2,True,False,act,True,0.7896
sess_02890,usr_1356,push_notification,11,6,True,wifi,135.5,2,14.8,True,True,act,True,0.8306
sess_02891,usr_2294,organic,12,6,True,wifi,352.4,1,9.3,True,False,browse,False,0.4452
sess_02892,usr_1747,organic,2,3,False,wifi,314.6,3,1.9,False,False,browse,False,0.2981
sess_02893,usr_1893,widget,17,0,False,wifi,104.8,3,23.6,False,False,act,True,0.5393
sess_02894,usr_0950,push_notification,18,4,False,cellular,309.8,1,11.9,True,False,browse,False,0.2796
sess_02895,usr_1660,organic,7,6,True,wifi,372.1,1,11.3,False,False,browse,False,0.5681
sess_02896,usr_0756,organic,9,6,True,wifi,200.3,1,54.6,False,False,browse,False,0.5966
sess_02897,usr_0764,push_notification,14,1,False,wifi,114.8,3,21.0,False,False,act,True,0.747
sess_02898,usr_1771,widget,18,2,False,cellular,268.7,3,30.1,True,False,browse,False,0.3721
sess_02899,usr_1621,organic,18,1,False,cellular,101.2,3,17.4,False,False,act,False,0.4652
sess_02900,usr_0120,push_notification,11,0,False,wifi,84.5,3,34.9,False,True,act,True,0.6512
sess_02901,usr_0809,push_notification,13,3,False,wifi,262.1,1,3.8,True,False,browse,True,0.5359
sess_02902,usr_1842,push_notification,13,2,False,wifi,184.6,1,15.9,False,False,browse,False,0.4907
sess_02903,usr_2426,widget,20,4,False,wifi,147.2,1,14.0,False,False,act,True,0.804
sess_02904,usr_1760,organic,9,3,False,wifi,334.5,2,14.8,True,False,browse,False,0.5287
sess_02905,usr_1593,push_notification,22,3,False,wifi,357.0,1,1.0,False,True,browse,False,0.2548
sess_02906,usr_0019,push_notification,0,3,False,wifi,145.0,1,14.3,False,False,act,True,0.6652
sess_02907,usr_0880,organic,8,4,False,wifi,155.3,5,8.4,True,False,browse,False,0.4968
sess_02908,usr_0843,organic,14,5,True,wifi,377.3,3,27.3,False,False,browse,False,0.5349
sess_02909,usr_1141,push_notification,10,2,False,cellular,137.3,2,33.9,True,False,act,False,0.5838
sess_02910,usr_0257,organic,18,0,False,cellular,315.3,5,11.0,False,False,browse,True,0.7034
sess_02911,usr_2365,push_notification,17,0,False,cellular,89.7,2,168.0,True,False,act,True,0.8561
sess_02912,usr_0417,push_notification,6,4,False,cellular,107.5,4,22.8,False,False,act,True,0.8523
sess_02913,usr_2200,organic,9,4,False,wifi,218.2,1,5.1,False,True,browse,False,0.2861
sess_02914,usr_0766,organic,18,0,False,cellular,103.7,3,0.2,False,True,act,True,0.6676
sess_02915,usr_1499,organic,10,3,False,cellular,345.3,1,21.1,False,False,browse,False,0.5277
sess_02916,usr_1336,organic,15,3,False,wifi,406.7,4,34.3,False,False,browse,False,0.4904
sess_02917,usr_0808,organic,13,4,False,wifi,346.8,2,12.1,False,True,browse,False,0.5709
sess_02918,usr_1875,push_notification,18,2,False,wifi,175.3,2,1.4,True,False,act,True,0.7993
sess_02919,usr_0467,organic,2,2,False,cellular,304.4,5,12.6,False,False,browse,False,0.4833
sess_02920,usr_1075,push_notification,9,1,False,wifi,83.9,2,16.9,True,False,act,False,0.5632
sess_02921,usr_2005,push_notification,19,6,True,cellular,100.6,3,77.2,False,False,act,False,0.3652
sess_02922,usr_2162,organic,7,0,False,wifi,319.2,3,25.6,False,False,browse,False,0.5086
sess_02923,usr_1284,widget,13,3,False,wifi,280.4,1,13.3,False,False,browse,False,0.3064
sess_02924,usr_2446,push_notification,15,6,True,wifi,85.2,4,124.1,False,False,act,True,0.8118
sess_02925,usr_1592,push_notification,14,5,True,wifi,165.8,5,2.5,False,False,act,True,0.5744
sess_02926,usr_1608,organic,5,5,True,cellular,162.7,1,5.8,False,False,browse,False,0.4749
sess_02927,usr_2405,push_notification,20,6,True,wifi,180.8,3,6.4,False,False,act,False,0.5852
sess_02928,usr_0468,organic,14,3,False,cellular,191.3,1,8.8,True,True,browse,False,0.302
sess_02929,usr_1426,organic,16,6,True,cellular,335.9,2,45.3,True,False,browse,False,0.5176
sess_02930,usr_1442,push_notification,8,3,False,wifi,79.4,3,1.9,False,True,act,True,0.5956
sess_02931,usr_1876,widget,7,1,False,wifi,76.0,2,10.4,True,True,act,False,0.5187
sess_02932,usr_0707,organic,10,6,True,wifi,297.1,2,21.7,True,True,browse,False,0.3339
sess_02933,usr_1219,push_notification,13,6,True,wifi,262.4,2,6.1,False,False,browse,False,0.4739
sess_02934,usr_2418,organic,15,2,False,wifi,379.1,1,7.1,False,False,browse,True,0.6413
sess_02935,usr_0348,push_notification,13,2,False,wifi,102.5,1,38.9,False,True,act,True,0.7756
sess_02936,usr_0549,push_notification,17,2,False,cellular,159.2,4,27.4,False,True,act,True,0.7852
sess_02937,usr_1283,organic,13,5,True,cellular,270.1,1,10.5,False,False,browse,False,0.2397
sess_02938,usr_0483,widget,8,0,False,wifi,104.9,3,49.5,False,True,act,True,0.6407
sess_02939,usr_0978,organic,8,6,True,wifi,321.1,2,4.8,False,True,browse,False,0.2441
sess_02940,usr_1251,organic,16,6,True,wifi,416.1,1,29.6,False,False,browse,False,0.5581
sess_02941,usr_0480,organic,21,3,False,cellular,181.5,2,0.8,True,False,browse,False,0.4864
sess_02942,usr_0750,organic,18,5,True,wifi,156.1,2,18.3,True,False,browse,False,0.4498
sess_02943,usr_1530,organic,15,5,True,cellular,321.7,4,3.6,True,False,browse,True,0.8523
sess_02944,usr_0580,organic,17,2,False,wifi,272.6,1,39.0,False,False,browse,False,0.2736
sess_02945,usr_2093,push_notification,16,4,False,wifi,121.1,2,88.1,False,True,act,True,0.7769
sess_02946,usr_1592,push_notification,1,4,False,cellular,307.5,1,75.1,False,False,browse,False,0.4764
sess_02947,usr_1714,organic,9,0,False,cellular,216.6,2,58.6,False,False,browse,True,0.8063
sess_02948,usr_2443,push_notification,13,2,False,wifi,172.1,1,16.6,False,False,act,True,0.7968
sess_02949,usr_0565,push_notification,8,6,True,cellular,130.7,2,6.0,False,True,act,False,0.6018
sess_02950,usr_2355,organic,8,3,False,wifi,206.7,3,17.8,False,False,browse,False,0.5841
sess_02951,usr_1572,push_notification,12,1,False,wifi,281.3,1,10.8,False,False,browse,False,0.277
sess_02952,usr_1733,organic,13,0,False,wifi,128.0,1,2.7,False,False,browse,False,0.3288
sess_02953,usr_0761,push_notification,12,3,False,wifi,103.1,1,0.6,False,False,act,True,0.7898
sess_02954,usr_1994,widget,12,6,True,wifi,191.6,1,10.4,False,False,browse,False,0.2446
sess_02955,usr_2202,organic,8,0,False,cellular,254.1,1,1.0,False,False,browse,False,0.2649
sess_02956,usr_0710,push_notification,6,2,False,wifi,67.9,2,3.8,True,False,act,False,0.4632
sess_02957,usr_2273,organic,22,3,False,wifi,259.7,3,5.8,False,False,browse,False,0.3358
sess_02958,usr_0684,organic,21,2,False,cellular,288.6,1,11.2,False,False,browse,False,0.5208
sess_02959,usr_2006,organic,13,1,False,wifi,230.8,2,6.3,False,False,browse,True,0.7883
sess_02960,usr_1184,push_notification,5,3,False,wifi,250.9,1,14.2,False,False,browse,False,0.4843
sess_02961,usr_0575,push_notification,7,6,True,cellular,74.2,2,15.8,False,False,act,True,0.8997
sess_02962,usr_0767,push_notification,20,5,True,wifi,128.5,4,4.9,False,False,act,True,0.7859
sess_02963,usr_1289,widget,17,6,True,wifi,199.7,4,2.2,False,False,browse,False,0.3874
sess_02964,usr_1848,organic,18,5,True,cellular,480.3,1,30.3,False,False,browse,True,0.6153
sess_02965,usr_0220,organic,2,5,True,cellular,369.8,5,6.5,False,False,browse,True,0.5935
sess_02966,usr_1471,organic,9,2,False,wifi,107.6,2,4.4,False,False,act,True,0.5593
sess_02967,usr_0040,widget,20,4,False,wifi,220.4,1,9.8,False,False,browse,False,0.2885
sess_02968,usr_1985,push_notification,13,3,False,cellular,119.2,1,6.0,True,False,act,True,0.6194
sess_02969,usr_0560,organic,21,4,False,wifi,45.8,1,32.4,False,False,act,False,0.574
sess_02970,usr_0800,organic,6,0,False,cellular,250.2,3,8.8,False,False,browse,False,0.5249
sess_02971,usr_1573,push_notification,20,2,False,cellular,145.4,2,13.8,True,False,act,True,0.6335
sess_02972,usr_2301,push_notification,12,0,False,wifi,182.7,2,2.5,True,False,browse,False,0.3193
sess_02973,usr_2071,push_notification,14,3,False,cellular,374.7,1,2.8,True,False,browse,False,0.3179
sess_02974,usr_2028,organic,15,0,False,cellular,333.2,1,51.0,False,False,browse,False,0.3181
sess_02975,usr_1676,push_notification,19,3,False,cellular,97.1,2,29.4,True,False,act,False,0.4832
sess_02976,usr_2015,organic,21,4,False,wifi,247.7,3,168.0,True,False,browse,True,0.8254
sess_02977,usr_1703,organic,18,5,True,wifi,154.5,1,11.9,True,False,browse,False,0.2619
sess_02978,usr_1819,push_notification,12,6,True,cellular,108.6,2,4.3,False,False,act,True,0.8316
sess_02979,usr_2002,organic,20,5,True,wifi,246.3,2,15.5,False,False,browse,False,0.2981
sess_02980,usr_0686,widget,16,6,True,cellular,362.0,1,10.2,True,True,browse,True,0.8893
sess_02981,usr_0339,push_notification,19,5,True,wifi,108.0,2,6.3,True,False,act,True,0.6147
sess_02982,usr_2316,widget,4,4,False,wifi,245.8,3,10.6,False,False,browse,False,0.4943
sess_02983,usr_0127,organic,12,2,False,wifi,147.6,2,0.5,False,False,act,True,0.5854
sess_02984,usr_0904,push_notification,23,5,True,cellular,107.4,2,3.4,True,False,act,True,0.6328
sess_02985,usr_1197,push_notification,23,5,True,wifi,101.4,2,20.9,False,True,act,False,0.4795
sess_02986,usr_0134,widget,21,4,False,cellular,49.1,3,5.7,False,True,browse,False,0.4834
sess_02987,usr_1126,organic,21,6,True,wifi,339.7,1,12.6,False,False,browse,True,0.7536
sess_02988,usr_0921,push_notification,9,2,False,cellular,220.6,1,15.5,False,True,browse,False,0.5381
sess_02989,usr_2203,organic,20,5,True,wifi,156.3,1,5.0,False,False,act,False,0.5439
sess_02990,usr_1183,widget,20,1,False,cellular,111.9,2,17.9,True,False,act,False,0.3879
sess_02991,usr_0689,push_notification,19,0,False,wifi,114.9,1,3.4,True,False,act,True,0.6989
sess_02992,usr_1874,organic,20,0,False,cellular,331.2,3,4.0,False,False,browse,False,0.3418
sess_02993,usr_2317,widget,12,5,True,wifi,261.6,1,1.0,False,False,browse,False,0.2282
sess_02994,usr_2029,organic,22,5,True,wifi,359.1,1,9.1,False,False,browse,False,0.5243
sess_02995,usr_2252,push_notification,14,0,False,cellular,156.0,3,38.1,False,False,act,True,0.6663
sess_02996,usr_2093,push_notification,18,6,True,cellular,102.2,3,12.6,False,False,act,True,0.7525
sess_02997,usr_0464,push_notification,19,4,False,wifi,150.5,2,6.2,False,False,act,True,0.8943
sess_02998,usr_2346,widget,12,0,False,wifi,253.5,3,38.1,False,False,act,True,0.5671
sess_02999,usr_0468,organic,19,2,False,cellular,352.1,1,1.2,True,False,browse,False,0.5417
sess_03000,usr_1098,organic,17,1,False,wifi,301.7,1,3.2,False,False,browse,True,0.5817
sess_03001,usr_2225,widget,7,3,False,cellular,265.1,1,74.6,False,False,browse,False,0.2927
sess_03002,usr_1503,widget,13,1,False,wifi,321.4,1,47.2,True,False,browse,False,0.3564
sess_03003,usr_2221,push_notification,19,2,False,cellular,214.2,1,7.9,False,False,browse,False,0.5295
sess_03004,usr_0171,push_notification,21,3,False,wifi,38.4,3,14.3,False,False,act,False,0.4962
sess_03005,usr_1808,push_notification,16,2,False,wifi,103.0,1,8.2,True,False,act,False,0.5365
sess_03006,usr_2238,widget,20,3,False,cellular,166.4,1,40.1,False,False,act,True,0.8302
sess_03007,usr_0896,organic,15,4,False,wifi,440.5,2,3.5,True,False,browse,False,0.387
sess_03008,usr_1742,push_notification,19,0,False,wifi,170.5,3,7.8,False,False,act,True,0.8311
sess_03009,usr_0420,organic,6,3,False,cellular,407.7,3,53.1,False,True,browse,False,0.2348
sess_03010,usr_1014,push_notification,19,1,False,wifi,299.1,1,68.0,False,True,browse,False,0.3202
sess_03011,usr_1220,push_notification,9,1,False,wifi,207.2,2,6.5,True,False,browse,True,0.833
sess_03012,usr_0133,push_notification,20,2,False,wifi,317.0,1,4.2,True,False,browse,False,0.3005
sess_03013,usr_1843,push_notification,20,1,False,wifi,47.3,2,10.5,False,False,act,True,0.829
sess_03014,usr_1077,organic,12,5,True,wifi,214.2,2,3.2,True,True,browse,False,0.2747
sess_03015,usr_1428,organic,7,6,True,wifi,270.3,1,15.5,False,False,browse,True,0.6253
sess_03016,usr_0357,push_notification,20,1,False,cellular,132.0,3,7.7,False,False,act,False,0.3275
sess_03017,usr_1799,widget,18,0,False,cellular,324.2,2,6.0,False,False,browse,True,0.7898
sess_03018,usr_0481,organic,9,2,False,wifi,67.2,3,29.3,False,False,act,True,0.7679
sess_03019,usr_0971,organic,9,4,False,wifi,245.2,1,16.2,True,False,browse,False,0.4599
sess_03020,usr_0860,push_notification,19,2,False,wifi,92.5,2,13.5,False,False,act,True,0.6111
sess_03021,usr_2409,widget,9,5,True,cellular,334.4,3,168.0,False,False,browse,False,0.515
sess_03022,usr_1437,organic,16,1,False,cellular,136.2,5,25.9,False,True,act,True,0.8822
sess_03023,usr_2500,organic,9,4,False,wifi,347.0,2,48.5,False,False,browse,False,0.3324
sess_03024,usr_1754,organic,12,5,True,wifi,285.0,1,5.2,False,True,browse,False,0.3703
sess_03025,usr_0680,organic,16,0,False,wifi,289.7,3,9.8,True,False,browse,False,0.5119
sess_03026,usr_0571,organic,11,0,False,cellular,165.4,2,36.0,False,False,act,True,0.5557
sess_03027,usr_0847,organic,17,4,False,cellular,408.0,4,88.0,False,False,browse,True,0.796
sess_03028,usr_0848,push_notification,23,1,False,wifi,118.0,3,2.1,True,False,act,False,0.5023
sess_03029,usr_0244,organic,10,0,False,cellular,340.6,2,8.3,True,False,browse,False,0.5529
sess_03030,usr_2336,widget,7,6,True,wifi,288.8,2,81.5,True,False,browse,False,0.2507
sess_03031,usr_1437,organic,4,3,False,cellular,124.3,2,14.9,False,False,act,True,0.7979
sess_03032,usr_2181,organic,7,2,False,wifi,212.2,3,11.3,False,True,browse,False,0.5643
sess_03033,usr_1152,push_notification,18,3,False,wifi,212.8,1,51.3,False,False,browse,True,0.6305
sess_03034,usr_2445,push_notification,20,6,True,cellular,117.6,4,4.2,True,False,act,True,0.8244
sess_03035,usr_2207,organic,16,6,True,cellular,131.3,1,6.8,True,False,browse,False,0.465
sess_03036,usr_0690,organic,20,5,True,wifi,255.9,2,8.7,False,False,browse,False,0.3683
sess_03037,usr_1326,organic,10,5,True,cellular,71.8,4,10.0,False,False,act,False,0.3523
sess_03038,usr_1199,widget,21,1,False,cellular,138.0,5,1.8,False,False,act,True,0.811
sess_03039,usr_1186,push_notification,20,1,False,wifi,162.5,2,22.6,True,False,act,True,0.5975
sess_03040,usr_2346,organic,18,3,False,cellular,99.7,2,34.9,True,False,act,True,0.7993
sess_03041,usr_1096,push_notification,11,0,False,cellular,70.4,2,14.4,False,False,act,True,0.7741
sess_03042,usr_2108,push_notification,19,1,False,wifi,213.3,3,25.2,True,False,act,True,0.6113
sess_03043,usr_0391,push_notification,11,2,False,wifi,156.2,3,10.7,True,False,act,False,0.3339
sess_03044,usr_0556,widget,0,0,False,wifi,59.6,3,3.9,False,False,act,False,0.4747
sess_03045,usr_1686,push_notification,19,0,False,wifi,132.8,5,148.3,False,True,act,True,0.7793
sess_03046,usr_0243,widget,3,0,False,cellular,273.1,2,18.6,True,False,browse,False,0.302
sess_03047,usr_1136,widget,11,6,True,cellular,232.4,2,62.5,True,False,browse,False,0.4702
sess_03048,usr_0520,widget,4,2,False,cellular,230.1,1,3.1,False,False,browse,False,0.3204
sess_03049,usr_0544,push_notification,9,6,True,wifi,381.3,1,15.3,False,False,browse,False,0.251
sess_03050,usr_1023,organic,13,3,False,wifi,103.9,3,38.8,False,True,act,True,0.8417
sess_03051,usr_0600,push_notification,23,3,False,wifi,44.5,3,28.5,True,True,act,True,0.6492
sess_03052,usr_1320,widget,22,6,True,cellular,127.8,3,18.3,False,True,act,True,0.6407
sess_03053,usr_1014,push_notification,21,6,True,cellular,95.0,3,5.4,False,False,act,True,0.8395
sess_03054,usr_1609,organic,14,0,False,wifi,317.9,1,93.7,False,False,browse,False,0.5207
sess_03055,usr_2005,organic,18,1,False,wifi,275.9,1,11.8,False,False,browse,False,0.5608
sess_03056,usr_0583,organic,18,4,False,cellular,138.5,3,0.5,False,True,act,True,0.7991
sess_03057,usr_2366,push_notification,9,6,True,wifi,133.3,4,20.6,False,False,act,False,0.5076
sess_03058,usr_1101,widget,11,5,True,cellular,74.4,2,4.7,False,False,act,True,0.8337
sess_03059,usr_1697,organic,10,6,True,wifi,69.7,4,110.6,False,False,act,False,0.5699
sess_03060,usr_1537,organic,7,0,False,cellular,203.3,1,35.5,False,False,browse,False,0.2912
sess_03061,usr_1852,organic,18,3,False,wifi,275.6,1,18.8,False,False,browse,False,0.2894
sess_03062,usr_0310,widget,14,2,False,cellular,293.8,1,18.4,False,False,browse,False,0.558
sess_03063,usr_0382,widget,0,1,False,cellular,316.6,1,2.3,False,False,browse,True,0.8209
sess_03064,usr_1651,push_notification,11,4,False,wifi,133.5,4,5.9,False,False,act,False,0.3714
sess_03065,usr_2112,widget,17,0,False,wifi,283.1,1,12.0,True,False,browse,True,0.7898
sess_03066,usr_1140,organic,22,2,False,wifi,357.6,1,12.7,False,False,browse,True,0.8764
sess_03067,usr_1512,organic,19,6,True,wifi,190.6,1,5.7,False,False,browse,False,0.3452
sess_03068,usr_1863,organic,3,4,False,cellular,188.8,4,68.5,False,False,browse,False,0.4662
sess_03069,usr_2000,organic,15,2,False,wifi,248.6,1,5.7,False,True,browse,True,0.5795
sess_03070,usr_1341,widget,9,4,False,wifi,138.3,1,2.9,False,False,act,True,0.8055
sess_03071,usr_2384,organic,7,5,True,wifi,365.5,2,1.0,False,True,browse,False,0.2926
sess_03072,usr_0011,widget,20,2,False,cellular,135.9,2,5.5,False,True,browse,True,0.5597
sess_03073,usr_0382,widget,7,4,False,wifi,92.7,1,11.2,True,False,act,True,0.6643
sess_03074,usr_1878,push_notification,14,3,False,wifi,114.7,5,13.2,False,False,act,True,0.8079
sess_03075,usr_1468,widget,15,6,True,cellular,58.5,1,1.8,True,False,act,True,0.7789
sess_03076,usr_0260,widget,17,3,False,wifi,126.1,1,14.0,True,False,browse,False,0.5894
sess_03077,usr_2190,push_notification,7,4,False,wifi,214.4,2,7.1,True,False,act,False,0.3072
sess_03078,usr_1630,push_notification,9,2,False,wifi,321.8,1,15.9,False,False,browse,False,0.5028
sess_03079,usr_0893,organic,16,2,False,wifi,73.5,2,31.2,False,False,act,False,0.4786
sess_03080,usr_1760,push_notification,7,2,False,cellular,210.9,2,6.1,False,True,browse,False,0.5476
sess_03081,usr_0868,widget,4,6,True,wifi,49.8,1,9.3,True,False,browse,False,0.5354
sess_03082,usr_2027,push_notification,16,1,False,wifi,306.7,2,76.2,False,False,browse,False,0.5056
sess_03083,usr_1100,organic,7,4,False,wifi,358.1,1,10.9,False,False,browse,True,0.8163
sess_03084,usr_1323,push_notification,10,4,False,wifi,215.3,2,28.9,False,False,browse,True,0.8773
sess_03085,usr_1162,push_notification,5,0,False,wifi,135.0,2,1.6,True,False,act,True,0.7833
sess_03086,usr_1384,widget,23,4,False,cellular,85.3,5,28.1,False,True,act,False,0.436
sess_03087,usr_2242,push_notification,21,4,False,wifi,73.3,2,16.4,True,True,act,True,0.8179
sess_03088,usr_2368,widget,8,6,True,wifi,353.0,3,27.7,False,False,browse,False,0.2365
sess_03089,usr_0535,organic,11,3,False,wifi,270.1,3,1.1,True,False,browse,False,0.333
sess_03090,usr_2319,widget,17,0,False,wifi,260.1,1,3.5,True,False,browse,False,0.332
sess_03091,usr_1988,organic,21,2,False,cellular,309.3,1,18.2,True,False,browse,False,0.4337
sess_03092,usr_1408,widget,12,0,False,cellular,145.9,2,3.8,False,True,act,True,0.6567
sess_03093,usr_0199,push_notification,10,4,False,cellular,355.5,1,22.3,False,False,browse,False,0.3415
sess_03094,usr_0189,push_notification,2,2,False,wifi,290.6,2,112.9,False,False,browse,True,0.8611
sess_03095,usr_0408,widget,15,1,False,wifi,413.4,2,5.0,False,False,browse,False,0.3583
sess_03096,usr_1883,push_notification,5,4,False,wifi,269.6,3,7.0,True,False,browse,False,0.3369
sess_03097,usr_0067,organic,1,0,False,wifi,444.0,1,168.0,False,False,browse,True,0.7347
sess_03098,usr_0509,push_notification,21,3,False,wifi,118.1,2,2.7,True,False,act,True,0.5929
sess_03099,usr_0648,push_notification,20,2,False,cellular,144.8,3,16.8,False,False,act,True,0.5867
sess_03100,usr_1808,organic,10,3,False,wifi,222.8,1,24.4,False,False,browse,False,0.2836
sess_03101,usr_1870,push_notification,8,0,False,wifi,185.4,2,9.9,False,False,act,False,0.538
sess_03102,usr_0003,organic,7,6,True,cellular,466.1,1,7.3,False,True,browse,False,0.2522
sess_03103,usr_1753,push_notification,7,5,True,cellular,63.8,3,168.0,True,False,act,False,0.5418
sess_03104,usr_0829,organic,17,5,True,cellular,271.7,3,6.1,False,False,browse,False,0.3588
sess_03105,usr_0541,organic,20,2,False,cellular,305.0,2,7.0,True,False,browse,False,0.3736
sess_03106,usr_1237,push_notification,0,0,False,cellular,121.3,5,21.3,False,False,act,True,0.7671
sess_03107,usr_0652,organic,22,6,True,wifi,295.8,1,11.4,False,False,browse,False,0.5396
sess_03108,usr_1123,organic,17,1,False,cellular,486.8,1,16.7,False,False,browse,False,0.2891
sess_03109,usr_0383,push_notification,13,4,False,cellular,173.0,1,25.4,False,False,browse,False,0.5072
sess_03110,usr_1477,widget,9,1,False,cellular,99.9,2,3.8,False,True,act,True,0.7649
sess_03111,usr_1026,organic,7,3,False,wifi,299.9,1,8.1,False,False,browse,False,0.3261
sess_03112,usr_0338,organic,14,6,True,wifi,152.5,3,90.0,False,False,act,True,0.5784
sess_03113,usr_1524,widget,23,6,True,cellular,117.2,2,30.6,False,True,act,True,0.7852
sess_03114,usr_0678,push_notification,14,4,False,wifi,192.8,3,5.8,False,False,act,True,0.6112
sess_03115,usr_0213,widget,21,0,False,wifi,155.7,3,4.2,False,False,act,True,0.8693
sess_03116,usr_1624,push_notification,15,0,False,wifi,287.3,3,24.9,False,False,browse,True,0.8704
sess_03117,usr_1252,widget,13,3,False,wifi,156.8,1,5.3,False,False,act,True,0.8023
sess_03118,usr_0960,push_notification,11,1,False,cellular,133.8,3,9.7,True,False,act,True,0.7562
sess_03119,usr_1759,organic,8,5,True,wifi,205.5,2,7.6,True,False,browse,False,0.2931
sess_03120,usr_0374,organic,15,5,True,cellular,118.9,4,9.9,False,False,act,True,0.7146
sess_03121,usr_0390,widget,13,1,False,wifi,103.8,1,13.8,True,True,act,True,0.8641
sess_03122,usr_0005,widget,14,1,False,wifi,155.5,2,4.1,False,True,act,True,0.7286
sess_03123,usr_0875,push_notification,14,2,False,wifi,319.6,1,22.8,False,False,browse,False,0.3412
sess_03124,usr_1954,push_notification,7,5,True,cellular,162.1,1,61.3,False,True,browse,False,0.4811
sess_03125,usr_0320,organic,14,2,False,wifi,373.0,2,2.1,False,False,browse,False,0.4804
sess_03126,usr_0544,widget,7,1,False,wifi,354.9,3,45.0,False,False,browse,False,0.5349
sess_03127,usr_2432,push_notification,20,3,False,cellular,195.0,3,3.6,True,False,act,False,0.5311
sess_03128,usr_0927,organic,23,5,True,wifi,232.9,4,4.5,False,False,browse,False,0.3555
sess_03129,usr_2128,push_notification,6,5,True,wifi,98.1,3,2.9,False,False,act,True,0.6056
sess_03130,usr_1823,push_notification,15,5,True,cellular,137.4,2,66.7,False,False,act,True,0.8855
sess_03131,usr_0039,push_notification,13,6,True,wifi,109.0,2,41.8,True,False,act,True,0.6061
sess_03132,usr_0034,widget,13,5,True,cellular,158.9,3,9.4,False,False,act,True,0.8487
sess_03133,usr_1408,organic,15,3,False,cellular,264.3,2,5.0,True,False,browse,False,0.3561
sess_03134,usr_0494,widget,18,3,False,wifi,141.7,1,19.0,False,False,browse,False,0.373
sess_03135,usr_1730,push_notification,15,0,False,wifi,308.3,5,7.7,False,False,browse,False,0.493
sess_03136,usr_0542,widget,2,3,False,wifi,165.8,3,15.5,True,True,act,False,0.379
sess_03137,usr_1957,push_notification,12,5,True,cellular,194.4,1,12.5,False,False,browse,True,0.6907
sess_03138,usr_0291,push_notification,14,6,True,cellular,197.9,3,18.6,True,False,act,True,0.6266
sess_03139,usr_0938,organic,17,3,False,cellular,357.1,1,44.9,False,False,browse,False,0.5524
sess_03140,usr_1570,organic,6,0,False,wifi,422.3,3,48.6,False,False,browse,True,0.8225
sess_03141,usr_0366,organic,20,4,False,wifi,217.5,2,27.2,True,False,browse,False,0.51
sess_03142,usr_0420,organic,17,6,True,wifi,109.6,2,8.4,False,False,act,True,0.8478
sess_03143,usr_0423,organic,20,0,False,wifi,202.9,1,11.6,True,False,browse,False,0.3002
sess_03144,usr_1284,organic,6,6,True,wifi,257.7,1,18.8,False,True,browse,False,0.3069
sess_03145,usr_1506,push_notification,4,3,False,cellular,274.6,3,2.6,False,False,browse,False,0.2312
sess_03146,usr_1226,organic,20,3,False,wifi,266.5,2,8.6,False,True,browse,False,0.515
sess_03147,usr_0562,push_notification,15,5,True,wifi,182.1,2,27.1,True,False,browse,True,0.7406
sess_03148,usr_1568,push_notification,6,0,False,wifi,451.3,1,10.0,False,True,browse,False,0.3352
sess_03149,usr_0546,organic,3,4,False,cellular,250.0,1,1.9,False,False,browse,False,0.4522
sess_03150,usr_0586,organic,21,1,False,wifi,115.8,3,4.0,True,False,act,True,0.5943
sess_03151,usr_0281,push_notification,19,5,True,wifi,95.1,2,12.1,True,False,act,True,0.6799
sess_03152,usr_2173,push_notification,18,5,True,cellular,311.9,1,9.0,True,False,browse,False,0.4969
sess_03153,usr_2308,push_notification,18,0,False,wifi,115.3,2,13.7,True,True,act,True,0.6961
sess_03154,usr_0035,organic,9,4,False,wifi,358.3,2,19.4,False,False,browse,True,0.8419
sess_03155,usr_2500,organic,15,5,True,wifi,262.9,2,1.4,False,False,browse,False,0.2205
sess_03156,usr_0673,organic,3,2,False,wifi,298.3,3,2.8,True,True,browse,False,0.5376
sess_03157,usr_1803,organic,17,3,False,wifi,202.0,2,8.1,False,False,browse,False,0.2694
sess_03158,usr_1439,push_notification,14,2,False,wifi,138.3,5,5.3,True,False,act,False,0.5358
sess_03159,usr_0873,push_notification,10,0,False,wifi,96.9,3,17.8,True,True,act,True,0.7574
sess_03160,usr_0621,organic,11,6,True,wifi,264.7,4,4.3,True,False,browse,False,0.476
sess_03161,usr_1687,widget,20,0,False,wifi,153.7,5,3.0,False,False,act,False,0.5509
sess_03162,usr_1813,push_notification,10,6,True,wifi,95.0,2,14.0,False,True,act,True,0.6102
sess_03163,usr_0890,organic,15,1,False,wifi,93.7,3,2.4,True,False,act,True,0.8602
sess_03164,usr_0356,push_notification,16,6,True,wifi,136.2,2,2.1,True,True,act,True,0.6061
sess_03165,usr_0412,organic,18,2,False,cellular,377.1,3,17.1,True,False,browse,False,0.358
sess_03166,usr_0574,push_notification,17,5,True,wifi,159.2,5,153.7,False,True,act,True,0.6047
sess_03167,usr_0505,push_notification,16,2,False,wifi,156.1,2,5.5,False,True,act,True,0.6213
sess_03168,usr_2415,organic,1,3,False,wifi,239.6,5,2.6,False,False,browse,False,0.2979
sess_03169,usr_1573,organic,9,2,False,wifi,312.6,5,30.2,False,False,browse,False,0.2357
sess_03170,usr_1440,widget,5,5,True,cellular,162.7,1,115.5,False,True,act,True,0.769
sess_03171,usr_1759,organic,7,5,True,cellular,218.4,1,48.8,True,False,browse,False,0.2963
sess_03172,usr_1289,push_notification,13,3,False,cellular,321.7,1,23.7,False,False,browse,False,0.5367
sess_03173,usr_0573,organic,12,5,True,wifi,122.7,3,61.3,False,False,act,False,0.3009
sess_03174,usr_1015,organic,11,5,True,wifi,403.2,3,6.7,True,False,browse,True,0.8122
sess_03175,usr_1135,organic,8,4,False,wifi,216.9,1,10.3,True,False,browse,True,0.7557
sess_03176,usr_0346,push_notification,20,6,True,cellular,167.3,3,4.2,False,False,act,False,0.3164
sess_03177,usr_1017,organic,14,2,False,wifi,394.3,2,89.4,False,False,browse,False,0.5701
sess_03178,usr_2267,organic,16,4,False,cellular,495.1,1,8.8,False,False,browse,False,0.372
sess_03179,usr_2462,push_notification,20,1,False,wifi,62.3,2,9.9,False,False,act,True,0.6025
sess_03180,usr_2458,push_notification,10,5,True,cellular,167.9,2,2.3,False,True,act,True,0.7893
sess_03181,usr_2489,organic,12,2,False,cellular,169.2,1,39.0,False,False,browse,False,0.4925
sess_03182,usr_1168,push_notification,8,4,False,wifi,416.9,4,17.7,False,False,browse,False,0.2827
sess_03183,usr_0110,push_notification,14,5,True,wifi,137.5,1,8.2,False,False,act,False,0.5717
sess_03184,usr_1236,widget,18,0,False,cellular,117.7,1,4.0,False,False,act,True,0.8793
sess_03185,usr_0842,widget,12,1,False,wifi,231.5,2,9.4,True,False,browse,False,0.4949
sess_03186,usr_2121,push_notification,14,4,False,wifi,276.1,1,2.8,False,False,browse,False,0.2992
sess_03187,usr_2486,organic,8,4,False,wifi,305.4,4,41.9,False,False,browse,False,0.281
sess_03188,usr_2088,push_notification,7,3,False,wifi,135.4,3,21.1,False,False,act,True,0.6571
sess_03189,usr_0773,push_notification,12,3,False,wifi,75.4,2,7.2,False,False,act,True,0.5479
sess_03190,usr_1605,widget,16,1,False,wifi,346.4,2,57.8,False,False,browse,True,0.6342
sess_03191,usr_1211,widget,18,0,False,cellular,106.7,4,38.2,False,True,act,True,0.6331
sess_03192,usr_0224,push_notification,14,5,True,wifi,148.7,3,9.7,False,False,act,False,0.5091
sess_03193,usr_0981,organic,20,2,False,wifi,411.9,1,4.2,False,False,browse,False,0.5041
sess_03194,usr_2028,push_notification,10,4,False,wifi,176.3,3,10.9,False,False,act,True,0.6218
sess_03195,usr_1581,push_notification,19,2,False,wifi,66.4,1,40.2,False,False,act,False,0.4545
sess_03196,usr_0462,push_notification,18,5,True,wifi,374.7,1,13.8,True,False,browse,True,0.588
sess_03197,usr_0988,organic,21,0,False,wifi,221.4,3,35.9,True,False,browse,False,0.4818
sess_03198,usr_2047,organic,6,0,False,wifi,196.7,2,54.2,False,False,browse,False,0.588
sess_03199,usr_2433,organic,20,4,False,wifi,194.3,1,11.6,False,False,browse,False,0.4803
sess_03200,usr_0291,push_notification,16,0,False,wifi,104.9,1,6.5,False,False,act,True,0.587
sess_03201,usr_2164,push_notification,6,1,False,wifi,219.3,1,1.6,False,False,browse,True,0.5456
sess_03202,usr_0050,push_notification,19,6,True,cellular,105.3,3,22.7,False,False,act,True,0.7748
sess_03203,usr_1480,push_notification,22,3,False,wifi,226.4,1,35.2,False,False,browse,False,0.4667
sess_03204,usr_1297,widget,14,1,False,wifi,355.1,1,2.5,False,False,browse,False,0.4693
sess_03205,usr_0541,organic,8,2,False,cellular,240.0,3,7.7,False,False,browse,True,0.8659
sess_03206,usr_1585,push_notification,10,4,False,cellular,314.8,4,51.5,True,False,browse,False,0.5813
sess_03207,usr_2329,widget,13,4,False,wifi,215.0,1,22.5,True,False,browse,False,0.3636
sess_03208,usr_1724,organic,15,3,False,wifi,218.5,1,6.8,False,False,browse,False,0.5872
sess_03209,usr_1497,organic,10,4,False,wifi,256.9,3,6.9,False,False,browse,False,0.373
sess_03210,usr_2238,organic,18,0,False,cellular,366.6,2,11.4,True,False,browse,True,0.6545
sess_03211,usr_0708,push_notification,5,3,False,cellular,87.3,5,10.7,True,False,act,True,0.8065
sess_03212,usr_1930,organic,21,6,True,wifi,254.2,1,7.6,False,False,browse,False,0.5335
sess_03213,usr_0299,push_notification,14,6,True,wifi,216.6,1,37.2,False,False,browse,True,0.5873
sess_03214,usr_0069,widget,14,4,False,wifi,378.4,1,11.4,False,False,browse,False,0.4757
sess_03215,usr_2406,organic,0,1,False,wifi,237.4,1,22.2,True,False,browse,False,0.5368
sess_03216,usr_0277,organic,7,5,True,wifi,212.9,1,4.3,True,False,browse,False,0.5695
sess_03217,usr_0057,push_notification,7,6,True,wifi,272.7,1,17.0,False,False,browse,False,0.2771
sess_03218,usr_1074,organic,19,2,False,cellular,332.0,1,74.4,False,False,browse,True,0.7344
sess_03219,usr_0884,organic,20,4,False,wifi,117.3,2,40.3,False,False,act,True,0.824
sess_03220,usr_0164,widget,14,2,False,cellular,162.2,3,82.2,False,False,act,True,0.685
sess_03221,usr_0248,push_notification,19,4,False,cellular,143.4,2,0.1,False,False,act,True,0.8218
sess_03222,usr_1631,push_notification,19,0,False,cellular,279.5,2,31.3,False,False,browse,False,0.5716
sess_03223,usr_2076,push_notification,19,2,False,wifi,99.4,2,76.9,False,False,act,True,0.8984
sess_03224,usr_1174,organic,15,6,True,cellular,322.6,4,3.2,True,False,browse,False,0.3856
sess_03225,usr_2053,push_notification,8,1,False,cellular,89.1,2,31.9,True,True,act,True,0.5567
sess_03226,usr_1702,push_notification,13,5,True,cellular,131.3,2,23.9,False,False,act,False,0.5444
sess_03227,usr_1735,organic,8,3,False,wifi,135.7,5,11.2,False,False,browse,True,0.6321
sess_03228,usr_1648,push_notification,5,4,False,wifi,316.0,2,36.6,False,True,browse,False,0.4425
sess_03229,usr_0338,widget,14,3,False,cellular,103.7,3,7.4,False,False,act,True,0.5673
sess_03230,usr_2198,organic,19,3,False,wifi,281.5,1,17.3,True,False,browse,False,0.2937
sess_03231,usr_2203,organic,8,3,False,cellular,167.9,3,4.2,False,False,act,True,0.8244
sess_03232,usr_0626,organic,14,4,False,cellular,149.4,3,18.5,True,False,browse,False,0.3343
sess_03233,usr_1137,organic,18,2,False,wifi,171.5,1,2.0,False,False,browse,False,0.3513
sess_03234,usr_0343,widget,6,5,True,wifi,110.7,1,28.5,True,True,act,True,0.8116
sess_03235,usr_1270,organic,6,2,False,wifi,439.6,1,0.8,False,False,browse,False,0.4869
sess_03236,usr_0324,organic,13,4,False,wifi,365.3,1,113.5,False,False,browse,False,0.5441
sess_03237,usr_2095,organic,20,6,True,wifi,312.5,1,2.2,True,True,browse,False,0.3099
sess_03238,usr_0833,organic,1,3,False,cellular,160.7,3,4.8,False,False,browse,True,0.8285
sess_03239,usr_0637,push_notification,21,0,False,wifi,112.5,2,12.8,False,False,act,False,0.2718
sess_03240,usr_2198,push_notification,20,3,False,cellular,290.7,5,10.2,False,True,browse,False,0.4331
sess_03241,usr_1339,push_notification,12,6,True,wifi,185.8,2,12.6,True,False,act,True,0.7547
sess_03242,usr_1601,organic,2,6,True,cellular,361.4,3,87.1,False,False,browse,False,0.343
sess_03243,usr_2403,push_notification,7,6,True,wifi,61.7,3,1.2,True,False,act,True,0.8531
sess_03244,usr_0271,push_notification,15,0,False,cellular,119.4,4,7.2,True,False,act,False,0.2944
sess_03245,usr_1271,organic,15,4,False,cellular,166.6,1,105.0,False,False,act,True,0.5479
sess_03246,usr_1792,organic,21,4,False,cellular,244.1,3,4.9,True,False,browse,False,0.3399
sess_03247,usr_0978,organic,7,3,False,wifi,332.1,1,48.0,True,False,browse,False,0.4002
sess_03248,usr_0238,organic,14,6,True,cellular,262.9,1,26.0,False,False,browse,True,0.7618
sess_03249,usr_1002,organic,14,4,False,cellular,149.3,1,32.1,False,False,browse,False,0.5458
sess_03250,usr_0354,push_notification,18,2,False,wifi,69.7,3,0.7,False,False,act,True,0.6541
sess_03251,usr_1780,organic,13,3,False,wifi,278.9,2,1.3,False,False,browse,True,0.6326
sess_03252,usr_0476,organic,9,0,False,cellular,95.7,3,85.3,False,True,act,True,0.6406
sess_03253,usr_1858,push_notification,20,0,False,wifi,170.9,3,10.0,False,False,act,False,0.3152
sess_03254,usr_2494,organic,18,1,False,cellular,95.8,3,16.7,True,False,act,True,0.7491
sess_03255,usr_0226,push_notification,9,3,False,wifi,266.3,1,42.1,False,False,browse,False,0.5851
sess_03256,usr_1267,organic,9,5,True,wifi,279.4,2,44.2,False,False,browse,False,0.3634
sess_03257,usr_0720,push_notification,12,4,False,wifi,83.2,2,71.0,False,False,act,True,0.675
sess_03258,usr_0490,widget,5,1,False,wifi,90.5,3,1.7,False,False,act,True,0.8315
sess_03259,usr_0052,organic,18,0,False,wifi,248.3,2,18.4,False,False,browse,False,0.473
sess_03260,usr_0563,organic,21,5,True,wifi,120.0,3,30.6,False,False,act,True,0.8818
sess_03261,usr_0047,organic,14,1,False,cellular,216.8,1,3.3,False,False,browse,True,0.6409
sess_03262,usr_0672,organic,18,3,False,wifi,146.8,2,3.5,False,True,act,True,0.6817
sess_03263,usr_2034,organic,20,4,False,cellular,255.7,1,88.8,False,False,browse,False,0.4548
sess_03264,usr_1421,organic,13,2,False,wifi,394.6,1,6.8,True,True,browse,False,0.5437
sess_03265,usr_2143,push_notification,18,0,False,wifi,66.1,4,21.2,False,False,act,False,0.4832
sess_03266,usr_2119,push_notification,16,1,False,wifi,73.6,3,13.8,False,False,act,True,0.6291
sess_03267,usr_1062,push_notification,13,1,False,cellular,184.8,1,45.2,False,False,act,True,0.7872
sess_03268,usr_0684,organic,8,5,True,wifi,287.9,2,29.3,False,True,browse,False,0.5717
sess_03269,usr_1524,widget,17,3,False,wifi,397.2,1,36.8,False,False,browse,False,0.4965
sess_03270,usr_0520,push_notification,15,4,False,cellular,146.3,3,3.7,False,False,act,True,0.7119
sess_03271,usr_1101,push_notification,13,6,True,cellular,172.1,1,3.8,True,False,act,False,0.4628
sess_03272,usr_0484,widget,8,2,False,wifi,85.4,3,22.0,True,False,act,True,0.7805
sess_03273,usr_0121,push_notification,9,2,False,wifi,60.5,3,67.8,False,False,act,True,0.6142
sess_03274,usr_1373,organic,21,5,True,cellular,333.2,2,1.4,False,False,browse,False,0.5056
sess_03275,usr_1759,push_notification,20,4,False,cellular,103.0,3,20.8,False,False,act,True,0.7914
sess_03276,usr_1115,organic,18,4,False,wifi,165.8,5,46.4,True,True,act,True,0.7652
sess_03277,usr_2146,organic,12,0,False,cellular,346.2,1,73.3,False,False,browse,False,0.5035
sess_03278,usr_0262,push_notification,19,1,False,wifi,89.7,1,41.4,True,False,act,False,0.3697
sess_03279,usr_1078,push_notification,3,0,False,wifi,298.5,1,168.0,False,False,browse,False,0.3231
sess_03280,usr_2362,push_notification,22,1,False,wifi,120.2,2,0.6,False,False,act,False,0.5608
sess_03281,usr_0316,push_notification,12,0,False,wifi,141.6,3,59.0,False,True,act,True,0.6398
sess_03282,usr_2033,push_notification,17,0,False,wifi,120.1,4,4.9,True,False,act,False,0.5659
sess_03283,usr_1865,widget,2,0,False,wifi,115.5,2,16.2,False,False,act,True,0.638
sess_03284,usr_2093,organic,16,5,True,cellular,240.1,1,1.6,False,False,browse,False,0.5587
sess_03285,usr_1476,push_notification,12,0,False,cellular,174.1,5,1.9,True,False,act,True,0.8336
sess_03286,usr_0228,push_notification,14,1,False,wifi,81.9,4,16.4,True,False,act,True,0.6468
sess_03287,usr_2047,organic,8,2,False,wifi,257.2,1,7.7,False,False,browse,False,0.2908
sess_03288,usr_2322,organic,9,5,True,wifi,288.9,1,11.9,False,False,browse,False,0.4932
sess_03289,usr_0684,organic,10,6,True,wifi,296.6,1,121.1,True,False,browse,False,0.4809
sess_03290,usr_1507,widget,20,0,False,wifi,151.9,1,100.2,True,False,browse,False,0.3492
sess_03291,usr_0645,organic,5,3,False,wifi,212.1,2,4.0,False,False,browse,False,0.2496
sess_03292,usr_1045,widget,1,3,False,wifi,436.8,1,17.8,False,False,browse,True,0.576
sess_03293,usr_0422,widget,13,1,False,wifi,56.3,3,5.2,True,False,act,True,0.6384
sess_03294,usr_2351,push_notification,18,5,True,cellular,111.9,2,56.3,True,False,act,True,0.8703
sess_03295,usr_0473,push_notification,10,3,False,wifi,86.4,2,9.0,True,False,act,True,0.8137
sess_03296,usr_0936,push_notification,20,4,False,wifi,142.4,3,0.8,False,True,act,True,0.5616
sess_03297,usr_2085,push_notification,22,3,False,wifi,171.3,4,6.6,False,False,act,True,0.6246
sess_03298,usr_0011,push_notification,20,5,True,wifi,367.0,1,7.8,False,True,browse,False,0.245
sess_03299,usr_0181,organic,12,1,False,wifi,235.8,4,68.8,False,False,browse,False,0.4866
sess_03300,usr_0051,push_notification,8,4,False,cellular,112.8,2,21.8,True,True,act,False,0.5797
sess_03301,usr_1002,widget,19,1,False,cellular,329.9,1,30.2,False,False,browse,False,0.3407
sess_03302,usr_0189,push_notification,8,0,False,cellular,95.6,2,6.6,False,False,act,True,0.6122
sess_03303,usr_1933,widget,13,4,False,wifi,244.5,2,4.4,False,False,browse,False,0.3074
sess_03304,usr_1491,push_notification,13,5,True,wifi,78.7,4,6.7,False,False,act,True,0.6525
sess_03305,usr_1569,widget,20,4,False,wifi,169.9,1,64.9,True,False,browse,False,0.3281
sess_03306,usr_0615,organic,17,4,False,cellular,200.6,3,1.8,False,False,browse,True,0.593
sess_03307,usr_0734,organic,8,1,False,wifi,45.9,2,8.6,False,False,act,True,0.5884
sess_03308,usr_0145,push_notification,13,3,False,wifi,127.3,5,34.3,True,False,act,True,0.8325
sess_03309,usr_2265,push_notification,9,5,True,wifi,99.2,3,120.6,False,False,act,True,0.8654
sess_03310,usr_1718,organic,15,2,False,cellular,441.2,1,2.5,False,False,browse,False,0.4684
sess_03311,usr_0920,organic,23,1,False,wifi,347.2,1,1.1,False,False,browse,False,0.3128
sess_03312,usr_1319,organic,8,1,False,wifi,158.5,3,7.3,False,False,browse,False,0.285
sess_03313,usr_1017,organic,7,3,False,wifi,333.6,2,15.1,False,False,browse,True,0.7449
sess_03314,usr_1705,organic,16,1,False,wifi,238.7,2,20.5,True,False,browse,False,0.3685
sess_03315,usr_1311,organic,16,3,False,wifi,134.4,1,17.0,False,False,browse,False,0.319
sess_03316,usr_1112,widget,1,0,False,wifi,370.8,1,19.1,False,False,browse,False,0.4962
sess_03317,usr_0320,widget,22,4,False,wifi,459.6,1,31.2,True,False,browse,True,0.797
sess_03318,usr_2342,push_notification,10,5,True,cellular,319.6,3,10.0,False,False,browse,False,0.5705
sess_03319,usr_1528,organic,20,5,True,wifi,154.6,1,12.5,False,False,browse,True,0.5992
sess_03320,usr_0490,push_notification,22,0,False,cellular,55.7,2,1.5,True,False,act,True,0.7806
sess_03321,usr_2057,organic,12,0,False,wifi,147.0,1,2.3,False,False,act,True,0.8662
sess_03322,usr_0216,push_notification,17,2,False,cellular,170.3,1,22.6,False,True,browse,False,0.4307
sess_03323,usr_0735,widget,1,6,True,wifi,160.2,2,19.1,True,False,browse,False,0.5594
sess_03324,usr_0915,push_notification,16,3,False,wifi,290.2,1,55.8,False,False,browse,False,0.4841
sess_03325,usr_2113,push_notification,16,6,True,cellular,113.9,1,16.2,True,False,act,True,0.8244
sess_03326,usr_0189,push_notification,9,3,False,wifi,139.5,5,8.3,False,True,act,True,0.739
sess_03327,usr_1643,organic,0,3,False,cellular,101.9,3,23.6,False,False,act,True,0.8647
sess_03328,usr_0283,push_notification,11,5,True,cellular,152.8,2,15.2,False,False,act,True,0.6185
sess_03329,usr_1906,organic,18,4,False,wifi,58.2,5,22.3,False,False,act,True,0.8139
sess_03330,usr_1157,organic,10,1,False,cellular,344.4,2,29.8,True,False,browse,False,0.525
sess_03331,usr_1273,push_notification,9,4,False,wifi,91.6,2,25.0,False,False,act,True,0.6144
sess_03332,usr_1341,widget,20,4,False,cellular,281.6,1,30.5,False,False,browse,False,0.4584
sess_03333,usr_0354,organic,18,3,False,wifi,69.3,2,8.1,True,False,act,True,0.8311
sess_03334,usr_2266,organic,1,1,False,wifi,287.5,2,6.5,False,False,browse,True,0.7799
sess_03335,usr_1871,organic,21,3,False,cellular,93.1,1,9.3,False,False,act,True,0.8078
sess_03336,usr_0033,push_notification,13,2,False,wifi,39.6,2,19.3,True,False,act,False,0.5311
sess_03337,usr_1512,widget,14,1,False,wifi,88.2,2,29.2,True,True,act,True,0.8332
sess_03338,usr_0822,push_notification,7,4,False,wifi,169.9,1,3.6,False,False,browse,False,0.5217
sess_03339,usr_1195,widget,13,4,False,wifi,224.8,1,78.1,True,False,browse,False,0.5082
sess_03340,usr_2310,push_notification,13,6,True,wifi,198.0,1,15.0,False,False,act,True,0.7945
sess_03341,usr_1245,push_notification,4,1,False,wifi,116.2,3,9.2,True,False,act,True,0.8038
sess_03342,usr_0994,push_notification,6,0,False,cellular,131.0,4,28.7,True,True,act,False,0.5502
sess_03343,usr_1901,organic,17,2,False,cellular,403.3,1,12.0,False,False,browse,False,0.5516
sess_03344,usr_1509,organic,7,5,True,wifi,407.2,1,8.9,True,False,browse,True,0.6199
sess_03345,usr_2424,push_notification,6,6,True,wifi,237.9,4,5.0,True,True,browse,False,0.3818
sess_03346,usr_2021,widget,11,3,False,wifi,94.0,2,5.0,True,True,browse,False,0.3038
sess_03347,usr_0801,organic,19,5,True,wifi,418.2,2,8.5,False,False,browse,False,0.4824
sess_03348,usr_2239,widget,13,3,False,wifi,117.7,3,17.6,True,False,act,True,0.6483
sess_03349,usr_1005,organic,5,2,False,wifi,325.6,1,62.7,True,False,browse,True,0.6131
sess_03350,usr_0617,widget,18,0,False,cellular,90.2,3,16.4,True,True,act,True,0.8268
sess_03351,usr_0027,organic,20,5,True,wifi,294.2,2,34.1,False,False,browse,False,0.3072
sess_03352,usr_1680,organic,21,2,False,cellular,150.7,1,4.7,True,False,browse,False,0.5699
sess_03353,usr_0098,widget,23,4,False,wifi,242.9,1,12.8,False,False,browse,True,0.5542
sess_03354,usr_0955,widget,20,1,False,wifi,274.7,3,6.9,False,True,browse,False,0.4137
sess_03355,usr_2219,organic,19,6,True,wifi,379.1,1,48.5,True,False,browse,False,0.5164
sess_03356,usr_1419,organic,14,0,False,wifi,281.8,3,7.4,False,False,browse,False,0.3021
sess_03357,usr_0040,organic,18,0,False,cellular,128.7,3,60.7,False,False,act,False,0.5704
sess_03358,usr_1373,widget,2,0,False,wifi,196.0,3,152.8,True,False,browse,False,0.2647
sess_03359,usr_0006,organic,19,0,False,wifi,307.6,3,4.3,True,True,browse,False,0.2355
sess_03360,usr_1542,organic,22,6,True,cellular,262.5,1,88.8,True,True,browse,False,0.3337
sess_03361,usr_1260,widget,18,4,False,cellular,434.7,2,9.3,False,False,browse,False,0.5236
sess_03362,usr_0426,widget,18,5,True,cellular,18.7,2,0.7,False,True,act,True,0.6464
sess_03363,usr_0841,organic,15,5,True,cellular,414.8,2,2.7,False,False,browse,False,0.4898
sess_03364,usr_2171,organic,19,2,False,wifi,251.2,1,44.3,True,False,browse,False,0.4729
sess_03365,usr_0976,push_notification,8,6,True,wifi,210.1,1,20.3,True,False,browse,False,0.3755
sess_03366,usr_1720,push_notification,1,2,False,wifi,346.8,1,9.8,False,False,browse,False,0.2788
sess_03367,usr_2016,widget,14,4,False,cellular,100.4,2,2.2,False,False,act,False,0.2554
sess_03368,usr_0246,organic,12,3,False,wifi,198.9,2,8.0,False,False,act,True,0.8935
sess_03369,usr_0584,organic,23,2,False,cellular,206.7,1,16.6,False,False,browse,False,0.449
sess_03370,usr_1147,organic,2,4,False,wifi,357.3,2,14.5,False,False,browse,False,0.2731
sess_03371,usr_0382,widget,11,6,True,wifi,359.5,5,109.4,True,False,browse,True,0.6734
sess_03372,usr_0180,widget,12,3,False,cellular,187.6,1,35.3,False,False,browse,False,0.5202
sess_03373,usr_0949,organic,23,0,False,wifi,320.1,1,4.6,False,False,browse,False,0.249
sess_03374,usr_2129,widget,8,6,True,cellular,204.9,2,53.3,False,False,browse,False,0.4674
sess_03375,usr_1692,widget,10,1,False,wifi,103.2,2,3.4,False,False,act,False,0.5244
sess_03376,usr_1526,widget,18,6,True,cellular,10.0,3,4.8,False,False,act,False,0.254
sess_03377,usr_1878,organic,15,2,False,cellular,333.0,1,3.7,False,True,browse,True,0.6373
sess_03378,usr_0348,organic,2,2,False,cellular,373.7,1,9.3,False,False,browse,False,0.3206
sess_03379,usr_2379,widget,16,5,True,wifi,281.8,1,153.8,False,False,browse,False,0.3093
sess_03380,usr_0392,widget,7,3,False,wifi,234.7,1,8.8,True,False,browse,True,0.782
sess_03381,usr_2071,push_notification,10,2,False,wifi,154.7,2,2.0,False,False,act,True,0.8691
sess_03382,usr_0547,organic,17,0,False,cellular,373.8,1,5.1,False,False,browse,False,0.3097
sess_03383,usr_1616,organic,21,1,False,wifi,142.9,2,18.5,True,False,browse,True,0.6633
sess_03384,usr_0307,organic,17,2,False,cellular,316.2,2,17.6,False,False,browse,True,0.8846
sess_03385,usr_2425,organic,5,3,False,cellular,203.9,1,7.5,False,False,act,True,0.7992
sess_03386,usr_2326,organic,6,1,False,wifi,296.5,1,74.9,False,False,browse,False,0.4601
sess_03387,usr_0256,widget,16,0,False,wifi,106.5,2,31.0,False,False,act,False,0.581
sess_03388,usr_1782,organic,21,0,False,cellular,239.3,3,49.0,True,False,browse,True,0.7167
sess_03389,usr_0536,organic,20,2,False,wifi,347.2,1,12.3,False,False,browse,False,0.5364
sess_03390,usr_0970,organic,8,2,False,wifi,343.0,3,13.7,False,False,browse,True,0.5749
sess_03391,usr_1195,push_notification,6,3,False,cellular,329.7,1,101.6,True,False,browse,False,0.4779
sess_03392,usr_1070,push_notification,17,2,False,wifi,83.3,3,7.9,False,True,act,True,0.6605
sess_03393,usr_1291,organic,1,5,True,wifi,237.8,1,4.5,True,False,browse,True,0.7773
sess_03394,usr_1610,push_notification,17,4,False,cellular,307.5,1,161.9,False,False,browse,False,0.3231
sess_03395,usr_1337,push_notification,20,1,False,cellular,145.4,2,5.3,False,False,act,True,0.7302
sess_03396,usr_1303,organic,17,6,True,wifi,445.4,1,6.0,True,False,browse,False,0.3559
sess_03397,usr_1855,organic,21,5,True,wifi,310.4,1,9.6,False,True,browse,False,0.299
sess_03398,usr_1114,organic,12,2,False,wifi,253.9,1,22.2,True,False,browse,False,0.3087
sess_03399,usr_0957,organic,10,1,False,cellular,136.7,2,61.8,True,False,act,True,0.8066
sess_03400,usr_0306,push_notification,20,6,True,cellular,111.4,2,12.6,False,False,act,True,0.8505
sess_03401,usr_0831,organic,9,6,True,wifi,216.5,2,8.6,False,False,browse,True,0.8289
sess_03402,usr_0558,widget,7,1,False,cellular,247.6,2,30.7,False,False,browse,False,0.3217
sess_03403,usr_2395,push_notification,5,3,False,wifi,247.1,2,6.5,False,False,browse,False,0.5298
sess_03404,usr_0447,organic,21,2,False,cellular,176.9,3,49.7,True,False,browse,False,0.3617
sess_03405,usr_0637,push_notification,7,5,True,cellular,145.8,2,7.7,True,False,act,True,0.83
sess_03406,usr_0433,push_notification,22,3,False,wifi,118.9,3,45.5,False,False,act,True,0.6629
sess_03407,usr_0674,organic,18,2,False,cellular,437.3,1,69.0,False,False,browse,False,0.2841
sess_03408,usr_1842,push_notification,2,1,False,cellular,150.0,4,20.6,True,False,act,True,0.6194
sess_03409,usr_1909,organic,20,3,False,cellular,232.0,1,7.8,False,False,browse,False,0.2625
sess_03410,usr_1287,organic,10,2,False,wifi,346.1,1,8.3,True,False,browse,False,0.3145
sess_03411,usr_1666,organic,18,6,True,wifi,321.8,3,6.6,False,False,browse,True,0.8154
sess_03412,usr_0495,organic,14,6,True,cellular,288.1,3,29.4,True,False,browse,False,0.2647
sess_03413,usr_2196,push_notification,19,0,False,wifi,128.7,2,38.3,False,False,act,True,0.8122
sess_03414,usr_1468,widget,11,4,False,cellular,122.4,3,16.0,False,False,act,True,0.7543
sess_03415,usr_0851,push_notification,8,1,False,cellular,329.8,3,18.3,True,False,browse,True,0.5914
sess_03416,usr_1852,push_notification,21,5,True,cellular,142.9,3,37.6,True,False,act,True,0.6528
sess_03417,usr_1263,push_notification,9,3,False,cellular,281.6,1,61.5,False,False,browse,False,0.3075
sess_03418,usr_1898,push_notification,5,0,False,wifi,61.7,2,2.6,True,False,act,False,0.5808
sess_03419,usr_1086,organic,21,5,True,wifi,232.0,1,9.8,True,True,browse,False,0.5014
sess_03420,usr_0492,push_notification,7,4,False,wifi,122.1,2,8.3,False,False,act,True,0.8844
sess_03421,usr_0371,organic,19,1,False,cellular,106.7,1,9.9,False,False,act,False,0.3256
sess_03422,usr_0646,push_notification,17,3,False,cellular,112.3,3,3.5,False,False,act,True,0.5477
sess_03423,usr_1247,organic,18,2,False,wifi,365.8,1,12.9,False,False,browse,False,0.368
sess_03424,usr_2472,push_notification,10,0,False,cellular,264.1,1,15.6,False,False,browse,False,0.5107
sess_03425,usr_0166,push_notification,7,1,False,cellular,126.7,2,14.7,False,False,act,True,0.8983
sess_03426,usr_0881,organic,12,5,True,cellular,278.9,1,6.3,True,False,browse,True,0.5828
sess_03427,usr_1343,widget,1,2,False,wifi,87.5,2,13.3,False,False,act,True,0.8077
sess_03428,usr_0608,push_notification,13,0,False,wifi,124.7,4,13.7,True,False,act,True,0.8977
sess_03429,usr_0374,widget,0,2,False,wifi,347.6,2,29.2,False,False,browse,False,0.3543
sess_03430,usr_1017,organic,18,5,True,cellular,450.5,2,9.9,False,False,browse,False,0.3375
sess_03431,usr_1458,push_notification,13,0,False,wifi,89.7,5,32.1,False,True,act,True,0.7514
sess_03432,usr_1624,push_notification,21,0,False,wifi,99.7,3,36.0,True,True,act,False,0.4779
sess_03433,usr_2104,push_notification,18,6,True,cellular,126.9,5,6.5,False,False,act,True,0.6216
sess_03434,usr_0201,widget,22,1,False,wifi,352.4,1,52.1,False,False,browse,False,0.5535
sess_03435,usr_1225,organic,5,6,True,cellular,206.1,5,16.0,True,False,browse,False,0.3195
sess_03436,usr_1066,push_notification,8,0,False,wifi,180.7,1,4.7,True,False,browse,False,0.2987
sess_03437,usr_0713,organic,11,6,True,wifi,316.8,1,49.7,True,True,browse,False,0.26
sess_03438,usr_0128,widget,7,6,True,wifi,378.2,1,2.5,False,False,browse,False,0.5417
sess_03439,usr_1657,push_notification,8,5,True,wifi,355.0,1,29.6,False,False,browse,False,0.4923
sess_03440,usr_1853,widget,12,5,True,wifi,156.7,2,9.7,False,False,act,False,0.5929
sess_03441,usr_2278,push_notification,14,6,True,cellular,99.4,2,1.0,False,False,act,True,0.8901
sess_03442,usr_2254,organic,12,1,False,cellular,179.6,1,1.9,False,False,act,True,0.814
sess_03443,usr_1024,organic,8,0,False,wifi,272.0,1,3.4,True,False,browse,False,0.2444
sess_03444,usr_0388,push_notification,20,2,False,wifi,25.9,2,38.4,False,False,act,True,0.6028
sess_03445,usr_1893,organic,21,3,False,wifi,268.5,3,44.5,True,True,browse,False,0.2249
sess_03446,usr_0418,organic,23,1,False,cellular,319.5,2,6.0,False,False,browse,False,0.483
sess_03447,usr_0573,widget,15,1,False,cellular,319.3,1,130.3,True,True,browse,True,0.6833
sess_03448,usr_0498,organic,8,4,False,cellular,110.7,1,7.0,False,False,browse,False,0.4892
sess_03449,usr_0049,organic,15,5,True,wifi,138.7,3,1.5,False,True,act,False,0.4888
sess_03450,usr_0253,push_notification,17,1,False,cellular,415.6,2,13.0,False,False,browse,False,0.2825
sess_03451,usr_0911,push_notification,19,4,False,cellular,104.8,1,39.1,False,False,act,True,0.8777
sess_03452,usr_0536,organic,6,4,False,cellular,121.5,3,5.8,False,False,act,False,0.4815
sess_03453,usr_0812,organic,16,3,False,wifi,279.8,3,0.8,False,False,browse,False,0.5805
sess_03454,usr_1641,organic,13,1,False,wifi,193.4,1,7.4,False,False,browse,False,0.4552
sess_03455,usr_1525,push_notification,0,5,True,wifi,127.5,3,4.1,False,False,act,True,0.6009
sess_03456,usr_0345,organic,7,5,True,wifi,225.9,1,3.3,False,False,browse,False,0.281
sess_03457,usr_2386,push_notification,12,6,True,cellular,301.5,1,6.1,False,False,browse,True,0.8174
sess_03458,usr_2401,push_notification,12,5,True,wifi,269.5,2,5.5,False,False,browse,False,0.3006
sess_03459,usr_1061,push_notification,8,1,False,wifi,74.0,2,5.2,False,False,act,True,0.6435
sess_03460,usr_0308,widget,13,5,True,cellular,71.2,1,9.2,True,True,act,True,0.6677
sess_03461,usr_0090,push_notification,17,0,False,wifi,192.0,1,22.8,True,True,act,True,0.8225
sess_03462,usr_0265,widget,17,3,False,wifi,551.8,2,44.8,False,False,browse,False,0.2853
sess_03463,usr_0810,organic,9,5,True,cellular,380.0,1,32.2,False,False,browse,False,0.2681
sess_03464,usr_1817,widget,19,5,True,cellular,140.1,2,1.2,False,False,act,True,0.7644
sess_03465,usr_0528,widget,17,1,False,cellular,216.2,4,11.7,True,False,browse,False,0.3859
sess_03466,usr_0377,organic,8,6,True,cellular,196.0,3,2.5,False,False,browse,False,0.2774
sess_03467,usr_1359,widget,20,6,True,wifi,168.3,5,9.2,True,True,browse,False,0.479
sess_03468,usr_0502,push_notification,19,1,False,cellular,111.0,1,28.0,False,True,act,False,0.3457
sess_03469,usr_0175,organic,8,6,True,wifi,275.8,3,42.6,False,False,browse,False,0.5321
sess_03470,usr_1889,push_notification,14,1,False,wifi,228.0,4,18.7,False,False,browse,False,0.2677
sess_03471,usr_0208,push_notification,1,0,False,wifi,87.1,2,16.9,False,True,act,True,0.8955
sess_03472,usr_0689,widget,19,1,False,cellular,229.2,1,55.2,False,False,browse,False,0.5491
sess_03473,usr_2351,organic,23,6,True,wifi,209.2,2,52.0,True,False,browse,True,0.7932
sess_03474,usr_1775,widget,17,1,False,wifi,273.3,2,99.4,True,False,browse,False,0.3045
sess_03475,usr_1618,widget,21,2,False,wifi,129.7,2,8.7,False,False,act,True,0.7871
sess_03476,usr_2033,push_notification,5,6,True,wifi,368.9,2,103.1,False,False,browse,False,0.3195
sess_03477,usr_0121,push_notification,20,1,False,wifi,103.9,3,15.3,True,True,act,True,0.6366
sess_03478,usr_1568,widget,12,0,False,cellular,206.9,2,7.9,True,False,browse,False,0.4475
sess_03479,usr_1748,push_notification,16,1,False,wifi,107.7,3,5.2,False,False,act,True,0.586
sess_03480,usr_0708,push_notification,13,2,False,wifi,154.8,1,27.7,False,False,act,True,0.6026
sess_03481,usr_1450,organic,13,4,False,wifi,158.2,2,9.4,True,False,browse,False,0.3455
sess_03482,usr_0880,widget,23,6,True,cellular,322.8,1,3.8,False,False,browse,True,0.5644
sess_03483,usr_0767,organic,6,5,True,wifi,197.1,1,19.4,False,False,browse,False,0.4816
sess_03484,usr_1127,organic,20,3,False,cellular,179.5,4,8.1,True,False,browse,False,0.3516
sess_03485,usr_1147,push_notification,14,2,False,cellular,170.6,2,2.1,True,False,act,True,0.8586
sess_03486,usr_1827,widget,18,0,False,wifi,325.7,1,17.0,True,False,browse,False,0.2745
sess_03487,usr_0609,organic,18,0,False,wifi,182.2,2,4.4,True,True,browse,False,0.485
sess_03488,usr_0142,organic,12,4,False,wifi,217.0,2,11.2,True,False,browse,False,0.2422
sess_03489,usr_1007,organic,9,1,False,cellular,288.7,3,2.3,True,False,browse,False,0.3029
sess_03490,usr_1209,organic,1,4,False,cellular,242.2,5,5.7,True,False,browse,False,0.3017
sess_03491,usr_2044,organic,17,3,False,wifi,97.6,2,6.2,True,False,browse,False,0.2991
sess_03492,usr_1688,organic,17,1,False,wifi,348.7,1,14.3,False,False,browse,False,0.314
sess_03493,usr_2256,organic,2,5,True,cellular,178.0,2,2.6,False,False,browse,False,0.3371
sess_03494,usr_1963,widget,9,1,False,wifi,149.1,3,7.1,False,False,browse,False,0.5678
sess_03495,usr_0250,push_notification,5,4,False,wifi,151.1,3,75.4,True,False,act,True,0.7958
sess_03496,usr_0360,push_notification,21,5,True,wifi,157.6,2,5.2,False,False,act,True,0.5403
sess_03497,usr_1146,widget,16,3,False,wifi,122.6,2,6.6,True,False,act,True,0.7798
sess_03498,usr_1569,push_notification,8,2,False,wifi,210.2,1,9.9,True,False,browse,False,0.5044
sess_03499,usr_0563,widget,19,2,False,cellular,186.3,2,42.8,False,False,browse,True,0.8118
sess_03500,usr_1718,widget,20,4,False,wifi,77.3,1,22.5,False,False,act,False,0.5581
sess_03501,usr_0817,organic,9,0,False,wifi,206.6,2,25.3,False,False,browse,False,0.5972
sess_03502,usr_2154,widget,18,3,False,wifi,140.9,3,4.3,False,False,act,True,0.729
sess_03503,usr_1021,organic,14,2,False,cellular,305.1,2,3.2,True,False,browse,True,0.8126
sess_03504,usr_2227,widget,12,6,True,wifi,263.9,1,1.0,False,False,browse,False,0.2661
sess_03505,usr_0080,widget,8,3,False,wifi,280.6,2,13.4,False,False,browse,False,0.2671
sess_03506,usr_1567,push_notification,7,2,False,cellular,418.1,3,19.6,True,False,browse,True,0.7529
sess_03507,usr_1471,organic,21,3,False,wifi,146.2,2,98.4,False,False,browse,True,0.816
sess_03508,usr_1965,push_notification,12,0,False,wifi,301.2,2,12.6,False,False,browse,False,0.471
sess_03509,usr_2231,organic,20,5,True,cellular,279.7,1,7.5,True,False,browse,False,0.2892
sess_03510,usr_1986,push_notification,14,6,True,wifi,131.6,2,168.0,False,False,act,True,0.8604
sess_03511,usr_1410,push_notification,13,0,False,wifi,160.4,2,119.4,False,True,act,False,0.489
sess_03512,usr_2317,organic,17,2,False,cellular,380.7,5,4.3,True,False,browse,False,0.5799
sess_03513,usr_2058,organic,17,2,False,cellular,208.3,4,16.0,False,False,browse,False,0.2993
sess_03514,usr_1318,organic,13,4,False,wifi,376.7,1,8.3,True,False,browse,False,0.5298
sess_03515,usr_1591,widget,18,4,False,wifi,20.3,2,9.3,False,False,act,True,0.8802
sess_03516,usr_1108,widget,19,1,False,cellular,295.5,1,168.0,False,False,browse,False,0.3181
sess_03517,usr_0737,organic,20,1,False,wifi,127.1,4,2.4,True,False,act,True,0.8613
sess_03518,usr_0107,push_notification,8,3,False,wifi,103.9,2,2.6,False,True,act,True,0.8463
sess_03519,usr_1307,widget,17,0,False,cellular,266.1,1,1.4,True,False,browse,False,0.5524
sess_03520,usr_2446,push_notification,21,0,False,cellular,55.3,2,16.9,False,False,act,True,0.7472
sess_03521,usr_0898,organic,14,5,True,cellular,220.7,3,117.1,False,True,browse,False,0.5255
sess_03522,usr_0121,push_notification,19,1,False,wifi,186.6,3,1.3,False,False,act,True,0.8797
sess_03523,usr_1151,organic,12,1,False,cellular,320.7,2,65.8,False,False,browse,False,0.2928
sess_03524,usr_0240,organic,20,3,False,wifi,177.7,1,19.5,False,False,browse,True,0.8399
sess_03525,usr_1933,push_notification,19,5,True,cellular,176.5,2,11.2,True,False,act,True,0.8421
sess_03526,usr_2169,push_notification,13,4,False,cellular,119.9,4,4.5,True,False,act,True,0.8447
sess_03527,usr_1465,organic,12,5,True,wifi,138.9,2,1.1,False,True,act,True,0.8321
sess_03528,usr_2393,push_notification,14,5,True,wifi,123.3,2,17.7,True,False,act,True,0.838
sess_03529,usr_0954,push_notification,19,4,False,wifi,373.6,1,1.9,False,False,browse,True,0.6336
sess_03530,usr_0654,organic,18,0,False,wifi,394.3,1,2.8,False,False,browse,False,0.5554
sess_03531,usr_0411,organic,5,3,False,wifi,249.3,1,15.6,False,False,browse,True,0.8331
sess_03532,usr_1016,organic,15,2,False,wifi,139.3,5,168.0,False,False,browse,False,0.4761
sess_03533,usr_0988,widget,8,6,True,cellular,262.2,1,8.2,False,False,browse,False,0.5573
sess_03534,usr_1092,push_notification,15,4,False,wifi,84.6,2,8.3,False,True,act,True,0.6414
sess_03535,usr_2186,push_notification,19,3,False,wifi,200.2,2,16.0,False,False,browse,True,0.8011
sess_03536,usr_0230,push_notification,23,6,True,wifi,59.2,3,126.2,False,False,act,True,0.7889
sess_03537,usr_0899,organic,22,1,False,wifi,95.7,5,51.6,False,False,act,True,0.8178
sess_03538,usr_2359,organic,17,1,False,cellular,380.1,1,4.5,False,False,browse,False,0.2128
sess_03539,usr_1591,widget,17,6,True,wifi,25.5,3,4.5,False,False,act,True,0.8399
sess_03540,usr_1454,widget,18,1,False,cellular,115.3,3,5.9,True,True,act,True,0.8349
sess_03541,usr_0712,widget,17,0,False,cellular,380.8,3,18.6,False,False,browse,False,0.3338
sess_03542,usr_0722,organic,19,2,False,cellular,195.3,2,5.3,False,False,browse,False,0.5357
sess_03543,usr_0969,push_notification,13,3,False,wifi,171.3,1,6.7,False,False,browse,False,0.3644
sess_03544,usr_2427,organic,15,4,False,cellular,350.0,1,8.6,False,False,browse,False,0.5263
sess_03545,usr_1303,push_notification,7,1,False,cellular,373.1,1,26.7,False,False,browse,False,0.3515
sess_03546,usr_1470,widget,18,5,True,wifi,404.5,3,6.3,False,False,browse,False,0.5041
sess_03547,usr_2424,organic,18,5,True,wifi,265.2,1,32.8,False,True,browse,True,0.6585
sess_03548,usr_0116,widget,19,3,False,wifi,153.5,1,12.4,False,False,act,False,0.3128
sess_03549,usr_1441,push_notification,0,0,False,cellular,117.5,3,18.7,True,False,act,True,0.5989
sess_03550,usr_2326,push_notification,21,2,False,wifi,243.1,3,68.0,False,False,browse,True,0.6502
sess_03551,usr_2309,organic,16,4,False,cellular,66.6,2,7.8,False,False,act,True,0.8261
sess_03552,usr_0583,organic,18,5,True,wifi,254.2,2,4.6,True,False,browse,False,0.2195
sess_03553,usr_2307,organic,20,5,True,wifi,201.3,1,39.1,False,False,browse,False,0.5023
sess_03554,usr_0772,organic,13,1,False,cellular,246.1,1,1.8,True,False,browse,False,0.3284
sess_03555,usr_2017,push_notification,17,1,False,wifi,442.2,1,3.6,False,False,browse,False,0.4561
sess_03556,usr_2221,push_notification,18,6,True,wifi,54.8,4,2.0,False,False,act,True,0.877
sess_03557,usr_1266,organic,12,2,False,wifi,74.7,1,168.0,False,False,act,True,0.6104
sess_03558,usr_0720,organic,8,0,False,wifi,146.0,2,0.6,False,False,browse,False,0.3032
sess_03559,usr_2009,organic,13,2,False,cellular,248.8,2,7.6,False,True,browse,False,0.4901
sess_03560,usr_0156,organic,10,6,True,cellular,231.4,3,8.7,False,False,browse,False,0.5231
sess_03561,usr_0370,widget,10,0,False,cellular,133.7,1,125.7,False,False,browse,True,0.8733
sess_03562,usr_0231,organic,15,0,False,wifi,299.9,2,33.1,False,True,browse,False,0.3403
sess_03563,usr_0953,organic,8,2,False,wifi,427.1,4,28.4,True,False,browse,False,0.3187
sess_03564,usr_2465,organic,0,1,False,cellular,112.7,3,8.5,True,False,act,True,0.7497
sess_03565,usr_0897,organic,19,2,False,wifi,94.6,1,21.0,False,False,act,False,0.5191
sess_03566,usr_0082,organic,20,6,True,cellular,333.3,3,7.2,False,True,browse,False,0.3591
sess_03567,usr_2157,organic,16,5,True,wifi,157.0,1,8.7,True,False,act,False,0.3258
sess_03568,usr_1958,organic,15,5,True,cellular,274.3,1,28.9,False,False,browse,False,0.3345
sess_03569,usr_0003,push_notification,6,3,False,wifi,64.4,3,8.3,False,True,act,True,0.7606
sess_03570,usr_1359,push_notification,18,4,False,wifi,259.1,1,66.8,False,False,browse,False,0.5476
sess_03571,usr_0826,widget,15,0,False,wifi,134.7,3,20.8,True,False,act,True,0.6578
sess_03572,usr_0535,organic,4,2,False,cellular,91.5,4,72.9,False,False,browse,False,0.485
sess_03573,usr_1396,push_notification,17,0,False,wifi,142.5,2,7.7,True,False,act,False,0.4447
sess_03574,usr_0727,push_notification,21,4,False,cellular,112.2,4,10.8,False,True,act,False,0.3278
sess_03575,usr_1326,organic,8,0,False,wifi,258.6,2,4.9,False,False,browse,True,0.6421
sess_03576,usr_0244,widget,18,3,False,cellular,162.9,1,23.5,True,False,browse,False,0.3277
sess_03577,usr_0090,push_notification,18,2,False,wifi,220.1,1,12.7,False,True,browse,False,0.3502
sess_03578,usr_0606,push_notification,21,3,False,cellular,89.7,3,17.9,True,False,act,False,0.3513
sess_03579,usr_2403,push_notification,20,4,False,cellular,78.3,4,51.1,False,False,act,False,0.5035
sess_03580,usr_0581,organic,16,0,False,cellular,310.4,5,102.2,True,False,browse,False,0.4583
sess_03581,usr_0455,widget,22,2,False,wifi,327.5,2,42.0,True,False,browse,False,0.5131
sess_03582,usr_2156,organic,11,5,True,wifi,350.7,1,22.2,False,True,browse,True,0.5462
sess_03583,usr_1495,organic,10,0,False,wifi,381.0,1,4.3,True,False,browse,False,0.3478
sess_03584,usr_0298,widget,19,2,False,cellular,93.2,5,24.7,True,False,act,True,0.837
sess_03585,usr_1531,push_notification,10,3,False,cellular,104.4,3,83.4,False,False,act,True,0.8357
sess_03586,usr_1621,push_notification,17,3,False,cellular,125.8,2,14.4,False,True,act,False,0.5118
sess_03587,usr_2401,widget,10,6,True,cellular,292.3,2,8.4,False,False,browse,True,0.8519
sess_03588,usr_0414,organic,13,1,False,cellular,331.4,1,29.6,True,False,browse,False,0.31
sess_03589,usr_1379,organic,7,0,False,wifi,135.8,4,17.1,False,False,act,True,0.6817
sess_03590,usr_1237,push_notification,18,2,False,cellular,356.9,1,5.6,True,False,browse,False,0.2862
sess_03591,usr_1322,organic,15,0,False,wifi,314.4,2,31.4,True,False,browse,False,0.497
sess_03592,usr_0559,widget,10,3,False,cellular,209.7,1,1.0,False,False,browse,True,0.817
sess_03593,usr_0646,organic,4,0,False,cellular,333.4,1,14.8,False,False,browse,False,0.4816
sess_03594,usr_1790,push_notification,12,3,False,cellular,81.0,3,107.0,False,False,act,True,0.7413
sess_03595,usr_1996,widget,16,5,True,cellular,130.1,4,2.2,True,False,act,False,0.5341
sess_03596,usr_1300,push_notification,14,3,False,cellular,85.1,3,4.2,True,False,act,True,0.8497
sess_03597,usr_0714,widget,17,5,True,cellular,166.4,1,7.3,False,False,browse,False,0.4922
sess_03598,usr_2302,widget,20,4,False,cellular,80.0,2,5.3,False,False,act,True,0.6363
sess_03599,usr_1462,organic,7,1,False,cellular,239.6,3,8.2,True,False,browse,False,0.3435
sess_03600,usr_0915,widget,21,4,False,cellular,285.9,3,8.9,False,False,browse,False,0.3159
sess_03601,usr_2413,organic,5,0,False,cellular,103.1,4,41.1,True,False,act,True,0.7851
sess_03602,usr_0719,organic,15,6,True,cellular,118.4,2,3.6,True,False,browse,False,0.563
sess_03603,usr_1550,organic,7,6,True,cellular,197.9,3,0.7,False,False,act,True,0.8438
sess_03604,usr_1257,widget,12,1,False,wifi,174.9,1,17.3,False,False,browse,False,0.4415
sess_03605,usr_1207,organic,18,2,False,wifi,127.6,3,10.1,False,False,browse,False,0.2842
sess_03606,usr_0522,organic,20,1,False,cellular,97.7,4,120.9,True,False,act,True,0.651
sess_03607,usr_0728,organic,10,3,False,wifi,329.0,4,89.0,False,False,browse,False,0.2478
sess_03608,usr_0008,organic,17,2,False,cellular,104.6,1,109.1,False,False,browse,False,0.5107
sess_03609,usr_2347,organic,10,1,False,wifi,199.1,4,18.8,True,True,act,True,0.8404
sess_03610,usr_1604,widget,9,3,False,cellular,255.3,1,18.3,False,False,browse,False,0.2651
sess_03611,usr_2325,widget,17,1,False,wifi,255.7,2,12.4,False,False,browse,False,0.5321
sess_03612,usr_0133,push_notification,22,1,False,wifi,246.9,2,7.7,False,False,browse,True,0.7689
sess_03613,usr_0746,push_notification,19,0,False,wifi,133.1,3,1.0,True,False,act,True,0.8589
sess_03614,usr_2468,push_notification,8,1,False,wifi,237.4,1,112.3,True,False,browse,False,0.2719
sess_03615,usr_1304,push_notification,5,1,False,wifi,125.4,2,3.4,True,False,act,True,0.79
sess_03616,usr_0905,organic,8,3,False,wifi,257.5,2,35.5,True,False,browse,False,0.4654
sess_03617,usr_2317,organic,21,1,False,wifi,313.6,1,30.5,False,False,browse,False,0.3375
sess_03618,usr_0427,push_notification,12,5,True,wifi,375.3,1,67.5,True,False,browse,False,0.3907
sess_03619,usr_2033,push_notification,1,1,False,cellular,296.2,3,54.3,False,False,browse,False,0.5595
sess_03620,usr_0577,organic,8,0,False,cellular,185.1,2,8.0,True,False,browse,True,0.5873
sess_03621,usr_1357,widget,11,4,False,cellular,341.6,3,23.3,False,False,browse,False,0.3401
sess_03622,usr_0319,organic,18,5,True,cellular,207.6,1,26.7,True,False,browse,False,0.554
sess_03623,usr_0975,push_notification,8,5,True,wifi,98.9,2,1.6,False,False,act,True,0.5582
sess_03624,usr_1421,organic,16,0,False,cellular,295.1,1,2.8,False,False,browse,False,0.2886
sess_03625,usr_1309,push_notification,12,1,False,wifi,229.7,2,6.9,False,False,browse,False,0.3504
sess_03626,usr_0688,organic,17,3,False,cellular,315.8,4,2.6,True,False,browse,False,0.5086
sess_03627,usr_0364,organic,8,3,False,wifi,279.1,1,3.7,False,False,browse,False,0.2589
sess_03628,usr_1376,push_notification,16,0,False,cellular,116.1,1,19.3,False,False,act,True,0.7895
sess_03629,usr_1830,widget,21,4,False,wifi,120.5,1,36.7,False,False,act,False,0.3893
sess_03630,usr_0047,organic,8,1,False,wifi,293.8,2,66.2,False,False,browse,True,0.7947
sess_03631,usr_1087,push_notification,17,1,False,cellular,127.8,3,5.2,True,False,act,True,0.8679
sess_03632,usr_0859,organic,15,5,True,wifi,261.8,2,19.3,False,False,browse,True,0.8326
sess_03633,usr_1023,organic,12,1,False,wifi,355.1,2,57.3,False,True,browse,False,0.2969
sess_03634,usr_0278,widget,5,0,False,wifi,84.9,1,38.5,False,False,act,True,0.6735
sess_03635,usr_1436,push_notification,20,6,True,cellular,328.6,1,48.2,False,False,browse,False,0.6031
sess_03636,usr_1052,organic,14,3,False,wifi,265.7,3,39.9,False,False,browse,False,0.3293
sess_03637,usr_0443,push_notification,14,3,False,wifi,133.9,2,8.1,False,False,act,True,0.6019
sess_03638,usr_0006,widget,18,4,False,wifi,158.5,2,4.9,True,False,browse,False,0.5701
sess_03639,usr_0198,widget,8,3,False,wifi,126.0,3,32.0,False,False,act,False,0.3459
sess_03640,usr_1581,widget,19,5,True,wifi,113.8,3,10.3,True,True,browse,False,0.5104
sess_03641,usr_1795,organic,8,4,False,wifi,326.1,1,1.9,False,False,browse,True,0.6384
sess_03642,usr_1719,widget,6,4,False,wifi,173.6,1,9.1,False,False,browse,False,0.3607
sess_03643,usr_0682,push_notification,19,1,False,wifi,373.3,1,39.5,False,False,browse,False,0.5403
sess_03644,usr_1696,widget,7,6,True,cellular,325.4,1,168.0,False,False,browse,False,0.3492
sess_03645,usr_2020,widget,6,5,True,wifi,201.9,3,10.1,True,False,browse,False,0.3584
sess_03646,usr_1552,push_notification,22,4,False,wifi,81.1,2,15.1,True,False,act,True,0.6582
sess_03647,usr_1439,organic,5,4,False,wifi,142.9,1,142.2,False,False,browse,False,0.5429
sess_03648,usr_2237,widget,15,1,False,wifi,203.9,2,9.7,False,False,browse,False,0.3222
sess_03649,usr_1538,widget,2,4,False,wifi,342.0,3,14.8,False,False,browse,False,0.4883
sess_03650,usr_0416,push_notification,10,6,True,wifi,91.1,3,1.4,False,False,act,False,0.5406
sess_03651,usr_1964,push_notification,18,2,False,wifi,102.5,2,11.1,True,False,act,False,0.4794
sess_03652,usr_2368,widget,12,5,True,cellular,237.7,2,3.8,True,False,browse,False,0.5626
sess_03653,usr_0924,organic,20,1,False,cellular,259.2,4,4.0,True,False,browse,False,0.5564
sess_03654,usr_0667,organic,16,0,False,cellular,170.0,1,17.0,False,False,browse,False,0.2557
sess_03655,usr_1849,organic,16,1,False,cellular,207.3,1,105.0,False,True,browse,False,0.2584
sess_03656,usr_0302,widget,13,1,False,wifi,228.6,2,1.1,True,True,browse,False,0.3003
sess_03657,usr_0137,organic,17,5,True,cellular,307.4,1,39.2,False,False,browse,True,0.6507
sess_03658,usr_1208,widget,14,4,False,wifi,131.3,2,0.5,True,False,act,True,0.8524
sess_03659,usr_0083,push_notification,15,0,False,wifi,333.0,2,94.2,True,False,browse,False,0.325
sess_03660,usr_1306,push_notification,13,1,False,wifi,171.7,2,11.0,False,False,act,True,0.5976
sess_03661,usr_1070,organic,20,6,True,cellular,329.4,1,1.7,True,False,browse,False,0.3313
sess_03662,usr_0429,organic,8,4,False,cellular,140.6,1,41.8,False,False,browse,False,0.4677
sess_03663,usr_0304,widget,16,5,True,wifi,190.8,1,2.3,True,False,act,True,0.5883
sess_03664,usr_1401,push_notification,19,2,False,wifi,133.6,3,14.3,False,False,act,True,0.7552
sess_03665,usr_0697,organic,4,4,False,wifi,139.2,3,64.9,False,False,act,False,0.5459
sess_03666,usr_1538,push_notification,9,3,False,wifi,188.6,2,2.7,False,False,act,True,0.8353
sess_03667,usr_0660,widget,18,2,False,wifi,145.3,5,37.6,True,False,browse,False,0.5621
sess_03668,usr_0308,push_notification,19,2,False,wifi,252.3,1,25.5,True,False,browse,False,0.4958
sess_03669,usr_2241,organic,0,0,False,wifi,210.0,4,5.7,False,False,browse,False,0.4301
sess_03670,usr_0382,push_notification,18,3,False,wifi,114.2,2,4.4,False,False,act,True,0.5862
sess_03671,usr_1385,organic,22,5,True,wifi,232.7,2,102.4,False,False,browse,False,0.3092
sess_03672,usr_2434,push_notification,13,3,False,wifi,128.0,3,6.5,True,False,act,False,0.2544
sess_03673,usr_1978,organic,5,4,False,wifi,251.5,1,13.9,False,False,browse,True,0.8252
sess_03674,usr_0127,push_notification,20,5,True,cellular,125.6,1,1.7,False,True,act,True,0.8224
sess_03675,usr_1767,push_notification,20,1,False,wifi,130.9,2,66.9,True,False,act,True,0.7995
sess_03676,usr_0676,push_notification,19,6,True,cellular,37.7,2,3.5,True,False,act,False,0.3366
sess_03677,usr_2488,push_notification,17,3,False,cellular,127.7,2,108.2,False,True,act,True,0.877
sess_03678,usr_1779,organic,20,0,False,wifi,160.6,2,6.5,True,True,browse,False,0.2889
sess_03679,usr_0644,organic,21,1,False,cellular,208.8,4,10.3,False,False,browse,False,0.5602
sess_03680,usr_0220,organic,1,5,True,cellular,310.4,2,75.5,False,False,browse,False,0.3806
sess_03681,usr_0415,push_notification,8,5,True,wifi,122.1,2,2.8,True,False,act,True,0.5901
sess_03682,usr_1357,widget,7,1,False,wifi,239.0,1,20.2,False,False,browse,False,0.5014
sess_03683,usr_0842,organic,9,4,False,wifi,363.8,1,25.9,False,True,browse,False,0.2294
sess_03684,usr_0779,organic,9,1,False,cellular,161.3,2,2.7,False,False,act,True,0.8565
sess_03685,usr_1677,organic,19,6,True,cellular,300.7,1,4.9,False,False,browse,False,0.5649
sess_03686,usr_2270,organic,12,5,True,wifi,326.3,1,3.6,True,False,browse,False,0.5652
sess_03687,usr_2213,organic,19,3,False,wifi,288.9,1,72.6,False,False,browse,True,0.6726
sess_03688,usr_1087,organic,7,0,False,wifi,259.2,1,6.3,True,False,browse,False,0.2739
sess_03689,usr_1154,widget,21,0,False,cellular,122.8,3,14.2,True,True,act,False,0.4829
sess_03690,usr_1219,push_notification,15,2,False,cellular,196.9,3,1.3,False,True,act,True,0.827
sess_03691,usr_0973,widget,12,1,False,wifi,390.9,1,9.6,False,False,browse,True,0.7936
sess_03692,usr_0393,push_notification,8,1,False,cellular,152.2,2,6.4,False,False,act,False,0.4919
sess_03693,usr_0204,push_notification,10,2,False,cellular,412.6,1,4.5,False,False,browse,False,0.4767
sess_03694,usr_1610,organic,10,3,False,wifi,314.7,2,2.8,False,False,browse,False,0.3305
sess_03695,usr_2342,push_notification,17,4,False,wifi,105.6,3,9.5,True,False,act,True,0.8161
sess_03696,usr_2252,push_notification,10,1,False,wifi,374.2,3,2.5,True,False,browse,False,0.3344
sess_03697,usr_2011,organic,19,6,True,wifi,335.9,1,24.6,False,False,browse,True,0.7413
sess_03698,usr_0630,organic,20,5,True,wifi,335.9,1,36.4,False,False,browse,False,0.2397
sess_03699,usr_0224,widget,12,1,False,wifi,87.2,4,10.0,False,False,act,True,0.8014
sess_03700,usr_1478,push_notification,9,3,False,cellular,131.7,1,8.0,True,True,act,True,0.6974
sess_03701,usr_0016,widget,23,2,False,cellular,315.5,4,18.2,False,False,browse,True,0.8415
sess_03702,usr_1752,push_notification,17,4,False,wifi,121.0,2,1.6,True,False,act,True,0.8532
sess_03703,usr_0359,widget,18,0,False,wifi,405.9,2,28.5,True,False,browse,False,0.5537
sess_03704,usr_1207,push_notification,3,1,False,wifi,158.8,2,4.6,True,False,act,True,0.871
sess_03705,usr_2459,organic,21,1,False,wifi,57.4,2,6.4,False,False,act,True,0.9078
sess_03706,usr_1968,push_notification,19,6,True,wifi,82.0,2,94.5,False,False,act,True,0.9115
sess_03707,usr_0818,push_notification,8,4,False,wifi,189.0,1,1.6,False,False,browse,False,0.5321
sess_03708,usr_0398,widget,18,3,False,cellular,466.9,3,5.9,False,False,browse,False,0.3065
sess_03709,usr_0106,push_notification,16,2,False,cellular,167.7,2,0.8,False,False,act,False,0.334
sess_03710,usr_0848,widget,8,2,False,wifi,323.6,2,10.1,False,False,browse,False,0.3115
sess_03711,usr_0700,widget,19,2,False,cellular,106.1,3,8.4,False,False,act,True,0.7409
sess_03712,usr_1196,push_notification,8,2,False,wifi,359.1,1,22.0,True,False,browse,False,0.332
sess_03713,usr_0336,organic,18,6,True,wifi,253.7,3,15.8,False,True,browse,False,0.2819
sess_03714,usr_1940,push_notification,17,2,False,wifi,316.1,1,14.2,False,False,browse,True,0.6081
sess_03715,usr_0474,push_notification,12,6,True,wifi,421.1,2,5.2,True,False,browse,False,0.5607
sess_03716,usr_1264,widget,11,4,False,wifi,191.7,2,34.9,False,False,browse,False,0.4897
sess_03717,usr_1629,organic,16,6,True,wifi,339.4,1,15.8,False,False,browse,True,0.8154
sess_03718,usr_1929,widget,14,1,False,cellular,82.9,2,5.9,False,False,act,True,0.6099
sess_03719,usr_2004,organic,12,3,False,cellular,213.1,2,6.2,False,True,browse,False,0.5198
sess_03720,usr_1086,organic,23,2,False,wifi,65.7,3,3.4,True,False,act,True,0.8739
sess_03721,usr_0374,push_notification,14,3,False,wifi,82.0,2,1.9,False,False,act,True,0.5597
sess_03722,usr_2229,push_notification,13,0,False,wifi,142.3,3,8.2,False,False,act,True,0.8781
sess_03723,usr_1588,push_notification,4,0,False,wifi,64.9,4,11.0,True,False,act,True,0.7833
sess_03724,usr_0758,widget,8,5,True,cellular,123.6,4,10.8,False,False,act,False,0.5077
sess_03725,usr_1520,organic,12,4,False,wifi,287.6,1,5.4,True,True,browse,False,0.542
sess_03726,usr_1563,organic,18,4,False,wifi,94.1,1,6.0,True,False,browse,True,0.5783
sess_03727,usr_1514,organic,19,0,False,cellular,360.4,1,6.6,False,False,browse,False,0.5568
sess_03728,usr_0765,organic,9,1,False,wifi,181.2,1,17.1,True,False,act,True,0.7774
sess_03729,usr_1826,organic,18,1,False,cellular,294.3,1,1.5,False,False,browse,True,0.8604
sess_03730,usr_0183,widget,4,5,True,cellular,138.4,2,19.4,True,True,browse,False,0.4741
sess_03731,usr_1079,push_notification,18,4,False,wifi,191.1,5,4.0,False,False,browse,False,0.3032
sess_03732,usr_1802,widget,10,5,True,wifi,183.6,3,2.1,False,False,browse,False,0.3901
sess_03733,usr_1905,organic,17,0,False,cellular,203.8,1,5.1,True,False,browse,False,0.5718
sess_03734,usr_1079,organic,20,2,False,wifi,283.8,3,26.2,True,False,browse,True,0.6035
sess_03735,usr_0927,organic,13,1,False,cellular,305.6,1,8.2,False,False,browse,True,0.8745
sess_03736,usr_1101,push_notification,11,6,True,wifi,38.4,2,7.2,False,True,act,False,0.5187
sess_03737,usr_2312,push_notification,16,1,False,cellular,88.0,3,7.2,False,False,act,False,0.5594
sess_03738,usr_0253,widget,19,4,False,wifi,279.8,2,8.0,True,False,browse,False,0.4699
sess_03739,usr_0620,widget,22,6,True,cellular,425.9,1,44.2,False,True,browse,True,0.6294
sess_03740,usr_0397,organic,15,3,False,cellular,240.8,1,49.0,True,True,browse,False,0.3188
sess_03741,usr_0352,organic,17,5,True,cellular,337.2,2,21.7,True,False,browse,False,0.3261
sess_03742,usr_1409,widget,16,4,False,wifi,304.0,1,15.6,True,False,browse,False,0.2582
sess_03743,usr_2218,push_notification,9,6,True,wifi,81.7,5,38.8,False,False,act,True,0.8262
sess_03744,usr_1696,organic,1,4,False,cellular,77.0,2,168.0,False,False,browse,False,0.5169
sess_03745,usr_2416,organic,8,3,False,cellular,107.8,3,31.6,True,False,act,False,0.4723
sess_03746,usr_0932,widget,20,6,True,wifi,387.1,1,12.9,False,False,browse,False,0.3274
sess_03747,usr_2268,organic,13,5,True,wifi,330.1,1,24.0,False,False,browse,True,0.5712
sess_03748,usr_0250,push_notification,19,3,False,cellular,55.3,1,28.1,False,False,act,True,0.8606
sess_03749,usr_1586,push_notification,20,3,False,cellular,108.0,3,51.3,False,False,act,False,0.5247
sess_03750,usr_2141,widget,10,5,True,cellular,104.0,2,0.7,False,True,act,True,0.7674
sess_03751,usr_1715,widget,17,3,False,cellular,169.6,3,4.9,False,False,act,True,0.5968
sess_03752,usr_2194,widget,18,1,False,cellular,137.7,1,1.6,True,False,act,False,0.3967
sess_03753,usr_1945,organic,21,1,False,cellular,266.6,2,3.8,False,False,browse,True,0.804
sess_03754,usr_2346,organic,18,4,False,wifi,127.7,2,29.2,False,False,act,True,0.8511
sess_03755,usr_0966,organic,3,4,False,cellular,400.8,4,4.5,False,False,browse,False,0.543
sess_03756,usr_1951,organic,18,3,False,wifi,184.0,2,17.5,False,True,browse,False,0.4505
sess_03757,usr_1225,widget,20,2,False,cellular,228.1,2,38.6,True,False,browse,False,0.4824
sess_03758,usr_0324,organic,16,3,False,cellular,315.6,4,13.0,True,False,browse,False,0.2382
sess_03759,usr_1618,widget,21,0,False,cellular,402.6,2,6.2,True,False,browse,False,0.564
sess_03760,usr_0143,push_notification,20,0,False,wifi,26.7,5,34.9,True,False,act,True,0.5653
sess_03761,usr_2057,push_notification,16,3,False,cellular,131.9,2,7.6,True,False,act,True,0.6389
sess_03762,usr_2340,organic,16,0,False,cellular,384.6,3,1.0,True,False,browse,False,0.5088
sess_03763,usr_2117,organic,7,6,True,wifi,189.3,1,2.8,False,False,browse,True,0.6081
sess_03764,usr_2341,organic,18,0,False,cellular,226.9,3,36.4,False,False,browse,False,0.394
sess_03765,usr_0604,organic,20,2,False,wifi,296.5,1,41.8,True,False,browse,False,0.3014
sess_03766,usr_0493,organic,10,6,True,wifi,400.8,1,20.6,False,False,browse,False,0.519
sess_03767,usr_1840,widget,18,3,False,cellular,88.6,2,25.4,True,False,act,True,0.8584
sess_03768,usr_0709,organic,19,6,True,wifi,30.6,5,28.9,False,False,act,True,0.8943
sess_03769,usr_0685,organic,5,2,False,wifi,266.1,3,6.4,True,True,browse,False,0.3383
sess_03770,usr_0868,organic,18,5,True,wifi,86.0,3,20.5,False,False,act,True,0.834
sess_03771,usr_0790,widget,17,5,True,cellular,272.8,1,12.1,False,False,browse,True,0.6459
sess_03772,usr_0517,organic,2,0,False,wifi,386.1,1,73.6,False,False,browse,True,0.8313
sess_03773,usr_0175,organic,3,4,False,cellular,356.8,2,16.0,False,False,browse,False,0.5081
sess_03774,usr_1735,organic,14,3,False,wifi,328.3,2,9.2,False,False,browse,False,0.5755
sess_03775,usr_0321,widget,16,1,False,wifi,277.9,1,53.9,False,False,browse,False,0.4688
sess_03776,usr_1784,organic,9,6,True,cellular,283.9,1,45.9,False,False,browse,False,0.5805
sess_03777,usr_0828,widget,18,2,False,cellular,233.5,2,73.9,False,False,browse,False,0.5292
sess_03778,usr_0606,organic,20,3,False,cellular,145.6,3,7.1,False,False,act,False,0.5363
sess_03779,usr_2438,organic,21,1,False,wifi,136.0,2,1.9,False,False,act,False,0.3591
sess_03780,usr_1057,push_notification,2,4,False,wifi,171.3,2,4.4,False,True,act,True,0.8362
sess_03781,usr_1310,organic,20,4,False,cellular,316.8,1,10.2,True,False,browse,False,0.2828
sess_03782,usr_0275,organic,13,6,True,cellular,237.1,1,2.4,False,False,browse,False,0.5261
sess_03783,usr_0357,push_notification,20,3,False,wifi,169.4,3,4.8,False,True,act,True,0.7816
sess_03784,usr_1590,push_notification,23,5,True,cellular,77.6,2,81.2,False,False,act,True,0.7779
sess_03785,usr_2279,organic,13,0,False,cellular,152.7,1,3.9,True,False,browse,True,0.5439
sess_03786,usr_1628,push_notification,19,6,True,wifi,142.8,2,1.3,False,False,act,False,0.4325
sess_03787,usr_2262,organic,21,0,False,cellular,133.7,3,7.0,False,False,act,False,0.5182
sess_03788,usr_1336,organic,13,2,False,wifi,296.3,1,17.9,False,False,browse,False,0.3819
sess_03789,usr_1132,organic,16,2,False,cellular,233.6,1,5.7,False,True,browse,False,0.4745
sess_03790,usr_2129,push_notification,10,6,True,cellular,317.6,1,29.8,False,False,browse,False,0.4926
sess_03791,usr_1877,organic,5,5,True,cellular,300.1,1,27.0,False,False,browse,True,0.5886
sess_03792,usr_0051,push_notification,22,3,False,wifi,107.3,1,168.0,False,True,act,True,0.6687
sess_03793,usr_2407,organic,8,5,True,wifi,328.4,2,168.0,True,False,browse,False,0.2802
sess_03794,usr_2141,widget,1,4,False,wifi,253.7,3,9.2,True,False,browse,False,0.2468
sess_03795,usr_1719,organic,20,1,False,wifi,165.9,1,3.3,True,False,browse,False,0.3537
sess_03796,usr_0461,organic,11,5,True,cellular,127.0,3,13.1,False,False,act,True,0.7771
sess_03797,usr_1698,organic,11,6,True,wifi,282.2,1,38.5,False,False,browse,False,0.2465
sess_03798,usr_0613,push_notification,13,3,False,cellular,136.0,2,6.5,False,True,act,False,0.4291
sess_03799,usr_0608,push_notification,7,0,False,wifi,174.5,3,3.9,False,False,act,True,0.6798
sess_03800,usr_2321,widget,20,2,False,cellular,171.9,2,13.6,False,False,act,False,0.5578
sess_03801,usr_2409,widget,13,3,False,cellular,225.0,2,0.7,False,False,browse,False,0.3062
sess_03802,usr_2387,push_notification,4,6,True,wifi,302.5,1,6.3,False,False,browse,False,0.3747
sess_03803,usr_0411,widget,19,2,False,wifi,357.2,2,14.4,False,True,browse,True,0.8033
sess_03804,usr_0433,organic,9,5,True,wifi,128.5,4,13.3,True,False,browse,True,0.7071
sess_03805,usr_2305,widget,22,5,True,wifi,278.3,1,8.3,True,False,browse,False,0.5011
sess_03806,usr_0414,push_notification,17,2,False,wifi,358.3,3,6.7,False,False,browse,False,0.4897
sess_03807,usr_1172,push_notification,11,5,True,cellular,248.8,4,4.5,False,False,browse,False,0.3409
sess_03808,usr_2194,widget,12,1,False,wifi,152.0,1,21.2,False,True,browse,False,0.3207
sess_03809,usr_1409,push_notification,19,4,False,cellular,373.5,2,31.5,False,False,browse,False,0.5186
sess_03810,usr_1684,widget,13,4,False,wifi,335.1,2,3.3,True,False,browse,True,0.7736
sess_03811,usr_1082,organic,10,6,True,wifi,289.4,2,6.4,False,False,browse,False,0.3405
sess_03812,usr_1569,push_notification,18,1,False,wifi,102.1,2,5.3,False,False,act,True,0.7793
sess_03813,usr_1989,organic,9,3,False,cellular,256.3,5,8.4,False,True,browse,False,0.4805
sess_03814,usr_2344,organic,12,5,True,wifi,227.7,3,6.4,False,True,browse,False,0.3235
sess_03815,usr_2495,organic,20,6,True,wifi,143.5,1,21.2,False,False,browse,True,0.8055
sess_03816,usr_1938,organic,9,3,False,wifi,104.9,1,12.7,False,False,act,True,0.5919
sess_03817,usr_0154,push_notification,22,1,False,wifi,116.8,4,27.6,True,False,act,True,0.6185
sess_03818,usr_0706,push_notification,5,6,True,cellular,87.0,1,3.8,True,False,act,False,0.3649
sess_03819,usr_1129,organic,8,2,False,cellular,416.9,2,16.3,True,False,browse,False,0.3287
sess_03820,usr_1651,organic,17,6,True,cellular,487.2,2,30.7,True,False,browse,False,0.4335
sess_03821,usr_0590,organic,12,6,True,cellular,176.2,1,5.3,True,False,browse,False,0.4053
sess_03822,usr_2494,organic,13,0,False,cellular,201.5,3,21.5,True,False,browse,True,0.5628
sess_03823,usr_1646,organic,8,4,False,wifi,307.5,2,3.3,False,False,browse,False,0.457
sess_03824,usr_0159,widget,9,3,False,wifi,134.5,2,83.3,False,False,act,True,0.8548
sess_03825,usr_1622,organic,14,0,False,cellular,261.6,2,17.6,True,False,browse,False,0.487
sess_03826,usr_1358,organic,18,1,False,cellular,395.7,1,11.8,False,False,browse,True,0.7531
sess_03827,usr_0974,push_notification,15,0,False,cellular,339.5,2,30.0,False,True,browse,False,0.2632
sess_03828,usr_0202,widget,16,1,False,wifi,101.7,2,4.3,False,False,act,True,0.5864
sess_03829,usr_1947,organic,18,4,False,wifi,134.7,1,24.9,False,False,browse,False,0.2664
sess_03830,usr_1101,widget,9,0,False,wifi,168.2,5,7.7,True,False,browse,False,0.5671
sess_03831,usr_1526,push_notification,17,4,False,wifi,345.3,1,30.9,False,False,browse,False,0.311
sess_03832,usr_0083,organic,2,3,False,wifi,262.1,1,4.9,False,False,browse,False,0.2925
sess_03833,usr_1384,organic,9,1,False,wifi,388.6,1,21.9,False,False,browse,False,0.5182
sess_03834,usr_1242,push_notification,13,0,False,cellular,61.6,3,4.9,True,False,act,True,0.7686
sess_03835,usr_1274,organic,11,3,False,cellular,100.8,1,134.1,True,True,browse,False,0.5879
sess_03836,usr_1149,push_notification,16,5,True,wifi,113.9,2,4.7,False,False,act,True,0.6209
sess_03837,usr_2014,push_notification,13,3,False,cellular,149.9,4,3.7,False,False,act,True,0.7792
sess_03838,usr_0403,widget,13,3,False,wifi,270.6,3,55.1,False,False,browse,False,0.5154
sess_03839,usr_0934,push_notification,13,2,False,cellular,304.5,2,7.1,False,False,browse,True,0.6455
sess_03840,usr_0551,organic,0,1,False,wifi,73.3,3,1.4,False,False,act,True,0.5951
sess_03841,usr_1231,organic,3,5,True,wifi,193.5,1,2.2,True,False,browse,False,0.2987
sess_03842,usr_1815,organic,13,0,False,cellular,336.5,3,10.5,True,False,browse,False,0.2654
sess_03843,usr_1315,push_notification,12,3,False,cellular,360.2,1,141.9,True,False,browse,False,0.4745
sess_03844,usr_1104,push_notification,5,0,False,wifi,133.7,3,7.3,False,True,act,True,0.8374
sess_03845,usr_1708,push_notification,14,3,False,wifi,159.5,2,19.2,False,False,browse,False,0.5209
sess_03846,usr_2478,widget,6,6,True,cellular,221.4,2,3.3,True,False,browse,True,0.5552
sess_03847,usr_0366,organic,1,3,False,wifi,240.8,3,10.8,False,False,browse,False,0.3039
sess_03848,usr_0770,organic,6,0,False,wifi,129.2,2,8.2,False,False,act,True,0.7369
sess_03849,usr_1810,organic,22,6,True,wifi,332.0,1,48.6,True,False,browse,False,0.2668
sess_03850,usr_0866,organic,13,0,False,wifi,160.5,4,4.0,True,False,act,True,0.8492
sess_03851,usr_1668,organic,18,5,True,wifi,109.7,3,14.4,False,False,act,True,0.7838
sess_03852,usr_1985,organic,6,5,True,cellular,313.0,3,4.9,False,False,browse,False,0.3669
sess_03853,usr_2116,organic,11,5,True,wifi,129.8,2,17.5,False,True,act,True,0.6189
sess_03854,usr_1532,widget,17,6,True,wifi,360.4,3,8.9,False,False,browse,False,0.5072
sess_03855,usr_0231,widget,19,5,True,wifi,118.3,3,4.9,False,False,act,True,0.5507
sess_03856,usr_2111,push_notification,20,2,False,cellular,141.8,2,10.9,False,False,act,True,0.6019
sess_03857,usr_0652,widget,7,4,False,wifi,334.7,1,7.9,False,False,browse,False,0.2862
sess_03858,usr_0269,organic,21,3,False,wifi,239.9,3,5.0,True,False,browse,False,0.2488
sess_03859,usr_1275,widget,22,1,False,wifi,378.5,3,4.2,False,False,browse,False,0.509
sess_03860,usr_2076,organic,8,6,True,cellular,497.5,1,27.2,False,False,browse,True,0.6297
sess_03861,usr_1653,push_notification,20,4,False,wifi,106.2,2,5.3,False,True,act,True,0.882
sess_03862,usr_0556,widget,8,6,True,wifi,73.7,2,6.7,False,False,act,False,0.5104
sess_03863,usr_2148,push_notification,6,3,False,cellular,120.7,1,35.7,False,False,act,True,0.8173
sess_03864,usr_2330,push_notification,9,5,True,cellular,176.1,1,17.0,False,False,browse,True,0.7905
sess_03865,usr_0119,organic,7,4,False,wifi,347.7,1,3.4,False,False,browse,False,0.3079
sess_03866,usr_0712,widget,19,0,False,cellular,65.9,2,15.6,False,False,act,True,0.7742
sess_03867,usr_0790,widget,20,3,False,wifi,140.9,2,15.4,True,False,act,True,0.6746
sess_03868,usr_0823,push_notification,7,6,True,wifi,87.1,1,22.4,True,False,act,False,0.512
sess_03869,usr_0237,widget,19,5,True,wifi,272.9,2,6.2,False,True,browse,False,0.4453
sess_03870,usr_1022,organic,17,3,False,wifi,254.4,4,5.8,True,False,browse,True,0.7961
sess_03871,usr_0136,push_notification,4,3,False,wifi,100.4,2,12.1,False,False,act,False,0.5251
sess_03872,usr_1870,organic,14,2,False,wifi,212.7,1,10.4,False,False,browse,True,0.6391
sess_03873,usr_0208,push_notification,16,2,False,cellular,198.3,1,4.6,False,False,browse,False,0.2461
sess_03874,usr_1477,widget,5,4,False,cellular,288.6,2,10.1,True,False,browse,False,0.4149
sess_03875,usr_0816,widget,19,3,False,cellular,278.2,2,1.5,False,True,browse,False,0.3155
sess_03876,usr_1123,organic,19,6,True,cellular,169.8,2,4.9,False,True,browse,True,0.8509
sess_03877,usr_1509,push_notification,12,0,False,wifi,236.6,3,9.6,False,False,browse,False,0.4708
sess_03878,usr_1902,organic,5,2,False,wifi,301.1,3,43.1,True,False,browse,False,0.3701
sess_03879,usr_2069,push_notification,5,4,False,cellular,155.9,1,8.2,False,False,browse,False,0.5776
sess_03880,usr_1626,widget,8,4,False,wifi,139.3,2,11.6,True,False,act,True,0.8165
sess_03881,usr_0508,organic,6,6,True,wifi,347.2,2,24.7,False,False,browse,False,0.2361
sess_03882,usr_0126,organic,18,0,False,cellular,120.9,3,13.6,False,False,act,False,0.5124
sess_03883,usr_0991,widget,4,4,False,cellular,170.4,3,5.5,False,False,act,False,0.2645
sess_03884,usr_1526,push_notification,12,2,False,cellular,77.2,2,7.6,False,True,act,True,0.7452
sess_03885,usr_2003,widget,14,2,False,wifi,138.5,1,12.3,False,False,act,True,0.802
sess_03886,usr_2434,push_notification,6,1,False,wifi,299.6,1,14.6,False,True,browse,False,0.4782
sess_03887,usr_1828,organic,5,2,False,wifi,225.2,1,8.7,False,False,browse,False,0.3164
sess_03888,usr_0728,push_notification,9,2,False,wifi,157.1,3,131.2,True,True,act,False,0.4705
sess_03889,usr_1944,widget,1,5,True,cellular,286.0,3,20.1,True,False,browse,False,0.2598
sess_03890,usr_2404,organic,11,6,True,wifi,309.1,3,1.9,True,True,browse,False,0.2901
sess_03891,usr_2259,organic,22,5,True,cellular,169.0,1,12.7,False,False,browse,False,0.311
sess_03892,usr_1433,widget,19,6,True,cellular,73.0,3,39.5,True,False,act,True,0.7363
sess_03893,usr_1411,organic,16,1,False,cellular,308.1,1,2.3,False,False,browse,False,0.3029
sess_03894,usr_0670,push_notification,20,4,False,wifi,121.3,3,22.9,False,False,act,True,0.6251
sess_03895,usr_1060,widget,17,3,False,wifi,154.3,5,73.1,False,False,act,True,0.8262
sess_03896,usr_0371,organic,21,5,True,wifi,314.2,3,162.2,False,True,browse,False,0.3248
sess_03897,usr_1168,widget,0,2,False,wifi,193.3,1,8.4,False,False,browse,False,0.4742
sess_03898,usr_0113,organic,14,6,True,cellular,305.4,1,4.8,False,False,browse,False,0.4952
sess_03899,usr_1584,organic,8,0,False,cellular,341.5,1,16.2,False,False,browse,True,0.5499
sess_03900,usr_0204,widget,13,0,False,cellular,168.5,1,20.2,False,True,browse,True,0.6291
sess_03901,usr_0668,push_notification,13,1,False,wifi,435.0,3,25.0,False,False,browse,False,0.2865
sess_03902,usr_2344,push_notification,8,6,True,cellular,110.0,1,21.2,True,False,act,True,0.7012
sess_03903,usr_0878,organic,9,4,False,wifi,357.6,5,6.0,False,True,browse,False,0.5806
sess_03904,usr_0907,push_notification,19,6,True,wifi,142.8,2,12.9,False,False,act,False,0.2952
sess_03905,usr_0923,organic,6,0,False,cellular,313.9,1,28.9,True,False,browse,False,0.5441
sess_03906,usr_0847,widget,14,2,False,wifi,250.8,1,24.0,True,False,browse,False,0.2872
sess_03907,usr_1103,push_notification,18,5,True,wifi,170.0,2,5.7,False,False,act,True,0.7677
sess_03908,usr_1678,push_notification,18,1,False,cellular,103.6,2,58.2,True,False,act,True,0.8118
sess_03909,usr_2103,push_notification,8,3,False,cellular,76.5,3,2.3,True,False,act,True,0.8605
sess_03910,usr_0083,organic,11,1,False,wifi,424.7,2,11.3,False,False,browse,False,0.5198
sess_03911,usr_0037,organic,7,0,False,wifi,333.1,2,41.7,False,False,browse,False,0.3734
sess_03912,usr_1942,widget,15,0,False,wifi,344.5,1,14.5,False,False,browse,False,0.3628
sess_03913,usr_0542,organic,12,1,False,wifi,438.5,1,9.2,False,False,browse,False,0.4899
sess_03914,usr_0710,organic,20,6,True,wifi,162.8,1,9.8,False,False,browse,False,0.4613
sess_03915,usr_2463,organic,20,1,False,cellular,287.2,2,7.6,False,False,browse,False,0.3586
sess_03916,usr_0035,push_notification,10,5,True,cellular,150.3,2,69.1,True,False,act,True,0.8696
sess_03917,usr_0917,organic,13,1,False,wifi,298.8,3,80.2,True,False,browse,True,0.6304
sess_03918,usr_1034,organic,20,1,False,wifi,347.2,2,168.0,False,False,browse,False,0.257
sess_03919,usr_2492,push_notification,13,0,False,cellular,64.5,2,1.0,True,False,act,False,0.6026
sess_03920,usr_1252,push_notification,18,0,False,wifi,126.3,2,8.6,False,False,act,True,0.7351
sess_03921,usr_1128,widget,16,3,False,cellular,215.5,2,7.0,False,False,act,True,0.8957
sess_03922,usr_1736,organic,20,5,True,cellular,525.9,2,5.0,True,False,browse,False,0.2979
sess_03923,usr_1543,organic,17,3,False,cellular,273.0,1,12.7,False,False,browse,False,0.5022
sess_03924,usr_1429,organic,14,6,True,wifi,165.2,3,2.9,False,False,act,False,0.5021
sess_03925,usr_1881,widget,7,0,False,wifi,187.2,1,8.8,False,False,browse,False,0.5164
sess_03926,usr_1033,widget,18,3,False,wifi,86.5,3,41.5,False,True,act,True,0.6495
sess_03927,usr_0894,push_notification,10,6,True,cellular,72.8,1,12.3,True,False,act,True,0.84
sess_03928,usr_1912,organic,14,4,False,wifi,265.1,1,7.6,False,False,browse,False,0.5038
sess_03929,usr_1238,widget,18,2,False,cellular,64.7,2,11.8,False,False,act,True,0.8396
sess_03930,usr_2133,push_notification,8,0,False,cellular,111.3,3,2.1,False,False,act,True,0.6099
sess_03931,usr_1627,organic,20,0,False,wifi,203.2,1,26.5,True,False,browse,False,0.4294
sess_03932,usr_2395,widget,13,1,False,wifi,104.7,2,2.1,True,False,browse,False,0.3042
sess_03933,usr_0420,push_notification,18,2,False,wifi,96.3,3,11.2,True,False,act,True,0.9102
sess_03934,usr_0031,widget,9,4,False,wifi,148.3,3,7.0,False,False,act,False,0.3308
sess_03935,usr_2096,push_notification,20,4,False,cellular,69.9,2,22.3,True,True,act,True,0.7724
sess_03936,usr_1533,widget,9,1,False,wifi,260.6,1,103.7,False,False,browse,False,0.5302
sess_03937,usr_2300,push_notification,6,0,False,wifi,240.9,5,10.9,False,False,browse,True,0.6237
sess_03938,usr_2433,organic,20,5,True,wifi,271.1,1,1.6,False,False,browse,False,0.3579
sess_03939,usr_2495,organic,13,4,False,cellular,245.0,1,8.0,True,False,browse,False,0.3287
sess_03940,usr_1158,organic,19,5,True,cellular,245.3,1,17.5,False,False,browse,True,0.6278
sess_03941,usr_1223,organic,13,5,True,cellular,287.8,1,13.0,False,False,browse,False,0.4326
sess_03942,usr_0443,widget,17,3,False,wifi,111.3,2,45.9,False,False,act,True,0.5539
sess_03943,usr_1974,organic,11,0,False,cellular,165.2,2,7.9,True,False,browse,False,0.5622
sess_03944,usr_0262,widget,15,5,True,cellular,378.4,4,41.4,True,False,browse,False,0.2817
sess_03945,usr_1378,push_notification,16,1,False,cellular,343.9,1,32.8,False,False,browse,False,0.5614
sess_03946,usr_1133,push_notification,18,0,False,cellular,165.7,2,8.4,False,False,act,False,0.4962
sess_03947,usr_1332,widget,21,1,False,wifi,169.1,1,17.6,False,True,act,True,0.8262
sess_03948,usr_1135,organic,22,4,False,cellular,419.9,1,9.2,False,True,browse,False,0.5359
sess_03949,usr_1070,organic,10,6,True,cellular,117.6,4,131.9,True,True,act,True,0.8016
sess_03950,usr_1224,organic,21,1,False,wifi,317.3,2,17.1,True,False,browse,False,0.4362
sess_03951,usr_0772,widget,18,0,False,cellular,423.0,3,25.8,False,False,browse,False,0.5731
sess_03952,usr_0615,organic,6,1,False,wifi,186.9,4,3.5,True,False,act,True,0.749
sess_03953,usr_2119,organic,18,3,False,wifi,358.4,1,168.0,False,False,browse,False,0.5782
sess_03954,usr_0985,push_notification,17,1,False,wifi,112.2,1,13.5,False,False,act,True,0.6218
sess_03955,usr_0233,organic,18,1,False,cellular,180.4,1,131.3,True,False,browse,False,0.3109
sess_03956,usr_2458,widget,17,3,False,wifi,174.7,1,168.0,False,False,act,False,0.2743
sess_03957,usr_1656,organic,7,4,False,wifi,102.7,2,1.9,False,False,act,True,0.8518
sess_03958,usr_1310,push_notification,9,0,False,wifi,167.8,3,8.2,False,False,act,True,0.8874
sess_03959,usr_0574,widget,17,2,False,wifi,170.1,4,43.5,True,False,act,False,0.59
sess_03960,usr_0105,widget,14,1,False,cellular,93.2,1,10.2,True,True,act,True,0.753
sess_03961,usr_2038,widget,20,2,False,cellular,305.8,1,2.2,False,False,browse,True,0.6375
sess_03962,usr_1211,organic,18,0,False,wifi,164.4,1,2.6,True,False,browse,False,0.2685
sess_03963,usr_1063,push_notification,18,0,False,cellular,116.6,3,8.3,False,True,act,True,0.8018
sess_03964,usr_1715,push_notification,21,2,False,cellular,116.1,2,167.2,True,False,act,True,0.7938
sess_03965,usr_1658,push_notification,13,0,False,cellular,166.9,1,35.6,False,False,browse,False,0.3364
sess_03966,usr_1591,organic,13,1,False,cellular,120.2,3,4.5,False,False,act,True,0.7936
sess_03967,usr_0145,push_notification,18,0,False,cellular,149.0,1,83.1,True,False,act,True,0.8474
sess_03968,usr_2389,push_notification,15,4,False,wifi,128.8,2,31.3,False,False,act,True,0.5684
sess_03969,usr_2344,organic,22,4,False,wifi,317.3,1,8.5,False,False,browse,True,0.5901
sess_03970,usr_0778,organic,18,2,False,wifi,295.6,1,26.7,False,False,browse,False,0.2677
sess_03971,usr_1406,organic,18,3,False,cellular,366.1,3,46.9,True,False,browse,False,0.2408
sess_03972,usr_0911,organic,5,5,True,wifi,80.1,1,25.5,False,False,browse,False,0.517
sess_03973,usr_2190,widget,7,0,False,cellular,133.5,3,30.4,False,False,act,False,0.4795
sess_03974,usr_1949,organic,1,1,False,cellular,61.2,2,4.8,False,False,act,True,0.8691
sess_03975,usr_1469,widget,9,1,False,wifi,231.7,1,44.2,True,False,browse,False,0.494
sess_03976,usr_2078,widget,5,5,True,wifi,306.5,1,18.1,True,False,browse,False,0.5278
sess_03977,usr_1230,push_notification,6,3,False,wifi,427.5,5,8.3,True,True,browse,False,0.5331
sess_03978,usr_0697,organic,8,4,False,cellular,477.1,1,7.9,False,False,browse,True,0.8687
sess_03979,usr_2287,organic,20,3,False,wifi,285.3,1,15.3,False,False,browse,True,0.6268
sess_03980,usr_0742,push_notification,12,6,True,wifi,309.8,2,1.1,True,False,browse,True,0.6075
sess_03981,usr_1204,organic,7,0,False,cellular,253.2,1,35.3,True,False,browse,True,0.6231
sess_03982,usr_0400,organic,19,6,True,wifi,243.1,1,3.2,False,False,browse,False,0.2708
sess_03983,usr_1929,widget,16,6,True,cellular,303.1,1,31.4,True,False,browse,False,0.584
sess_03984,usr_0525,push_notification,7,2,False,wifi,212.3,3,7.1,False,False,browse,False,0.3663
sess_03985,usr_1060,organic,12,5,True,wifi,96.7,4,8.8,False,True,act,True,0.6482
sess_03986,usr_2290,organic,10,5,True,wifi,361.9,1,6.3,False,True,browse,True,0.7906
sess_03987,usr_0750,widget,14,1,False,wifi,146.2,3,6.0,False,True,act,False,0.4995
sess_03988,usr_1375,organic,16,5,True,wifi,158.3,2,4.0,False,False,act,True,0.8775
sess_03989,usr_0366,push_notification,19,6,True,wifi,174.3,2,7.6,True,False,act,True,0.6399
sess_03990,usr_0911,push_notification,23,0,False,cellular,88.1,4,2.6,False,False,act,True,0.821
sess_03991,usr_1456,push_notification,17,3,False,wifi,120.7,1,10.7,False,False,browse,False,0.5571
sess_03992,usr_0915,push_notification,11,5,True,wifi,228.2,3,5.4,False,False,browse,False,0.3726
sess_03993,usr_1258,organic,10,5,True,cellular,84.2,2,6.5,False,False,browse,False,0.5141
sess_03994,usr_1723,widget,19,5,True,wifi,51.2,2,11.6,False,False,act,False,0.5365
sess_03995,usr_1358,push_notification,11,3,False,cellular,141.8,2,6.6,True,True,act,False,0.5509
sess_03996,usr_1523,widget,10,5,True,cellular,229.5,2,99.6,False,False,browse,False,0.2818
sess_03997,usr_1068,push_notification,18,2,False,cellular,114.3,5,6.8,False,False,act,True,0.5806
sess_03998,usr_2399,push_notification,21,2,False,cellular,319.3,1,10.2,False,False,browse,True,0.8079
sess_03999,usr_1205,widget,12,2,False,cellular,347.6,1,3.4,False,False,browse,False,0.4742
sess_04000,usr_1900,organic,23,6,True,wifi,309.4,2,4.1,False,False,browse,False,0.5039
sess_04001,usr_0483,organic,7,0,False,wifi,437.1,2,40.3,False,False,browse,True,0.5761
sess_04002,usr_1928,organic,7,6,True,cellular,275.4,2,8.0,False,False,browse,False,0.3078
sess_04003,usr_0220,organic,18,5,True,cellular,242.7,2,9.2,False,True,browse,False,0.4941
sess_04004,usr_2391,organic,22,0,False,cellular,348.4,1,17.6,False,False,browse,False,0.3233
sess_04005,usr_2377,widget,17,6,True,wifi,304.4,5,3.8,False,False,browse,True,0.6265
sess_04006,usr_0292,widget,15,6,True,cellular,195.4,1,32.4,True,False,browse,False,0.4535
sess_04007,usr_1935,organic,13,6,True,wifi,245.1,1,14.8,False,False,browse,False,0.253
sess_04008,usr_0797,push_notification,18,0,False,wifi,98.7,4,2.8,True,False,act,False,0.4523
sess_04009,usr_2050,push_notification,12,0,False,cellular,185.5,1,3.3,False,False,browse,True,0.6027
sess_04010,usr_0491,organic,16,6,True,cellular,306.6,2,15.9,True,False,browse,False,0.5463
sess_04011,usr_1564,widget,17,1,False,wifi,277.2,2,82.2,False,False,browse,False,0.2265
sess_04012,usr_2171,organic,11,4,False,cellular,179.3,2,66.7,False,False,browse,False,0.2676
sess_04013,usr_1223,organic,19,4,False,cellular,476.7,2,1.4,False,True,browse,False,0.5123
sess_04014,usr_1693,push_notification,14,1,False,wifi,92.1,2,27.6,False,False,act,False,0.5203
sess_04015,usr_0222,widget,14,4,False,wifi,280.8,1,69.5,False,False,browse,True,0.5727
sess_04016,usr_0618,organic,6,2,False,wifi,222.5,1,41.1,False,False,browse,False,0.3237
sess_04017,usr_0563,organic,17,5,True,cellular,248.3,1,78.5,False,True,browse,True,0.6428
sess_04018,usr_0821,push_notification,12,3,False,wifi,442.1,3,49.1,False,False,browse,False,0.3307
sess_04019,usr_1404,organic,14,5,True,wifi,315.1,2,11.1,False,False,browse,False,0.5159
sess_04020,usr_1677,push_notification,6,6,True,cellular,440.5,1,48.3,True,False,browse,False,0.5158
sess_04021,usr_2333,organic,17,3,False,cellular,312.1,2,62.8,False,False,browse,False,0.5036
sess_04022,usr_1875,widget,13,1,False,cellular,246.4,2,4.8,False,False,browse,True,0.7884
sess_04023,usr_0587,push_notification,8,1,False,wifi,70.3,2,19.7,False,False,act,True,0.8712
sess_04024,usr_1296,organic,19,4,False,wifi,116.7,3,26.6,False,False,browse,False,0.237
sess_04025,usr_0739,organic,18,0,False,wifi,188.9,5,9.8,False,False,browse,False,0.2702
sess_04026,usr_0332,organic,19,5,True,wifi,318.7,3,12.9,False,False,browse,False,0.3431
sess_04027,usr_1998,organic,20,2,False,wifi,113.3,4,11.0,True,False,act,True,0.7629
sess_04028,usr_1363,push_notification,12,3,False,wifi,192.4,2,14.8,False,False,act,True,0.8914
sess_04029,usr_0725,push_notification,14,0,False,wifi,142.5,2,7.6,True,False,act,True,0.7644
sess_04030,usr_1284,organic,23,0,False,wifi,316.6,1,106.2,True,False,browse,False,0.5107
sess_04031,usr_0238,widget,9,6,True,cellular,303.3,1,29.5,False,False,browse,False,0.5018
sess_04032,usr_0020,organic,21,2,False,wifi,352.8,1,9.8,False,True,browse,False,0.288
sess_04033,usr_1852,organic,11,5,True,wifi,196.2,1,58.6,True,False,browse,True,0.5761
sess_04034,usr_1121,organic,23,1,False,wifi,128.1,2,4.3,False,False,browse,False,0.581
sess_04035,usr_0858,organic,20,0,False,wifi,213.5,1,7.3,False,False,browse,False,0.2773
sess_04036,usr_0691,push_notification,7,4,False,cellular,150.8,2,18.1,True,True,act,True,0.8839
sess_04037,usr_2361,widget,20,3,False,cellular,316.7,1,27.4,False,False,browse,False,0.5082
sess_04038,usr_0649,organic,18,1,False,wifi,304.1,1,10.6,False,False,browse,False,0.2574
sess_04039,usr_2006,widget,9,3,False,wifi,292.6,2,97.0,False,False,browse,False,0.4939
sess_04040,usr_0361,push_notification,20,0,False,wifi,128.8,1,9.5,False,False,act,True,0.7019
sess_04041,usr_0531,push_notification,19,2,False,wifi,76.4,1,21.6,True,True,act,False,0.3245
sess_04042,usr_1777,push_notification,8,1,False,wifi,292.1,2,37.1,True,False,browse,True,0.5973
sess_04043,usr_1759,push_notification,7,4,False,cellular,348.4,2,15.1,False,False,browse,False,0.332
sess_04044,usr_1653,push_notification,15,0,False,cellular,129.7,2,0.2,True,False,act,False,0.3712
sess_04045,usr_1758,organic,12,4,False,wifi,320.1,1,9.1,True,False,browse,False,0.448
sess_04046,usr_1956,widget,19,4,False,cellular,74.5,5,15.6,False,False,act,True,0.6678
sess_04047,usr_1571,organic,17,1,False,cellular,318.6,5,10.5,True,False,browse,False,0.2519
sess_04048,usr_0020,push_notification,8,3,False,wifi,412.5,2,23.9,False,False,browse,False,0.5412
sess_04049,usr_0155,widget,10,4,False,cellular,191.5,1,51.6,False,False,browse,False,0.3457
sess_04050,usr_2187,push_notification,15,1,False,wifi,178.5,3,4.3,False,False,act,True,0.7941
sess_04051,usr_0817,organic,19,1,False,wifi,316.0,2,3.4,True,False,browse,False,0.5093
sess_04052,usr_1529,widget,16,1,False,wifi,472.6,1,3.5,False,False,browse,False,0.3551
sess_04053,usr_0058,widget,15,5,True,wifi,131.0,2,168.0,True,False,browse,False,0.3212
sess_04054,usr_1320,organic,19,0,False,cellular,104.9,2,35.8,False,False,act,False,0.4738
sess_04055,usr_2176,widget,17,4,False,wifi,79.2,5,4.8,False,False,act,True,0.5877
sess_04056,usr_0781,push_notification,8,2,False,wifi,272.7,3,15.1,True,False,browse,False,0.4654
sess_04057,usr_0074,widget,16,1,False,wifi,159.8,2,23.3,False,False,act,True,0.7733
sess_04058,usr_0017,organic,19,6,True,cellular,106.0,1,14.0,False,False,browse,True,0.8808
sess_04059,usr_1020,organic,15,4,False,wifi,336.8,3,29.4,True,True,browse,True,0.8626
sess_04060,usr_0927,widget,10,5,True,cellular,81.9,4,2.9,True,False,act,True,0.8215
sess_04061,usr_1411,organic,11,6,True,cellular,266.6,1,54.4,False,False,browse,False,0.3293
sess_04062,usr_1279,organic,2,0,False,cellular,332.5,4,4.0,False,False,browse,False,0.3142
sess_04063,usr_0529,push_notification,20,4,False,wifi,83.6,1,33.4,False,False,act,False,0.3341
sess_04064,usr_0421,push_notification,21,5,True,cellular,34.5,1,19.1,True,False,act,True,0.7765
sess_04065,usr_1572,organic,6,0,False,wifi,115.9,2,33.2,True,False,act,True,0.6249
sess_04066,usr_2062,push_notification,13,0,False,wifi,137.8,1,8.6,False,False,act,True,0.7532
sess_04067,usr_2412,organic,18,5,True,wifi,247.8,1,3.4,False,False,browse,True,0.8172
sess_04068,usr_1254,organic,7,0,False,wifi,204.0,4,3.1,False,False,browse,False,0.419
sess_04069,usr_0685,organic,20,0,False,wifi,333.6,1,4.5,False,False,browse,False,0.5306
sess_04070,usr_0268,widget,8,1,False,cellular,403.7,1,27.0,False,False,browse,False,0.438
sess_04071,usr_0188,push_notification,11,1,False,cellular,124.1,1,0.8,True,False,act,True,0.866
sess_04072,usr_1222,widget,15,4,False,cellular,222.2,1,7.4,True,False,browse,True,0.8511
sess_04073,usr_1192,widget,16,3,False,wifi,97.8,3,20.2,True,True,act,True,0.6292
sess_04074,usr_1868,push_notification,18,2,False,cellular,163.4,2,47.1,False,True,act,True,0.785
sess_04075,usr_2132,push_notification,6,2,False,wifi,111.3,2,1.0,False,False,act,True,0.6048
sess_04076,usr_2443,widget,7,5,True,cellular,209.8,1,10.8,False,False,browse,False,0.553
sess_04077,usr_2147,organic,7,6,True,cellular,292.0,1,39.0,False,True,browse,False,0.3206
sess_04078,usr_1384,push_notification,10,4,False,cellular,156.4,3,2.6,False,False,act,False,0.4818
sess_04079,usr_1777,organic,12,5,True,cellular,343.5,5,5.1,True,False,browse,True,0.7926
sess_04080,usr_0549,widget,10,1,False,cellular,208.0,1,10.8,False,False,browse,False,0.2942
sess_04081,usr_1404,widget,13,4,False,cellular,326.3,1,13.5,True,False,browse,False,0.3052
sess_04082,usr_2008,widget,6,2,False,cellular,148.6,2,1.4,True,False,act,False,0.5763
sess_04083,usr_1472,push_notification,17,0,False,cellular,338.9,3,66.6,False,False,browse,True,0.6055
sess_04084,usr_0772,organic,3,5,True,cellular,311.8,1,28.1,True,False,browse,False,0.2698
sess_04085,usr_0676,widget,20,0,False,wifi,103.7,3,4.6,False,False,act,True,0.6322
sess_04086,usr_1653,organic,19,1,False,wifi,217.7,1,63.8,False,False,browse,False,0.3641
sess_04087,usr_0079,organic,17,2,False,cellular,330.5,2,4.0,False,False,browse,False,0.6024
sess_04088,usr_0936,organic,4,0,False,wifi,321.1,1,21.2,True,False,browse,True,0.8372
sess_04089,usr_0919,widget,8,3,False,wifi,103.8,3,86.0,False,False,act,True,0.6933
sess_04090,usr_0538,widget,13,6,True,wifi,373.2,1,68.5,False,False,browse,False,0.2557
sess_04091,usr_0866,widget,13,3,False,wifi,227.1,2,44.6,False,False,browse,True,0.6195
sess_04092,usr_0090,organic,16,6,True,wifi,329.3,4,10.1,False,False,browse,False,0.2849
sess_04093,usr_2416,push_notification,16,1,False,wifi,80.4,3,168.0,True,False,act,True,0.6263
sess_04094,usr_2067,organic,21,6,True,wifi,183.0,3,4.2,True,False,act,True,0.6269
sess_04095,usr_0693,push_notification,18,0,False,wifi,83.3,4,44.1,True,False,act,True,0.5641
sess_04096,usr_0505,push_notification,18,0,False,wifi,191.3,1,18.0,False,False,browse,False,0.2676
sess_04097,usr_1502,organic,13,3,False,cellular,117.5,3,18.7,True,False,browse,False,0.269
sess_04098,usr_0154,push_notification,12,6,True,cellular,394.5,3,14.9,True,False,browse,False,0.5419
sess_04099,usr_1537,push_notification,9,2,False,cellular,255.6,1,5.1,False,False,browse,False,0.5365
sess_04100,usr_1048,widget,7,2,False,cellular,268.6,3,108.3,False,False,browse,False,0.4341
sess_04101,usr_2191,widget,20,5,True,wifi,406.1,2,32.2,True,False,browse,True,0.7747
sess_04102,usr_0200,organic,11,2,False,cellular,322.9,4,52.2,True,False,browse,True,0.5672
sess_04103,usr_2433,push_notification,20,0,False,wifi,71.1,4,15.7,False,False,act,True,0.8426
sess_04104,usr_0197,push_notification,9,5,True,wifi,208.5,3,8.6,False,False,browse,True,0.5939
sess_04105,usr_0443,widget,14,1,False,cellular,93.3,1,62.4,False,False,browse,False,0.4432
sess_04106,usr_0081,widget,7,3,False,cellular,136.5,1,95.9,False,False,browse,False,0.2989
sess_04107,usr_0198,organic,16,3,False,wifi,252.1,1,3.2,True,False,browse,True,0.8164
sess_04108,usr_0475,push_notification,14,0,False,wifi,120.0,2,52.5,False,True,act,True,0.8831
sess_04109,usr_1708,organic,3,3,False,wifi,226.6,1,45.2,False,True,browse,False,0.5254
sess_04110,usr_1820,organic,18,6,True,wifi,220.9,1,31.5,False,True,browse,False,0.5091
sess_04111,usr_1558,organic,19,0,False,wifi,225.1,3,40.7,False,False,browse,False,0.2994
sess_04112,usr_0507,organic,6,1,False,wifi,257.9,1,53.8,False,False,browse,False,0.3528
sess_04113,usr_2242,widget,21,0,False,wifi,149.1,2,42.9,False,False,act,True,0.8053
sess_04114,usr_1036,widget,20,1,False,cellular,90.4,1,2.1,False,True,act,True,0.7694
sess_04115,usr_1944,organic,19,1,False,wifi,169.5,1,4.4,True,False,browse,False,0.4816
sess_04116,usr_0628,organic,18,0,False,wifi,200.6,1,18.7,True,True,browse,False,0.4877
sess_04117,usr_0842,organic,20,0,False,wifi,320.4,1,12.8,False,False,browse,False,0.4907
sess_04118,usr_0039,organic,14,2,False,wifi,194.8,2,27.3,False,True,act,False,0.5457
sess_04119,usr_1234,widget,10,3,False,wifi,310.9,1,17.0,True,False,browse,False,0.5276
sess_04120,usr_1724,organic,6,4,False,cellular,373.7,2,6.3,False,False,browse,False,0.2162
sess_04121,usr_0414,push_notification,17,5,True,wifi,181.9,1,7.2,True,False,browse,True,0.5967
sess_04122,usr_2132,organic,6,4,False,wifi,67.1,1,18.6,False,False,browse,False,0.2506
sess_04123,usr_1106,organic,10,6,True,wifi,353.3,2,14.0,False,False,browse,False,0.4803
sess_04124,usr_2481,push_notification,5,3,False,cellular,135.3,2,8.5,False,False,act,True,0.8637
sess_04125,usr_0562,organic,16,6,True,wifi,321.5,1,135.6,False,False,browse,False,0.585
sess_04126,usr_1716,widget,5,2,False,cellular,273.0,4,11.2,False,False,browse,False,0.5502
sess_04127,usr_0430,organic,12,2,False,cellular,315.0,1,6.0,False,False,browse,False,0.2921
sess_04128,usr_2096,widget,0,5,True,wifi,99.9,3,11.2,False,False,act,True,0.5333
sess_04129,usr_0483,widget,11,0,False,cellular,236.3,2,13.7,True,False,browse,False,0.5343
sess_04130,usr_1158,organic,8,6,True,cellular,271.7,2,56.4,False,False,browse,True,0.7984
sess_04131,usr_0467,organic,20,1,False,wifi,226.4,1,1.2,False,False,browse,False,0.2707
sess_04132,usr_0436,push_notification,14,6,True,wifi,483.8,3,22.3,False,True,browse,False,0.2933
sess_04133,usr_2039,push_notification,12,6,True,wifi,152.7,2,8.6,False,False,act,False,0.2471
sess_04134,usr_0814,organic,19,1,False,cellular,211.5,2,26.7,True,True,browse,False,0.309
sess_04135,usr_2495,organic,15,5,True,cellular,257.2,1,0.9,True,True,browse,False,0.5703
sess_04136,usr_0819,push_notification,14,5,True,wifi,360.0,2,146.8,False,False,browse,False,0.2485
sess_04137,usr_1078,organic,20,4,False,wifi,152.4,3,12.9,False,False,act,True,0.7829
sess_04138,usr_2143,push_notification,12,5,True,cellular,55.4,2,6.9,False,False,act,False,0.3226
sess_04139,usr_0827,push_notification,19,0,False,wifi,173.6,1,3.2,True,False,browse,False,0.5243
sess_04140,usr_1467,organic,22,6,True,wifi,303.7,1,18.5,False,True,browse,False,0.5318
sess_04141,usr_1679,organic,21,6,True,wifi,108.7,4,7.1,False,False,act,False,0.5753
sess_04142,usr_1210,widget,17,3,False,cellular,137.2,2,11.0,False,False,act,True,0.832
sess_04143,usr_0657,push_notification,10,4,False,wifi,271.2,3,48.6,True,False,browse,False,0.3312
sess_04144,usr_0162,push_notification,13,2,False,wifi,322.5,3,33.7,True,False,browse,False,0.3145
sess_04145,usr_2246,push_notification,10,3,False,cellular,114.0,4,10.6,False,False,act,True,0.8076
sess_04146,usr_2034,organic,22,6,True,cellular,202.7,1,2.1,False,True,browse,False,0.4863
sess_04147,usr_0851,organic,4,4,False,wifi,265.4,1,35.7,True,False,browse,False,0.3398
sess_04148,usr_1969,organic,21,4,False,wifi,175.2,2,78.9,True,False,browse,False,0.462
sess_04149,usr_1355,widget,19,1,False,cellular,53.3,2,38.2,True,True,act,True,0.5862
sess_04150,usr_0961,widget,19,4,False,cellular,93.4,2,1.8,False,False,act,True,0.666
sess_04151,usr_0012,push_notification,8,1,False,cellular,98.6,3,13.4,False,False,act,True,0.8541
sess_04152,usr_0053,widget,17,0,False,cellular,320.1,2,20.5,False,False,browse,False,0.2753
sess_04153,usr_0365,push_notification,12,3,False,wifi,298.7,1,8.1,False,False,browse,False,0.2302
sess_04154,usr_0453,push_notification,5,5,True,wifi,295.9,1,22.5,False,False,browse,False,0.4311
sess_04155,usr_2352,push_notification,18,6,True,wifi,107.1,1,28.4,True,False,act,True,0.6441
sess_04156,usr_2024,organic,16,4,False,wifi,219.4,2,1.9,False,False,browse,False,0.3273
sess_04157,usr_0611,organic,13,6,True,wifi,157.8,1,11.4,False,False,browse,False,0.3774
sess_04158,usr_0369,organic,19,6,True,wifi,264.5,5,3.6,True,False,browse,False,0.5777
sess_04159,usr_2096,push_notification,20,6,True,wifi,241.4,1,2.6,False,False,browse,False,0.245
sess_04160,usr_0308,push_notification,17,1,False,cellular,144.5,3,16.1,False,False,act,False,0.2909
sess_04161,usr_0415,organic,7,4,False,wifi,42.3,2,30.8,False,False,act,True,0.791
sess_04162,usr_1049,organic,10,5,True,wifi,186.7,3,4.5,False,False,browse,False,0.5116
sess_04163,usr_0947,push_notification,14,6,True,cellular,101.5,2,3.2,False,False,act,True,0.8347
sess_04164,usr_1871,organic,19,0,False,cellular,344.9,1,10.9,True,False,browse,False,0.4686
sess_04165,usr_1213,organic,23,0,False,wifi,315.0,1,10.0,False,False,browse,True,0.6337
sess_04166,usr_1082,organic,8,2,False,wifi,93.4,3,6.9,False,False,act,True,0.8894
sess_04167,usr_1902,organic,19,3,False,cellular,442.5,2,35.4,True,False,browse,True,0.8739
sess_04168,usr_0206,push_notification,6,0,False,cellular,92.2,1,13.9,False,False,act,True,0.7648
sess_04169,usr_0409,push_notification,20,3,False,cellular,107.1,2,11.4,True,False,act,True,0.5609
sess_04170,usr_0716,organic,22,2,False,wifi,362.2,1,9.9,False,False,browse,False,0.5846
sess_04171,usr_0162,widget,15,1,False,cellular,51.9,1,66.7,False,False,act,True,0.8203
sess_04172,usr_1191,push_notification,13,3,False,cellular,237.3,3,3.6,False,True,browse,True,0.5389
sess_04173,usr_1476,push_notification,17,5,True,wifi,126.0,3,21.7,True,True,act,True,0.5984
sess_04174,usr_1281,push_notification,16,0,False,wifi,396.4,1,6.8,True,False,browse,False,0.2815
sess_04175,usr_1745,push_notification,8,1,False,cellular,66.6,3,31.9,False,False,act,False,0.4851
sess_04176,usr_0475,organic,20,5,True,wifi,170.4,1,14.4,False,False,browse,False,0.2714
sess_04177,usr_0390,widget,16,1,False,wifi,210.0,1,17.4,True,False,browse,True,0.8579
sess_04178,usr_0188,widget,18,1,False,wifi,264.8,1,13.2,False,False,browse,False,0.3312
sess_04179,usr_0040,organic,16,1,False,wifi,120.1,2,1.5,False,False,act,False,0.2575
sess_04180,usr_0567,push_notification,10,2,False,wifi,389.9,1,38.3,False,False,browse,False,0.4912
sess_04181,usr_0699,widget,8,0,False,cellular,288.3,3,57.9,True,False,browse,False,0.5353
sess_04182,usr_1347,push_notification,10,1,False,cellular,83.5,2,17.5,False,False,act,True,0.8407
sess_04183,usr_1465,push_notification,18,3,False,cellular,133.1,3,21.6,True,False,act,True,0.5324
sess_04184,usr_1793,push_notification,11,1,False,cellular,60.8,1,7.4,True,True,act,True,0.7984
sess_04185,usr_1099,push_notification,21,6,True,cellular,125.8,2,22.5,False,False,act,True,0.8491
sess_04186,usr_0381,push_notification,0,0,False,wifi,137.4,1,105.4,False,False,browse,False,0.4254
sess_04187,usr_1527,organic,14,5,True,wifi,172.6,2,13.0,False,False,browse,False,0.3336
sess_04188,usr_1404,organic,18,4,False,wifi,376.0,1,28.4,False,False,browse,False,0.453
sess_04189,usr_0750,widget,19,6,True,wifi,403.7,1,105.8,False,False,browse,True,0.6173
sess_04190,usr_0467,organic,19,1,False,cellular,211.9,2,10.5,True,False,browse,False,0.4921
sess_04191,usr_1642,push_notification,12,2,False,wifi,126.8,3,11.1,False,False,act,True,0.755
sess_04192,usr_1640,organic,13,0,False,wifi,312.0,1,20.8,True,False,browse,False,0.3096
sess_04193,usr_1870,push_notification,21,3,False,wifi,270.6,2,50.9,True,False,browse,True,0.8059
sess_04194,usr_1114,organic,18,5,True,cellular,435.7,1,2.9,False,False,browse,False,0.2791
sess_04195,usr_1580,push_notification,21,1,False,wifi,170.9,3,1.9,True,False,act,True,0.6222
sess_04196,usr_1959,organic,12,2,False,cellular,285.4,1,27.8,False,False,browse,False,0.3507
sess_04197,usr_1728,organic,10,1,False,wifi,279.8,4,8.5,False,False,browse,False,0.509
sess_04198,usr_0684,push_notification,8,2,False,cellular,88.5,3,19.8,True,False,act,True,0.7996
sess_04199,usr_0464,push_notification,10,3,False,wifi,104.9,2,16.9,False,False,act,True,0.837
sess_04200,usr_0543,widget,10,6,True,cellular,271.4,3,12.8,False,False,browse,False,0.3162
sess_04201,usr_0241,widget,11,1,False,wifi,207.4,1,4.8,False,True,browse,False,0.2687
sess_04202,usr_0653,widget,14,2,False,cellular,317.9,2,6.1,True,False,browse,False,0.4504
sess_04203,usr_0425,organic,20,5,True,wifi,265.8,1,21.5,True,False,browse,False,0.4593
sess_04204,usr_1705,organic,6,4,False,cellular,226.6,4,12.2,False,False,browse,False,0.3315
sess_04205,usr_2420,organic,9,5,True,wifi,189.5,1,6.4,False,False,browse,False,0.4502
sess_04206,usr_1978,push_notification,18,2,False,cellular,119.2,3,20.6,False,False,act,True,0.6118
sess_04207,usr_2331,organic,2,6,True,wifi,401.5,2,1.4,False,False,browse,False,0.49
sess_04208,usr_1795,push_notification,20,4,False,cellular,141.2,3,57.2,False,False,act,True,0.5383
sess_04209,usr_0743,organic,18,2,False,cellular,144.1,1,81.3,False,True,browse,False,0.3312
sess_04210,usr_1556,push_notification,22,1,False,wifi,116.0,2,5.2,False,False,act,True,0.756
sess_04211,usr_1469,push_notification,19,6,True,cellular,188.2,1,13.2,False,True,browse,False,0.5392
sess_04212,usr_0119,push_notification,14,3,False,cellular,232.3,1,2.3,True,False,browse,True,0.865
sess_04213,usr_0536,push_notification,7,4,False,wifi,137.2,3,65.0,True,False,act,True,0.8592
sess_04214,usr_1979,push_notification,18,2,False,wifi,109.7,3,32.8,True,False,act,False,0.4622
sess_04215,usr_2000,organic,19,4,False,wifi,80.5,1,3.4,True,True,act,True,0.6365
sess_04216,usr_0463,organic,17,0,False,cellular,110.1,1,43.8,True,False,browse,False,0.301
sess_04217,usr_1685,widget,18,1,False,cellular,171.1,3,8.0,False,True,act,False,0.3694
sess_04218,usr_1806,organic,7,3,False,wifi,253.3,2,12.2,False,False,browse,False,0.5238
sess_04219,usr_0189,organic,9,6,True,wifi,278.0,1,0.6,False,False,browse,True,0.8192
sess_04220,usr_0260,organic,7,1,False,cellular,353.9,1,29.7,False,True,browse,False,0.5001
sess_04221,usr_1072,organic,6,4,False,wifi,319.7,2,19.4,True,True,browse,False,0.5143
sess_04222,usr_1288,push_notification,14,6,True,cellular,234.5,1,7.0,False,False,browse,False,0.4958
sess_04223,usr_0051,push_notification,12,5,True,cellular,126.4,2,2.9,False,False,act,True,0.8179
sess_04224,usr_2150,widget,16,1,False,wifi,89.5,3,12.2,False,False,act,True,0.5424
sess_04225,usr_2362,push_notification,7,2,False,wifi,118.8,2,1.7,False,False,act,False,0.5151
sess_04226,usr_2315,organic,20,4,False,wifi,273.1,1,2.8,False,False,browse,False,0.3158
sess_04227,usr_0918,organic,14,6,True,cellular,299.6,1,0.8,False,False,browse,False,0.5229
sess_04228,usr_1386,organic,7,6,True,wifi,314.0,1,71.6,False,False,browse,True,0.687
sess_04229,usr_2127,widget,20,0,False,cellular,135.9,4,22.3,True,False,act,True,0.8424
sess_04230,usr_2143,organic,19,2,False,wifi,34.3,3,51.9,True,False,browse,True,0.7667
sess_04231,usr_0391,organic,14,2,False,wifi,242.4,3,20.7,False,False,browse,False,0.5007
sess_04232,usr_1773,organic,21,3,False,cellular,268.9,1,28.6,False,True,browse,True,0.7911
sess_04233,usr_1019,widget,7,4,False,wifi,324.9,3,12.3,False,False,browse,False,0.2136
sess_04234,usr_1974,push_notification,11,5,True,cellular,176.4,2,6.6,False,False,act,True,0.83
sess_04235,usr_1417,push_notification,22,2,False,wifi,128.5,5,13.3,False,False,act,True,0.6378
sess_04236,usr_1577,organic,10,2,False,cellular,147.7,2,14.7,True,False,browse,False,0.5298
sess_04237,usr_0609,organic,20,5,True,wifi,127.1,1,3.3,False,False,act,True,0.7729
sess_04238,usr_2287,widget,18,3,False,wifi,178.2,5,10.1,False,False,browse,False,0.3099
sess_04239,usr_0224,organic,19,1,False,cellular,368.8,1,11.2,False,False,browse,False,0.2281
sess_04240,usr_0048,push_notification,22,6,True,wifi,115.3,3,7.5,True,False,act,True,0.6145
sess_04241,usr_0643,widget,21,1,False,wifi,151.5,2,11.8,False,False,act,True,0.5976
sess_04242,usr_2071,push_notification,8,3,False,wifi,238.8,3,2.5,False,True,act,True,0.7789
sess_04243,usr_1923,organic,6,2,False,wifi,79.8,2,116.6,False,False,act,True,0.7936
sess_04244,usr_2031,push_notification,5,6,True,cellular,213.7,2,6.5,False,False,act,True,0.5912
sess_04245,usr_0678,push_notification,0,3,False,cellular,59.8,1,19.0,False,True,browse,False,0.3895
sess_04246,usr_0307,widget,13,6,True,wifi,195.1,2,6.8,False,False,act,True,0.6168
sess_04247,usr_2014,widget,20,3,False,wifi,257.6,1,23.6,False,False,browse,False,0.4896
sess_04248,usr_1314,push_notification,20,5,True,cellular,113.5,3,63.0,False,False,act,True,0.8243
sess_04249,usr_0987,organic,10,0,False,wifi,105.4,2,31.5,True,True,act,True,0.5942
sess_04250,usr_1356,push_notification,19,2,False,cellular,314.1,1,75.1,True,False,browse,True,0.8001
sess_04251,usr_1140,organic,18,5,True,cellular,177.8,2,98.5,False,False,browse,False,0.232
sess_04252,usr_0207,organic,9,6,True,cellular,228.3,1,5.5,False,False,browse,True,0.6371
sess_04253,usr_2077,organic,8,3,False,wifi,294.7,2,5.3,False,False,browse,True,0.8486
sess_04254,usr_0913,widget,8,3,False,wifi,156.9,2,20.6,False,True,act,False,0.5021
sess_04255,usr_2255,push_notification,8,0,False,wifi,246.5,2,16.9,True,False,browse,False,0.5128
sess_04256,usr_1551,organic,16,5,True,cellular,319.0,3,1.5,False,False,browse,False,0.5961
sess_04257,usr_1652,push_notification,7,2,False,cellular,178.9,2,1.0,False,False,browse,False,0.2852
sess_04258,usr_0963,widget,20,0,False,wifi,272.7,1,5.7,True,False,browse,False,0.5197
sess_04259,usr_0323,push_notification,20,2,False,cellular,169.3,2,168.0,False,False,act,True,0.5968
sess_04260,usr_1881,push_notification,21,3,False,wifi,139.2,4,4.7,True,False,act,True,0.6624
sess_04261,usr_1820,organic,20,0,False,wifi,100.0,4,14.2,True,False,act,True,0.7331
sess_04262,usr_2348,push_notification,13,3,False,wifi,281.4,2,21.1,False,False,browse,False,0.5161
sess_04263,usr_1836,widget,22,2,False,wifi,206.6,2,10.9,True,False,browse,True,0.7913
sess_04264,usr_0361,push_notification,19,5,True,wifi,131.9,3,1.0,False,False,act,True,0.881
sess_04265,usr_2042,organic,12,6,True,cellular,255.6,2,1.0,False,False,browse,True,0.8468
sess_04266,usr_1832,push_notification,21,6,True,wifi,137.1,2,14.4,False,False,act,True,0.8166
sess_04267,usr_1295,push_notification,17,1,False,cellular,313.3,1,2.9,False,False,browse,True,0.7749
sess_04268,usr_0487,organic,17,0,False,wifi,386.3,1,9.3,False,False,browse,False,0.5367
sess_04269,usr_2038,widget,19,4,False,cellular,369.8,1,11.2,False,True,browse,False,0.5509
sess_04270,usr_0073,widget,16,2,False,wifi,80.8,2,1.1,False,False,act,True,0.8428
sess_04271,usr_0421,organic,17,5,True,wifi,129.2,2,88.0,True,False,browse,False,0.3466
sess_04272,usr_1653,organic,23,1,False,wifi,450.8,1,29.4,False,False,browse,True,0.7901
sess_04273,usr_1689,widget,19,5,True,cellular,407.3,1,11.1,False,False,browse,True,0.6214
sess_04274,usr_0147,organic,19,2,False,wifi,83.9,3,3.2,False,False,act,True,0.8528
sess_04275,usr_2283,push_notification,17,5,True,wifi,106.2,2,168.0,False,False,act,False,0.3924
sess_04276,usr_2250,organic,17,1,False,wifi,273.5,1,1.0,True,False,browse,False,0.3051
sess_04277,usr_0001,organic,19,6,True,wifi,308.5,1,43.2,False,False,browse,False,0.5658
sess_04278,usr_0373,push_notification,20,2,False,wifi,125.4,2,19.9,False,True,act,True,0.7964
sess_04279,usr_2475,organic,8,2,False,wifi,365.8,2,16.9,True,False,browse,False,0.3438
sess_04280,usr_1248,organic,20,5,True,cellular,442.3,2,168.0,True,False,browse,False,0.565
sess_04281,usr_2083,organic,18,0,False,wifi,279.7,3,9.4,False,True,browse,False,0.3449
sess_04282,usr_2304,organic,17,2,False,cellular,213.6,2,15.2,False,True,browse,False,0.2604
sess_04283,usr_0848,push_notification,6,2,False,wifi,77.2,3,34.7,False,False,act,False,0.4911
sess_04284,usr_1869,organic,21,3,False,wifi,225.9,1,13.9,False,False,browse,False,0.5505
sess_04285,usr_1397,organic,20,0,False,cellular,540.4,1,59.5,True,False,browse,False,0.5114
sess_04286,usr_1489,widget,14,2,False,cellular,158.9,5,17.6,True,False,act,True,0.8564
sess_04287,usr_0223,organic,13,2,False,cellular,296.1,1,168.0,False,False,browse,False,0.315
sess_04288,usr_0914,organic,9,6,True,wifi,121.0,4,34.5,False,False,act,True,0.8254
sess_04289,usr_1862,push_notification,12,3,False,wifi,290.0,1,24.2,True,False,browse,True,0.5878
sess_04290,usr_1360,push_notification,11,4,False,cellular,143.6,2,28.8,True,False,act,False,0.3594
sess_04291,usr_2295,push_notification,18,2,False,wifi,119.6,3,10.1,False,False,act,True,0.8448
sess_04292,usr_2458,widget,17,1,False,wifi,383.0,1,31.2,False,False,browse,False,0.511
sess_04293,usr_1938,push_notification,20,5,True,wifi,142.7,3,7.1,False,False,act,True,0.6073
sess_04294,usr_1489,organic,11,0,False,wifi,166.7,3,13.1,True,False,browse,False,0.333
sess_04295,usr_1854,push_notification,14,6,True,wifi,176.6,3,28.2,True,False,act,False,0.5468
sess_04296,usr_0468,organic,15,2,False,wifi,118.3,1,41.8,True,True,act,True,0.8887
sess_04297,usr_0400,widget,9,6,True,cellular,170.2,1,0.3,False,False,act,True,0.7528
sess_04298,usr_0909,widget,17,2,False,wifi,179.3,1,13.5,True,False,act,True,0.851
sess_04299,usr_0009,push_notification,17,1,False,cellular,153.8,1,4.0,False,True,browse,False,0.2999
sess_04300,usr_1399,organic,21,3,False,wifi,121.4,5,5.2,False,False,browse,False,0.5124
sess_04301,usr_1455,push_notification,22,3,False,wifi,299.2,1,15.9,True,False,browse,False,0.3926
sess_04302,usr_1196,organic,22,2,False,wifi,316.2,2,65.1,False,False,browse,False,0.3657
sess_04303,usr_2244,push_notification,13,2,False,wifi,26.9,2,3.7,True,False,act,True,0.8497
sess_04304,usr_2139,organic,16,3,False,wifi,183.2,1,7.3,False,False,browse,False,0.433
sess_04305,usr_1532,push_notification,20,3,False,wifi,117.3,2,8.7,True,False,act,True,0.822
sess_04306,usr_0436,widget,2,0,False,wifi,138.2,1,7.8,False,False,act,True,0.8197
sess_04307,usr_0188,organic,7,5,True,cellular,205.5,1,8.9,False,False,browse,False,0.2886
sess_04308,usr_0673,push_notification,7,4,False,wifi,292.7,1,5.5,True,False,browse,False,0.538
sess_04309,usr_2017,organic,5,5,True,wifi,92.0,5,11.9,False,True,act,True,0.8897
sess_04310,usr_0576,widget,16,2,False,cellular,322.4,2,9.3,False,False,browse,False,0.5474
sess_04311,usr_1677,push_notification,16,2,False,wifi,271.9,3,8.7,False,True,browse,False,0.5031
sess_04312,usr_0439,organic,19,3,False,wifi,111.6,2,9.0,False,True,act,True,0.7836
sess_04313,usr_1042,push_notification,11,3,False,wifi,235.0,3,32.2,False,False,browse,False,0.2802
sess_04314,usr_0803,organic,20,2,False,cellular,334.5,2,11.2,False,False,browse,False,0.5321
sess_04315,usr_0769,widget,5,3,False,cellular,488.2,3,5.9,False,False,browse,False,0.5791
sess_04316,usr_0495,push_notification,17,4,False,cellular,157.0,2,10.3,True,False,act,True,0.5973
sess_04317,usr_1610,push_notification,13,6,True,wifi,369.3,1,35.0,False,False,browse,False,0.5492
sess_04318,usr_0884,organic,7,5,True,wifi,275.2,1,21.9,False,False,browse,False,0.5008
sess_04319,usr_1873,widget,13,4,False,cellular,306.4,1,13.1,True,False,browse,False,0.2899
sess_04320,usr_0781,widget,14,6,True,cellular,233.3,2,5.2,False,False,browse,False,0.4816
sess_04321,usr_1385,push_notification,17,1,False,cellular,165.1,3,16.1,True,True,act,False,0.3357
sess_04322,usr_0442,push_notification,6,2,False,cellular,144.0,2,8.1,True,False,act,True,0.8455
sess_04323,usr_1698,organic,20,4,False,wifi,324.8,1,39.5,False,False,browse,True,0.5993
sess_04324,usr_0191,push_notification,6,6,True,wifi,96.2,3,168.0,True,False,act,True,0.8574
sess_04325,usr_2412,widget,18,5,True,wifi,67.5,4,109.7,False,False,act,True,0.8004
sess_04326,usr_0505,widget,7,0,False,wifi,240.8,1,37.5,True,False,browse,False,0.4586
sess_04327,usr_1846,widget,19,5,True,wifi,153.2,1,2.3,True,False,act,False,0.4876
sess_04328,usr_1874,widget,17,5,True,cellular,210.2,1,14.0,False,False,browse,False,0.5411
sess_04329,usr_2414,widget,13,5,True,wifi,87.9,2,9.1,False,False,act,True,0.6097
sess_04330,usr_2066,push_notification,10,5,True,wifi,89.7,2,11.5,True,False,act,True,0.7736
sess_04331,usr_0552,widget,2,4,False,cellular,143.3,2,17.5,False,False,act,True,0.8167
sess_04332,usr_2044,organic,19,0,False,cellular,92.2,1,1.6,False,False,act,False,0.3214
sess_04333,usr_0018,push_notification,18,3,False,wifi,398.5,2,126.1,False,False,browse,False,0.3237
sess_04334,usr_2173,organic,21,1,False,wifi,228.9,1,2.2,True,False,browse,False,0.5535
sess_04335,usr_0199,widget,18,0,False,wifi,353.3,3,22.3,False,False,browse,False,0.4887
sess_04336,usr_2267,widget,20,0,False,cellular,87.9,1,164.4,False,False,act,True,0.6756
sess_04337,usr_1773,widget,4,3,False,cellular,163.1,1,51.8,False,True,browse,False,0.4867
sess_04338,usr_2397,organic,20,0,False,wifi,394.8,1,1.4,False,True,browse,False,0.328
sess_04339,usr_1979,push_notification,14,1,False,wifi,326.9,1,168.0,False,False,browse,False,0.5232
sess_04340,usr_2083,push_notification,8,2,False,cellular,166.8,2,6.5,True,False,act,True,0.8615
sess_04341,usr_0726,organic,22,4,False,wifi,324.2,2,20.7,True,False,browse,True,0.6279
sess_04342,usr_2370,organic,14,4,False,wifi,111.1,3,31.0,False,True,act,False,0.4432
sess_04343,usr_0712,widget,13,5,True,cellular,122.9,3,4.8,False,True,act,True,0.7571
sess_04344,usr_0526,organic,17,2,False,cellular,182.5,1,121.7,True,False,browse,False,0.4763
sess_04345,usr_0425,push_notification,16,0,False,cellular,147.4,1,31.9,False,False,act,False,0.5474
sess_04346,usr_1587,organic,19,2,False,wifi,405.6,2,68.3,False,False,browse,False,0.2863
sess_04347,usr_2460,push_notification,12,5,True,wifi,346.3,1,16.7,False,False,browse,False,0.5195
sess_04348,usr_2483,organic,9,1,False,wifi,139.9,5,4.8,False,True,act,False,0.5111
sess_04349,usr_1319,organic,18,5,True,wifi,374.8,1,8.1,True,False,browse,False,0.4967
sess_04350,usr_2065,organic,18,1,False,cellular,391.5,1,4.2,False,False,browse,False,0.5196
sess_04351,usr_1576,organic,7,6,True,cellular,450.6,1,13.9,True,False,browse,True,0.8844
sess_04352,usr_1715,push_notification,7,2,False,wifi,95.8,3,11.3,True,False,act,False,0.5145
sess_04353,usr_2495,push_notification,17,4,False,cellular,273.0,1,59.4,False,False,browse,False,0.4796
sess_04354,usr_1017,widget,6,3,False,wifi,107.4,2,106.1,False,False,act,True,0.7932
sess_04355,usr_1121,organic,13,1,False,wifi,173.7,2,9.5,False,True,act,True,0.8412
sess_04356,usr_1630,organic,19,6,True,wifi,404.2,1,4.9,True,False,browse,False,0.5409
sess_04357,usr_1405,push_notification,7,0,False,wifi,238.6,1,19.1,False,False,browse,False,0.469
sess_04358,usr_1205,organic,5,3,False,wifi,109.9,1,41.8,False,False,act,False,0.278
sess_04359,usr_1855,widget,18,1,False,cellular,168.9,2,1.7,True,False,act,True,0.7792
sess_04360,usr_0547,push_notification,11,5,True,wifi,302.9,3,1.2,False,False,browse,False,0.5135
sess_04361,usr_0566,push_notification,18,2,False,wifi,130.8,1,23.7,True,False,act,True,0.8706
sess_04362,usr_1691,widget,19,6,True,cellular,199.4,1,21.7,False,False,browse,False,0.3051
sess_04363,usr_2468,organic,8,1,False,wifi,289.6,5,73.2,True,False,browse,False,0.4444
sess_04364,usr_2099,push_notification,13,6,True,wifi,90.8,1,8.9,False,False,act,True,0.6365
sess_04365,usr_1225,widget,6,5,True,cellular,166.6,2,17.4,False,False,browse,False,0.5298
sess_04366,usr_2244,organic,16,0,False,wifi,385.5,1,10.7,False,False,browse,False,0.3339
sess_04367,usr_1286,push_notification,19,0,False,wifi,103.6,3,29.8,True,False,act,False,0.5066
sess_04368,usr_2268,push_notification,20,3,False,wifi,388.4,1,4.9,False,False,browse,True,0.7614
sess_04369,usr_0891,push_notification,16,4,False,wifi,84.8,1,34.1,True,False,act,True,0.8004
sess_04370,usr_0823,organic,19,5,True,wifi,301.8,1,2.0,True,False,browse,True,0.5737
sess_04371,usr_0859,organic,13,1,False,wifi,243.2,1,37.2,True,True,browse,False,0.568
sess_04372,usr_1191,push_notification,12,3,False,wifi,101.6,2,18.2,True,True,act,True,0.6614
sess_04373,usr_1415,push_notification,8,3,False,wifi,322.5,1,41.3,False,False,browse,True,0.7849
sess_04374,usr_0544,organic,9,0,False,cellular,75.9,5,19.6,False,False,act,True,0.9129
sess_04375,usr_0729,organic,20,1,False,cellular,245.7,2,91.6,False,False,browse,False,0.2755
sess_04376,usr_2064,organic,19,6,True,wifi,170.5,3,2.0,False,False,act,True,0.7963
sess_04377,usr_2223,organic,8,6,True,wifi,348.8,2,25.3,False,False,browse,True,0.8245
sess_04378,usr_1321,push_notification,19,1,False,cellular,66.6,2,5.1,False,True,act,True,0.6722
sess_04379,usr_0473,organic,19,3,False,wifi,455.0,1,30.1,True,False,browse,True,0.6733
sess_04380,usr_1443,organic,21,3,False,cellular,168.9,3,92.6,False,False,act,True,0.6243
sess_04381,usr_2304,organic,0,1,False,wifi,182.7,2,6.3,False,False,browse,False,0.2864
sess_04382,usr_1968,push_notification,16,2,False,cellular,170.3,3,6.3,False,False,act,True,0.6719
sess_04383,usr_2388,organic,15,4,False,wifi,211.2,2,8.7,False,False,browse,False,0.492
sess_04384,usr_2338,organic,6,4,False,wifi,196.7,2,40.5,True,False,browse,False,0.3266
sess_04385,usr_1710,push_notification,20,3,False,wifi,124.7,3,9.0,False,False,act,True,0.607
sess_04386,usr_2187,push_notification,6,3,False,cellular,78.5,3,52.3,False,False,act,True,0.8461
sess_04387,usr_1172,widget,18,4,False,cellular,364.4,1,3.5,False,False,browse,False,0.2531
sess_04388,usr_1731,widget,20,1,False,wifi,271.0,2,11.1,False,False,browse,False,0.2933
sess_04389,usr_0053,organic,8,2,False,cellular,254.1,1,9.1,False,False,browse,False,0.3716
sess_04390,usr_2142,organic,19,3,False,cellular,205.6,3,67.4,False,True,browse,True,0.6181
sess_04391,usr_0437,push_notification,14,1,False,wifi,110.6,1,4.1,False,False,act,True,0.6096
sess_04392,usr_0104,organic,19,1,False,wifi,257.9,1,22.1,False,False,browse,False,0.4641
sess_04393,usr_1561,widget,6,0,False,cellular,232.8,3,8.5,True,False,browse,False,0.5782
sess_04394,usr_0596,organic,16,0,False,cellular,429.0,1,9.2,True,False,browse,True,0.8084
sess_04395,usr_0218,push_notification,20,1,False,wifi,367.1,1,20.9,False,False,browse,True,0.8733
sess_04396,usr_0232,organic,2,2,False,wifi,353.7,1,9.1,True,False,browse,False,0.4714
sess_04397,usr_0819,organic,14,5,True,wifi,393.1,2,35.7,False,False,browse,True,0.8271
sess_04398,usr_1094,organic,21,2,False,wifi,362.1,1,9.7,False,False,browse,False,0.3568
sess_04399,usr_0660,push_notification,13,1,False,wifi,159.4,4,20.6,False,False,act,True,0.8856
sess_04400,usr_1174,push_notification,8,0,False,cellular,142.9,3,13.7,True,False,act,False,0.5845
sess_04401,usr_1027,organic,21,5,True,wifi,189.6,2,19.0,True,False,browse,False,0.4955
sess_04402,usr_0600,push_notification,16,2,False,cellular,296.9,1,84.8,False,True,browse,False,0.2769
sess_04403,usr_0255,widget,20,3,False,wifi,95.3,2,35.0,False,True,act,True,0.7689
sess_04404,usr_1209,push_notification,19,5,True,cellular,127.4,3,5.2,False,False,act,True,0.8176
sess_04405,usr_0836,organic,17,4,False,cellular,220.5,2,19.9,False,False,browse,False,0.4955
sess_04406,usr_2217,organic,23,6,True,wifi,331.1,4,20.1,False,False,browse,False,0.5929
sess_04407,usr_0133,widget,16,5,True,cellular,184.5,2,5.2,True,False,act,True,0.6516
sess_04408,usr_1470,organic,19,2,False,cellular,168.5,2,9.2,True,False,browse,False,0.3236
sess_04409,usr_1854,organic,16,1,False,cellular,150.6,3,5.9,False,False,act,False,0.5097
sess_04410,usr_0420,widget,18,2,False,cellular,216.8,2,24.0,True,True,browse,False,0.3159
sess_04411,usr_2302,organic,15,0,False,cellular,303.6,2,19.2,False,False,browse,False,0.5363
sess_04412,usr_0919,push_notification,20,6,True,wifi,124.2,2,21.5,False,False,act,True,0.7491
sess_04413,usr_2299,organic,6,6,True,wifi,253.8,1,16.1,False,False,browse,False,0.271
sess_04414,usr_1593,organic,17,4,False,cellular,121.3,4,29.5,True,True,act,True,0.7807
sess_04415,usr_0974,widget,19,2,False,wifi,170.2,1,6.9,True,False,act,False,0.4812
sess_04416,usr_2093,push_notification,16,6,True,cellular,126.9,4,11.0,True,False,act,True,0.7403
sess_04417,usr_1179,push_notification,23,4,False,wifi,102.6,3,4.2,False,False,act,True,0.8272
sess_04418,usr_0193,organic,15,2,False,wifi,173.7,2,9.6,False,False,act,True,0.7945
sess_04419,usr_1563,organic,8,1,False,cellular,256.0,4,6.2,True,True,browse,True,0.7851
sess_04420,usr_1588,organic,5,5,True,cellular,294.8,1,8.6,True,False,browse,False,0.4494
sess_04421,usr_1707,widget,9,1,False,wifi,307.7,1,24.8,False,False,browse,False,0.559
sess_04422,usr_1281,organic,18,6,True,wifi,296.8,2,31.8,False,False,browse,True,0.5909
sess_04423,usr_2262,push_notification,19,3,False,wifi,203.5,3,5.2,False,False,act,False,0.2933
sess_04424,usr_0221,organic,18,0,False,cellular,206.6,5,23.2,False,False,act,False,0.552
sess_04425,usr_0054,organic,13,0,False,wifi,258.3,5,13.0,False,False,browse,False,0.2744
sess_04426,usr_1030,organic,5,0,False,wifi,130.3,1,9.6,True,True,act,True,0.5498
sess_04427,usr_0832,organic,11,2,False,cellular,227.0,1,6.6,True,True,browse,True,0.8367
sess_04428,usr_1815,push_notification,18,2,False,wifi,139.4,2,119.6,False,False,act,True,0.8509
sess_04429,usr_0924,widget,23,4,False,wifi,247.2,1,2.5,False,False,browse,False,0.2789
sess_04430,usr_1507,push_notification,8,1,False,wifi,151.6,3,3.0,False,False,act,True,0.7861
sess_04431,usr_2411,widget,15,5,True,wifi,200.8,4,3.0,True,True,browse,False,0.3808
sess_04432,usr_2239,push_notification,16,3,False,cellular,86.4,3,3.5,False,False,act,True,0.777
sess_04433,usr_2472,push_notification,9,4,False,cellular,115.8,4,6.9,False,False,act,False,0.5303
sess_04434,usr_0805,organic,18,3,False,wifi,133.8,1,4.3,True,False,browse,False,0.3227
sess_04435,usr_0793,organic,12,1,False,cellular,362.3,1,4.0,False,False,browse,False,0.3053
sess_04436,usr_1205,organic,9,1,False,wifi,263.2,2,1.2,False,False,browse,False,0.3107
sess_04437,usr_1839,organic,11,1,False,wifi,285.7,1,3.9,False,True,browse,False,0.5116
sess_04438,usr_0727,organic,14,0,False,wifi,252.3,1,8.4,False,False,browse,False,0.5024
sess_04439,usr_0306,push_notification,12,0,False,cellular,303.9,1,18.3,False,True,browse,False,0.2942
sess_04440,usr_0766,organic,7,5,True,wifi,374.3,2,32.8,False,False,browse,False,0.5189
sess_04441,usr_0712,organic,17,1,False,cellular,90.7,2,1.7,True,False,browse,False,0.5475
sess_04442,usr_2105,organic,21,5,True,wifi,345.1,2,60.0,True,False,browse,False,0.5084
sess_04443,usr_0489,push_notification,13,2,False,wifi,292.5,2,39.7,True,False,browse,True,0.8096
sess_04444,usr_1546,push_notification,22,6,True,wifi,339.1,2,71.3,False,False,browse,True,0.7573
sess_04445,usr_0167,organic,20,3,False,wifi,305.0,1,8.4,False,False,browse,False,0.2108
sess_04446,usr_1756,push_notification,13,2,False,wifi,93.5,3,12.9,True,False,act,False,0.4433
sess_04447,usr_1144,organic,12,4,False,wifi,409.9,1,23.2,False,False,browse,False,0.3431
sess_04448,usr_2280,organic,13,6,True,wifi,99.4,4,35.4,True,False,act,True,0.7566
sess_04449,usr_1083,organic,7,0,False,wifi,266.1,1,31.2,False,False,browse,False,0.2675
sess_04450,usr_0533,organic,20,6,True,wifi,231.9,1,3.4,True,False,browse,True,0.8316
sess_04451,usr_0660,widget,18,5,True,wifi,120.1,1,9.0,True,False,act,True,0.6192
sess_04452,usr_2393,widget,12,2,False,cellular,85.9,2,7.2,False,False,act,True,0.6031
sess_04453,usr_1045,push_notification,13,1,False,cellular,309.7,1,3.9,True,False,browse,False,0.5085
sess_04454,usr_0024,organic,12,1,False,wifi,133.8,1,24.2,False,False,browse,True,0.8044
sess_04455,usr_1354,push_notification,12,6,True,cellular,85.7,3,20.1,True,False,act,True,0.6467
sess_04456,usr_1911,push_notification,17,0,False,wifi,249.6,2,18.8,False,False,browse,False,0.2908
sess_04457,usr_0635,push_notification,13,0,False,cellular,226.2,4,4.3,False,False,browse,False,0.559
sess_04458,usr_0164,push_notification,17,2,False,wifi,177.3,2,16.6,False,False,act,False,0.5532
sess_04459,usr_0630,organic,16,6,True,cellular,212.6,1,9.1,False,False,browse,False,0.5571
sess_04460,usr_1322,push_notification,8,1,False,cellular,402.7,5,33.6,False,False,browse,False,0.3181
sess_04461,usr_2445,push_notification,10,2,False,cellular,217.1,2,13.0,True,True,act,True,0.8276
sess_04462,usr_0209,organic,21,6,True,wifi,242.6,3,16.9,True,False,browse,True,0.7184
sess_04463,usr_1234,organic,12,0,False,cellular,120.6,2,1.9,False,False,act,True,0.8292
sess_04464,usr_2010,widget,9,0,False,cellular,116.0,1,58.8,False,False,act,True,0.8702
sess_04465,usr_2346,push_notification,18,5,True,cellular,120.0,3,20.5,False,True,act,True,0.6205
sess_04466,usr_2254,push_notification,12,3,False,wifi,215.2,2,20.5,False,False,act,False,0.3598
sess_04467,usr_1467,organic,0,6,True,cellular,242.4,3,10.2,False,False,browse,False,0.2477
sess_04468,usr_0299,push_notification,11,1,False,wifi,234.1,4,3.6,False,False,browse,False,0.2623
sess_04469,usr_1302,widget,19,5,True,wifi,234.3,1,26.2,True,False,browse,False,0.254
sess_04470,usr_2153,organic,13,2,False,wifi,277.0,5,3.8,False,False,browse,False,0.3154
sess_04471,usr_0901,push_notification,18,5,True,cellular,209.3,3,7.5,False,True,act,True,0.7306
sess_04472,usr_0754,push_notification,13,5,True,wifi,113.3,2,4.3,False,True,act,True,0.5945
sess_04473,usr_2133,push_notification,18,5,True,wifi,59.7,2,39.2,False,False,act,False,0.5907
sess_04474,usr_0280,push_notification,17,3,False,wifi,94.3,4,26.0,False,True,act,False,0.4834
sess_04475,usr_2070,organic,5,6,True,cellular,270.0,2,21.5,False,False,browse,False,0.5441
sess_04476,usr_0653,widget,19,6,True,wifi,230.0,3,28.9,False,False,act,True,0.5601
sess_04477,usr_1704,push_notification,16,5,True,wifi,139.3,4,17.3,False,False,act,True,0.7889
sess_04478,usr_2225,widget,10,2,False,wifi,248.1,2,31.3,True,False,browse,False,0.235
sess_04479,usr_2200,organic,19,3,False,wifi,140.0,1,17.6,False,False,act,True,0.7824
sess_04480,usr_1653,push_notification,0,1,False,cellular,159.5,3,8.2,True,False,act,True,0.8452
sess_04481,usr_0377,widget,12,6,True,cellular,158.2,2,7.8,True,False,act,True,0.6278
sess_04482,usr_1432,push_notification,0,1,False,cellular,39.1,2,46.2,False,False,act,False,0.4712
sess_04483,usr_0907,organic,14,6,True,cellular,249.6,1,63.2,False,False,browse,True,0.5941
sess_04484,usr_0874,push_notification,4,1,False,cellular,80.9,2,3.3,False,True,browse,True,0.8622
sess_04485,usr_1360,push_notification,16,6,True,wifi,269.3,2,17.9,False,False,browse,False,0.3047
sess_04486,usr_1357,push_notification,19,1,False,wifi,60.8,2,5.5,False,False,act,True,0.7313
sess_04487,usr_1478,push_notification,20,4,False,wifi,122.9,1,4.3,True,False,act,False,0.5486
sess_04488,usr_1203,widget,21,3,False,cellular,210.8,1,20.0,False,True,browse,False,0.4593
sess_04489,usr_0895,organic,20,2,False,wifi,380.0,3,15.2,False,False,browse,False,0.3955
sess_04490,usr_2173,widget,18,6,True,wifi,64.4,2,31.3,False,False,act,True,0.5764
sess_04491,usr_1946,organic,10,3,False,wifi,251.7,1,21.5,True,False,browse,False,0.5204
sess_04492,usr_2300,organic,13,1,False,wifi,367.8,1,40.8,False,False,browse,False,0.4671
sess_04493,usr_0037,push_notification,8,2,False,wifi,311.2,1,34.3,True,False,browse,False,0.4958
sess_04494,usr_0470,widget,6,2,False,cellular,330.9,2,5.8,False,False,browse,False,0.5745
sess_04495,usr_1418,organic,23,5,True,wifi,134.1,4,18.5,True,False,act,False,0.5455
sess_04496,usr_1826,push_notification,7,0,False,cellular,154.3,2,6.2,False,False,act,False,0.6106
sess_04497,usr_0985,widget,21,3,False,wifi,92.7,2,9.2,False,True,act,True,0.8278
sess_04498,usr_0999,organic,18,4,False,cellular,157.3,1,9.3,True,False,act,True,0.8503
sess_04499,usr_0164,push_notification,12,0,False,wifi,98.1,3,141.8,False,True,act,False,0.3567
sess_04500,usr_1315,widget,0,0,False,cellular,283.8,1,25.1,False,False,browse,False,0.4708
sess_04501,usr_1563,organic,12,1,False,wifi,296.7,3,3.9,False,False,browse,False,0.4816
sess_04502,usr_0465,organic,17,0,False,cellular,419.8,2,49.2,True,False,browse,False,0.4769
sess_04503,usr_1581,widget,21,6,True,cellular,178.8,3,1.9,False,False,browse,False,0.4252
sess_04504,usr_1051,organic,6,3,False,cellular,278.7,3,9.3,True,False,browse,True,0.8558
sess_04505,usr_2213,widget,9,3,False,cellular,129.2,2,8.2,False,False,act,True,0.7723
sess_04506,usr_1159,push_notification,7,6,True,wifi,360.5,1,13.5,False,False,browse,False,0.2293
sess_04507,usr_0102,push_notification,4,5,True,wifi,302.8,1,8.2,False,True,browse,False,0.4896
sess_04508,usr_2118,widget,16,1,False,wifi,316.7,1,12.8,False,False,browse,False,0.4712
sess_04509,usr_1536,push_notification,0,1,False,wifi,475.1,1,5.2,False,False,browse,True,0.5553
sess_04510,usr_2107,organic,18,6,True,cellular,346.6,1,6.4,True,False,browse,False,0.4426
sess_04511,usr_2084,widget,23,4,False,wifi,298.8,4,28.0,False,False,browse,False,0.4789
sess_04512,usr_1826,organic,5,2,False,wifi,57.2,3,49.9,True,False,browse,True,0.8523
sess_04513,usr_1994,widget,19,4,False,wifi,124.9,2,0.6,False,True,act,True,0.8319
sess_04514,usr_0180,organic,20,6,True,wifi,316.3,2,10.7,False,False,browse,False,0.2785
sess_04515,usr_1215,organic,9,0,False,wifi,352.2,4,5.5,False,False,browse,False,0.3467
sess_04516,usr_0789,organic,8,0,False,wifi,165.2,2,30.8,False,False,browse,True,0.6152
sess_04517,usr_1313,push_notification,13,6,True,wifi,188.1,4,10.5,True,False,act,True,0.7852
sess_04518,usr_2105,organic,20,3,False,wifi,270.8,3,10.8,False,False,browse,False,0.3374
sess_04519,usr_0338,organic,11,5,True,cellular,183.8,3,12.5,True,False,browse,False,0.3327
sess_04520,usr_0394,push_notification,23,2,False,cellular,123.6,2,14.8,False,False,act,True,0.8466
sess_04521,usr_0686,push_notification,20,1,False,wifi,142.7,4,3.0,True,False,act,True,0.8418
sess_04522,usr_2204,organic,19,3,False,cellular,292.0,1,11.0,True,False,browse,True,0.7526
sess_04523,usr_2185,organic,14,3,False,wifi,275.1,3,12.1,False,False,browse,True,0.5824
sess_04524,usr_0031,widget,12,4,False,cellular,264.1,3,5.4,False,False,browse,True,0.8612
sess_04525,usr_0269,push_notification,17,1,False,wifi,156.4,3,168.0,True,False,act,True,0.8436
sess_04526,usr_0864,organic,18,4,False,cellular,379.5,2,7.1,True,True,browse,False,0.3124
sess_04527,usr_0874,organic,14,1,False,cellular,129.9,4,29.8,False,False,act,True,0.844
sess_04528,usr_1738,organic,12,5,True,wifi,339.5,1,4.0,False,True,browse,False,0.5328
sess_04529,usr_0426,widget,9,6,True,wifi,197.4,4,100.9,False,False,browse,False,0.5186
sess_04530,usr_0843,push_notification,7,4,False,wifi,132.0,3,14.6,True,False,act,True,0.8146
sess_04531,usr_2203,organic,20,3,False,cellular,313.1,1,3.2,True,False,browse,False,0.4467
sess_04532,usr_1783,widget,21,6,True,cellular,314.6,1,7.2,False,False,browse,False,0.3146
sess_04533,usr_0296,organic,19,5,True,cellular,396.7,1,7.5,False,False,browse,False,0.2759
sess_04534,usr_0630,widget,16,0,False,wifi,128.8,1,20.3,True,False,act,False,0.2525
sess_04535,usr_0098,organic,20,5,True,wifi,111.5,2,8.9,False,False,act,True,0.6438
sess_04536,usr_1881,organic,15,5,True,cellular,237.8,1,13.2,False,False,browse,False,0.341
sess_04537,usr_1359,push_notification,18,6,True,wifi,166.4,3,10.9,False,False,browse,False,0.5466
sess_04538,usr_0156,push_notification,16,4,False,cellular,425.9,1,168.0,False,False,browse,True,0.852
sess_04539,usr_0359,push_notification,14,0,False,wifi,172.3,3,2.7,False,False,act,True,0.6915
sess_04540,usr_0301,push_notification,8,3,False,wifi,103.5,2,24.1,False,False,act,True,0.7485
sess_04541,usr_0223,organic,14,0,False,cellular,101.5,1,31.5,True,False,browse,False,0.4835
sess_04542,usr_0730,push_notification,17,0,False,wifi,151.1,3,19.3,True,False,act,True,0.67
sess_04543,usr_1032,push_notification,8,2,False,wifi,173.0,3,0.5,False,True,act,True,0.8474
sess_04544,usr_2286,organic,21,2,False,cellular,288.7,1,80.5,False,False,browse,False,0.4621
sess_04545,usr_0289,push_notification,15,6,True,cellular,107.3,5,40.3,False,False,act,True,0.9078
sess_04546,usr_2356,widget,20,2,False,cellular,313.9,1,23.3,False,False,browse,False,0.3819
sess_04547,usr_0933,organic,0,0,False,cellular,312.1,1,65.7,False,False,browse,False,0.5436
sess_04548,usr_1060,widget,15,0,False,cellular,132.7,1,11.2,True,False,browse,False,0.3347
sess_04549,usr_1670,organic,19,1,False,cellular,263.4,1,7.6,False,False,browse,False,0.3995
sess_04550,usr_1590,widget,17,2,False,wifi,289.0,5,4.9,False,False,browse,False,0.4753
sess_04551,usr_1848,widget,19,0,False,wifi,71.5,1,66.9,True,False,browse,False,0.3258
sess_04552,usr_1657,organic,17,2,False,cellular,363.9,1,20.8,True,False,browse,True,0.6065
sess_04553,usr_1774,organic,23,4,False,cellular,158.5,2,117.0,False,False,act,True,0.6684
sess_04554,usr_1296,push_notification,17,6,True,cellular,338.6,1,3.1,False,False,browse,False,0.2535
sess_04555,usr_0070,widget,14,3,False,wifi,311.0,1,24.1,True,False,browse,False,0.5836
sess_04556,usr_1596,push_notification,19,4,False,wifi,77.6,2,3.8,True,False,act,True,0.8911
sess_04557,usr_0485,widget,18,4,False,cellular,120.0,3,4.5,True,False,act,True,0.5986
sess_04558,usr_2191,push_notification,8,2,False,wifi,125.6,3,132.8,False,True,act,False,0.3642
sess_04559,usr_0025,organic,7,5,True,wifi,284.1,1,18.1,False,False,browse,False,0.3303
sess_04560,usr_0260,widget,13,1,False,wifi,300.8,2,46.7,False,True,browse,False,0.4538
sess_04561,usr_2399,push_notification,18,4,False,cellular,152.6,4,16.9,True,False,browse,False,0.4751
sess_04562,usr_0187,push_notification,7,3,False,cellular,216.4,1,17.6,False,True,browse,False,0.2607
sess_04563,usr_0298,widget,19,4,False,cellular,190.8,1,89.8,True,False,browse,True,0.8279
sess_04564,usr_1466,widget,7,6,True,wifi,88.9,2,1.7,True,True,act,False,0.5064
sess_04565,usr_2060,push_notification,20,2,False,wifi,302.6,1,2.8,False,False,browse,False,0.2843
sess_04566,usr_0435,organic,11,3,False,wifi,423.9,2,31.4,False,False,browse,True,0.5962
sess_04567,usr_1188,organic,8,6,True,wifi,290.0,2,4.1,False,False,browse,False,0.5121
sess_04568,usr_1235,push_notification,18,3,False,wifi,111.8,2,17.3,False,False,browse,False,0.5348
sess_04569,usr_2485,push_notification,19,1,False,cellular,62.3,2,13.8,False,False,act,True,0.6524
sess_04570,usr_0355,push_notification,13,3,False,cellular,283.2,2,32.2,False,False,browse,False,0.5736
sess_04571,usr_1154,widget,18,3,False,cellular,235.9,4,28.5,False,False,browse,False,0.279
sess_04572,usr_1793,push_notification,14,0,False,wifi,126.8,2,8.3,False,True,act,True,0.7828
sess_04573,usr_1563,push_notification,8,1,False,wifi,110.6,2,8.0,True,True,act,True,0.7852
sess_04574,usr_1619,push_notification,19,0,False,wifi,164.1,1,42.7,True,False,act,True,0.7771
sess_04575,usr_0127,push_notification,10,3,False,wifi,255.7,1,3.6,False,False,browse,True,0.6832
sess_04576,usr_1942,push_notification,7,1,False,wifi,167.1,1,10.1,False,True,act,True,0.735
sess_04577,usr_0641,widget,16,4,False,cellular,10.0,2,3.9,False,False,act,True,0.6686
sess_04578,usr_2186,push_notification,18,4,False,wifi,100.1,2,89.7,False,False,act,True,0.7992
sess_04579,usr_0901,push_notification,17,2,False,cellular,76.2,3,4.9,True,False,act,True,0.8279
sess_04580,usr_0559,push_notification,5,2,False,cellular,122.5,2,33.6,False,False,act,True,0.8069
sess_04581,usr_1602,organic,15,6,True,wifi,38.9,4,11.8,True,False,act,True,0.6442
sess_04582,usr_2236,push_notification,13,6,True,wifi,235.9,1,10.8,False,False,browse,False,0.2312
sess_04583,usr_1209,organic,19,3,False,cellular,108.1,5,2.9,True,False,act,False,0.4757
sess_04584,usr_0591,widget,21,6,True,cellular,171.0,1,12.6,False,True,browse,False,0.3866
sess_04585,usr_1221,organic,11,1,False,wifi,188.7,1,19.2,False,False,browse,False,0.5198
sess_04586,usr_1529,organic,12,2,False,wifi,217.8,1,53.4,False,False,browse,False,0.2706
sess_04587,usr_0046,organic,18,5,True,wifi,258.3,1,47.6,True,False,browse,False,0.431
sess_04588,usr_2268,push_notification,19,6,True,cellular,74.2,2,40.6,False,False,act,True,0.7429
sess_04589,usr_2274,push_notification,19,3,False,wifi,140.7,2,5.3,False,True,act,True,0.596
sess_04590,usr_0580,push_notification,20,3,False,cellular,209.2,3,13.3,True,False,act,False,0.4082
sess_04591,usr_0505,organic,17,4,False,wifi,70.0,1,75.8,False,False,browse,False,0.2766
sess_04592,usr_0172,widget,20,6,True,wifi,190.4,5,31.3,False,False,browse,True,0.5927
sess_04593,usr_0021,organic,14,4,False,wifi,376.3,1,4.1,False,False,browse,False,0.4962
sess_04594,usr_2346,push_notification,19,1,False,wifi,135.1,2,12.8,True,False,act,True,0.581
sess_04595,usr_2444,organic,18,0,False,wifi,263.5,1,6.1,False,False,browse,False,0.2425
sess_04596,usr_1615,organic,20,6,True,wifi,230.1,1,5.7,False,True,browse,False,0.5016
sess_04597,usr_2201,organic,7,6,True,wifi,237.6,1,7.0,False,False,browse,False,0.3505
sess_04598,usr_2243,widget,9,0,False,wifi,266.1,1,42.4,False,False,browse,False,0.2947
sess_04599,usr_0349,push_notification,15,1,False,cellular,318.7,1,46.3,True,False,browse,True,0.642
sess_04600,usr_1249,organic,9,4,False,wifi,160.5,1,7.2,False,False,act,True,0.6405
sess_04601,usr_0861,widget,13,3,False,cellular,152.2,4,9.1,False,False,browse,False,0.255
sess_04602,usr_1409,push_notification,8,1,False,wifi,140.3,3,13.9,False,False,act,False,0.3394
sess_04603,usr_0868,organic,10,4,False,cellular,89.9,3,4.8,True,False,act,True,0.7968
sess_04604,usr_1691,organic,13,4,False,wifi,399.0,2,6.4,True,False,browse,False,0.495
sess_04605,usr_2100,organic,20,5,True,cellular,269.8,5,3.9,True,False,browse,False,0.3174
sess_04606,usr_0584,organic,18,2,False,cellular,161.4,2,17.8,False,False,act,True,0.5987
sess_04607,usr_0660,organic,16,1,False,wifi,335.3,1,156.4,True,True,browse,False,0.3849
sess_04608,usr_0754,push_notification,12,6,True,wifi,252.6,1,3.4,False,False,browse,False,0.5887
sess_04609,usr_0905,widget,16,1,False,cellular,145.4,4,17.0,False,False,act,True,0.5699
sess_04610,usr_1036,organic,23,0,False,wifi,316.8,5,26.0,False,False,browse,True,0.5832
sess_04611,usr_0796,organic,18,6,True,wifi,286.4,1,21.3,True,False,browse,False,0.4511
sess_04612,usr_0470,organic,12,5,True,wifi,393.5,2,168.0,True,True,browse,False,0.5713
sess_04613,usr_0743,push_notification,20,1,False,cellular,111.3,2,1.7,False,False,act,True,0.8785
sess_04614,usr_2324,organic,16,3,False,wifi,93.4,4,5.3,False,False,act,True,0.7962
sess_04615,usr_0223,organic,12,6,True,cellular,365.4,2,33.1,False,False,browse,True,0.6689
sess_04616,usr_2249,organic,15,0,False,wifi,392.9,1,88.4,False,True,browse,False,0.4294
sess_04617,usr_1890,push_notification,7,1,False,wifi,274.9,3,21.9,False,False,browse,False,0.5312
sess_04618,usr_2252,push_notification,21,1,False,cellular,119.0,5,62.0,False,False,act,True,0.6587
sess_04619,usr_0300,organic,18,4,False,wifi,101.9,4,16.6,False,False,browse,False,0.3338
sess_04620,usr_1191,push_notification,19,0,False,cellular,157.3,2,1.2,True,False,act,True,0.8629
sess_04621,usr_0276,widget,20,4,False,wifi,236.3,2,74.4,True,False,browse,False,0.2327
sess_04622,usr_1027,organic,18,2,False,cellular,324.9,2,44.5,True,False,browse,False,0.4963
sess_04623,usr_0403,organic,9,5,True,cellular,353.4,1,30.8,True,False,browse,False,0.5472
sess_04624,usr_0809,organic,18,4,False,wifi,157.6,1,6.3,False,False,browse,False,0.4545
sess_04625,usr_2379,organic,19,0,False,wifi,312.7,1,10.0,False,False,browse,False,0.3412
sess_04626,usr_1996,organic,14,3,False,wifi,268.0,1,18.0,True,False,browse,False,0.554
sess_04627,usr_1356,organic,20,6,True,cellular,133.7,3,12.6,True,True,act,True,0.6711
sess_04628,usr_1463,push_notification,16,2,False,wifi,125.9,1,12.0,False,True,act,True,0.7695
sess_04629,usr_0526,push_notification,19,4,False,wifi,113.7,3,6.0,False,False,act,True,0.6671
sess_04630,usr_0961,push_notification,4,4,False,wifi,351.1,1,3.3,False,False,browse,False,0.4803
sess_04631,usr_0410,push_notification,8,5,True,wifi,117.6,2,74.7,False,False,act,True,0.7287
sess_04632,usr_1168,push_notification,17,2,False,wifi,222.1,1,25.7,True,False,browse,False,0.5379
sess_04633,usr_0286,push_notification,10,5,True,wifi,125.3,2,3.7,False,False,act,False,0.3087
sess_04634,usr_0793,push_notification,17,3,False,cellular,235.4,2,8.6,False,False,browse,False,0.4528
sess_04635,usr_1302,organic,21,0,False,cellular,117.7,3,39.8,True,True,act,False,0.5082
sess_04636,usr_1991,push_notification,22,6,True,cellular,162.1,2,15.1,False,True,act,True,0.6064
sess_04637,usr_1846,widget,14,1,False,wifi,118.7,2,10.7,True,False,act,True,0.5766
sess_04638,usr_1345,widget,19,2,False,cellular,70.6,1,9.7,False,False,act,True,0.8653
sess_04639,usr_1253,organic,19,2,False,wifi,119.7,2,1.8,False,False,act,True,0.6439
sess_04640,usr_2393,push_notification,17,1,False,wifi,124.0,2,10.6,False,False,act,True,0.6021
sess_04641,usr_0625,organic,2,6,True,wifi,243.2,1,5.9,True,True,browse,False,0.2708
sess_04642,usr_2317,push_notification,9,6,True,cellular,170.5,2,3.8,False,False,act,True,0.5862
sess_04643,usr_2322,push_notification,18,2,False,wifi,114.8,3,18.6,False,False,act,True,0.8179
sess_04644,usr_1493,push_notification,20,1,False,wifi,123.4,1,27.2,False,False,act,False,0.4818
sess_04645,usr_1296,push_notification,18,3,False,cellular,100.5,5,14.4,False,False,act,True,0.7726
sess_04646,usr_1755,push_notification,15,6,True,wifi,281.2,1,28.3,False,True,browse,True,0.7616
sess_04647,usr_0691,push_notification,22,2,False,cellular,139.1,1,7.3,False,False,browse,False,0.2576
sess_04648,usr_0020,widget,18,0,False,wifi,121.1,3,9.8,False,True,act,False,0.4507
sess_04649,usr_1283,organic,15,6,True,wifi,231.4,1,19.8,True,False,browse,False,0.2307
sess_04650,usr_1009,organic,20,3,False,cellular,281.3,1,15.0,False,False,browse,False,0.2607
sess_04651,usr_0908,organic,20,1,False,wifi,316.3,2,6.2,False,False,browse,True,0.5673
sess_04652,usr_1787,organic,11,4,False,wifi,146.1,1,26.5,False,False,act,True,0.8415
sess_04653,usr_1134,organic,16,1,False,wifi,344.0,3,2.5,False,False,browse,False,0.5331
sess_04654,usr_1473,organic,12,0,False,cellular,162.2,1,14.8,False,False,browse,False,0.541
sess_04655,usr_0551,push_notification,19,0,False,wifi,134.9,3,8.5,False,False,act,True,0.6081
sess_04656,usr_1359,widget,10,3,False,wifi,241.1,1,8.4,False,False,browse,False,0.4991
sess_04657,usr_1966,widget,9,5,True,wifi,413.8,3,12.9,True,False,browse,False,0.3324
sess_04658,usr_1896,push_notification,19,2,False,cellular,370.1,1,2.2,True,False,browse,False,0.5974
sess_04659,usr_1825,organic,3,6,True,cellular,304.2,1,7.1,False,False,browse,False,0.4889
sess_04660,usr_1470,organic,9,5,True,wifi,267.6,1,7.8,True,False,browse,False,0.3319
sess_04661,usr_1252,widget,20,2,False,wifi,248.6,1,104.7,True,False,browse,True,0.8217
sess_04662,usr_1995,push_notification,9,0,False,wifi,148.8,1,28.0,False,False,act,True,0.5936
sess_04663,usr_2260,organic,19,2,False,wifi,372.5,1,3.4,False,True,browse,False,0.3522
sess_04664,usr_0446,push_notification,12,6,True,wifi,85.6,3,8.2,True,False,act,True,0.8652
sess_04665,usr_0720,push_notification,23,3,False,wifi,65.6,2,166.4,True,True,act,False,0.3053
sess_04666,usr_2485,widget,21,1,False,cellular,151.9,2,47.8,False,False,browse,False,0.2983
sess_04667,usr_0336,organic,18,3,False,cellular,329.4,1,5.8,True,False,browse,False,0.5384
sess_04668,usr_1150,widget,13,6,True,wifi,123.5,2,8.6,False,False,act,True,0.584
sess_04669,usr_0574,organic,10,5,True,cellular,285.0,1,14.5,False,False,browse,False,0.3364
sess_04670,usr_2207,organic,20,3,False,cellular,268.9,1,19.9,True,False,browse,False,0.3685
sess_04671,usr_0805,organic,19,0,False,cellular,153.0,3,12.7,False,False,act,True,0.6279
sess_04672,usr_1079,organic,19,3,False,cellular,129.5,2,12.9,False,False,act,False,0.5365
sess_04673,usr_0314,organic,13,4,False,wifi,167.3,1,17.8,True,False,browse,True,0.8432
sess_04674,usr_0309,organic,21,0,False,wifi,85.8,3,65.4,False,False,act,False,0.5769
sess_04675,usr_0077,push_notification,18,0,False,cellular,204.2,2,7.7,False,False,act,True,0.6351
sess_04676,usr_2078,organic,20,0,False,wifi,338.4,1,6.5,False,False,browse,False,0.506
sess_04677,usr_0128,organic,18,5,True,cellular,264.8,4,8.4,True,False,browse,False,0.376
sess_04678,usr_2384,organic,10,5,True,wifi,295.8,1,13.1,False,False,browse,False,0.2909
sess_04679,usr_2372,push_notification,10,5,True,wifi,113.0,2,27.1,False,True,act,True,0.7863
sess_04680,usr_1660,widget,21,0,False,cellular,205.3,3,7.6,True,False,act,True,0.7841
sess_04681,usr_2417,organic,10,3,False,cellular,232.3,1,9.9,False,False,browse,False,0.469
sess_04682,usr_0872,push_notification,9,0,False,cellular,197.9,3,17.4,True,False,act,False,0.6125
sess_04683,usr_0151,push_notification,9,2,False,wifi,137.6,2,0.6,True,False,act,True,0.6384
sess_04684,usr_2260,organic,19,2,False,wifi,316.2,1,12.6,True,False,browse,False,0.5381
sess_04685,usr_1068,organic,20,2,False,wifi,286.0,3,35.4,False,False,browse,False,0.3236
sess_04686,usr_2227,push_notification,18,2,False,wifi,56.0,2,3.0,False,False,act,True,0.7908
sess_04687,usr_2211,push_notification,4,3,False,wifi,36.6,4,6.5,False,True,act,True,0.5442
sess_04688,usr_1934,push_notification,14,1,False,wifi,113.1,3,12.7,False,True,act,True,0.6362
sess_04689,usr_0609,organic,16,4,False,wifi,98.7,2,20.7,True,True,act,True,0.8054
sess_04690,usr_1499,organic,20,5,True,wifi,200.3,2,4.1,True,True,browse,True,0.6402
sess_04691,usr_1608,push_notification,11,5,True,wifi,112.4,3,13.7,False,False,act,False,0.3604
sess_04692,usr_0915,push_notification,13,6,True,wifi,74.9,2,16.9,False,False,act,True,0.7849
sess_04693,usr_2416,organic,19,1,False,wifi,221.1,3,3.8,False,False,browse,True,0.6739
sess_04694,usr_1192,organic,19,4,False,wifi,235.1,2,5.1,True,False,browse,False,0.4863
sess_04695,usr_0549,push_notification,12,5,True,cellular,205.6,1,26.6,False,False,browse,True,0.799
sess_04696,usr_1904,organic,11,0,False,wifi,223.7,2,6.1,True,True,browse,False,0.5273
sess_04697,usr_2053,widget,19,6,True,wifi,275.8,1,10.7,False,False,browse,True,0.6057
sess_04698,usr_2091,push_notification,20,2,False,cellular,116.4,2,3.7,False,True,act,True,0.6774
sess_04699,usr_0371,organic,11,3,False,wifi,310.7,1,9.5,False,False,browse,True,0.6432
sess_04700,usr_1626,organic,6,1,False,wifi,267.8,1,6.7,True,False,browse,True,0.6684
sess_04701,usr_1491,push_notification,19,4,False,wifi,269.6,2,47.7,False,False,browse,False,0.2367
sess_04702,usr_2057,push_notification,23,0,False,cellular,227.0,1,11.6,False,False,browse,False,0.4459
sess_04703,usr_0044,push_notification,20,5,True,cellular,127.7,1,168.0,True,False,act,True,0.6616
sess_04704,usr_0979,organic,15,3,False,cellular,354.9,1,1.2,True,False,browse,True,0.5197
sess_04705,usr_0680,push_notification,8,6,True,wifi,310.4,4,18.6,False,False,browse,False,0.3929
sess_04706,usr_2106,organic,7,1,False,wifi,400.7,1,13.8,True,False,browse,True,0.6376
sess_04707,usr_0575,organic,13,2,False,wifi,262.4,3,10.5,False,False,browse,False,0.2849
sess_04708,usr_1828,widget,19,6,True,wifi,78.3,1,72.6,True,False,act,False,0.4852
sess_04709,usr_0653,push_notification,11,5,True,wifi,119.0,2,1.5,True,False,act,True,0.8057
sess_04710,usr_0734,organic,3,3,False,cellular,201.6,1,31.6,False,False,browse,False,0.5746
sess_04711,usr_2320,widget,15,5,True,wifi,108.3,2,3.9,False,False,act,False,0.4992
sess_04712,usr_2318,widget,20,3,False,wifi,138.6,4,2.6,True,False,act,False,0.5247
sess_04713,usr_0599,organic,17,5,True,wifi,223.0,3,11.7,True,False,browse,False,0.3318
sess_04714,usr_1981,organic,21,6,True,wifi,202.4,2,54.2,False,False,act,True,0.6073
sess_04715,usr_1470,widget,17,3,False,wifi,136.8,2,7.3,False,True,act,True,0.8941
sess_04716,usr_0166,push_notification,16,5,True,cellular,301.0,1,12.7,False,False,browse,False,0.2702
sess_04717,usr_0897,organic,18,0,False,wifi,215.0,2,2.3,False,False,browse,False,0.3146
sess_04718,usr_1998,push_notification,7,4,False,wifi,98.2,4,11.3,False,True,act,True,0.8049
sess_04719,usr_0950,organic,5,5,True,cellular,204.7,1,16.4,True,False,browse,False,0.4579
sess_04720,usr_0258,organic,9,3,False,wifi,166.3,1,5.3,False,False,browse,False,0.5433
sess_04721,usr_1083,widget,7,3,False,wifi,115.7,3,8.3,False,True,act,True,0.854
sess_04722,usr_1514,push_notification,8,5,True,wifi,70.9,5,2.6,False,False,act,False,0.3502
sess_04723,usr_0959,push_notification,9,5,True,wifi,105.3,2,168.0,False,False,act,True,0.8175
sess_04724,usr_0176,organic,19,4,False,wifi,115.1,1,17.0,True,False,act,True,0.8406
sess_04725,usr_0847,widget,14,1,False,wifi,166.8,3,2.7,False,True,act,False,0.3932
sess_04726,usr_2122,organic,7,1,False,cellular,463.8,3,40.4,False,False,browse,False,0.2792
sess_04727,usr_1480,organic,19,2,False,cellular,223.9,3,7.1,False,True,browse,False,0.3256
sess_04728,usr_1590,widget,21,3,False,wifi,103.2,2,24.8,False,False,act,False,0.5141
sess_04729,usr_1924,organic,9,6,True,wifi,184.4,4,20.4,False,False,browse,False,0.3372
sess_04730,usr_1863,organic,14,1,False,cellular,80.8,2,3.8,False,False,act,True,0.6704
sess_04731,usr_0191,push_notification,13,5,True,cellular,118.7,2,27.5,False,False,act,True,0.5521
sess_04732,usr_0164,organic,19,5,True,wifi,117.3,1,13.6,True,False,act,True,0.8887
sess_04733,usr_1328,organic,20,0,False,cellular,346.6,1,31.6,True,False,browse,False,0.3476
sess_04734,usr_0423,organic,14,4,False,wifi,284.7,3,6.9,True,False,browse,True,0.8355
sess_04735,usr_2136,organic,14,5,True,wifi,314.8,2,3.9,True,False,browse,True,0.6047
sess_04736,usr_1121,widget,20,3,False,wifi,391.6,1,2.8,True,False,browse,True,0.8099
sess_04737,usr_1079,organic,21,3,False,wifi,223.3,2,14.0,False,False,browse,False,0.278
sess_04738,usr_2371,organic,21,4,False,wifi,247.5,2,8.5,False,False,act,True,0.6364
sess_04739,usr_2230,push_notification,15,0,False,wifi,217.4,1,9.5,True,False,browse,False,0.4379
sess_04740,usr_2336,widget,13,6,True,wifi,84.2,3,19.0,False,False,act,False,0.3602
sess_04741,usr_0713,widget,0,2,False,cellular,367.4,3,5.1,True,False,browse,True,0.6216
sess_04742,usr_1543,push_notification,15,2,False,wifi,125.0,1,19.7,False,False,act,False,0.3503
sess_04743,usr_1551,organic,6,6,True,wifi,379.8,1,54.2,False,False,browse,False,0.5672
sess_04744,usr_1497,push_notification,15,5,True,wifi,96.5,3,156.5,True,False,act,True,0.8592
sess_04745,usr_2408,organic,23,3,False,wifi,165.2,1,30.4,False,False,act,True,0.8597
sess_04746,usr_0319,push_notification,19,6,True,cellular,44.6,1,45.6,True,False,act,False,0.5425
sess_04747,usr_2117,push_notification,13,6,True,cellular,140.7,3,3.3,False,True,act,True,0.5572
sess_04748,usr_1031,organic,11,4,False,wifi,323.9,1,13.2,False,False,browse,False,0.2849
sess_04749,usr_1542,push_notification,14,2,False,cellular,142.9,1,3.0,False,False,act,True,0.6392
sess_04750,usr_0913,organic,14,1,False,wifi,261.4,1,1.5,False,False,browse,False,0.3248
sess_04751,usr_2116,push_notification,15,0,False,cellular,347.1,1,21.3,False,False,browse,True,0.7735
sess_04752,usr_1663,push_notification,14,4,False,wifi,181.5,2,43.4,False,False,act,True,0.8449
sess_04753,usr_1446,widget,19,3,False,wifi,71.5,2,98.4,False,False,act,True,0.8038
sess_04754,usr_1414,organic,0,5,True,wifi,10.0,2,66.8,False,True,act,True,0.5896
sess_04755,usr_1995,widget,9,1,False,wifi,63.3,1,124.5,False,True,browse,False,0.3086
sess_04756,usr_1975,push_notification,8,4,False,wifi,131.3,5,57.3,True,False,act,True,0.7676
sess_04757,usr_2475,organic,2,2,False,wifi,60.4,3,2.1,False,False,act,True,0.9115
sess_04758,usr_0028,organic,14,2,False,wifi,151.2,3,35.7,True,False,act,True,0.838
sess_04759,usr_2056,widget,14,0,False,wifi,145.1,3,8.3,False,True,act,True,0.7895
sess_04760,usr_0570,push_notification,16,2,False,wifi,153.2,4,108.5,True,False,act,True,0.7735
sess_04761,usr_1802,organic,19,4,False,wifi,148.1,1,47.6,False,False,browse,False,0.484
sess_04762,usr_0679,organic,6,3,False,cellular,261.7,1,7.6,True,False,browse,False,0.3102
sess_04763,usr_0943,widget,13,1,False,cellular,276.9,5,3.9,True,False,browse,False,0.5331
sess_04764,usr_0316,push_notification,11,1,False,wifi,89.9,5,27.6,False,False,act,True,0.8671
sess_04765,usr_2108,organic,8,0,False,cellular,401.5,5,8.3,True,False,browse,True,0.6419
sess_04766,usr_1151,widget,10,4,False,wifi,47.9,1,59.3,False,False,act,True,0.6134
sess_04767,usr_0867,widget,13,6,True,wifi,215.3,1,4.2,True,False,browse,False,0.3119
sess_04768,usr_0616,push_notification,18,1,False,cellular,181.0,3,2.0,True,False,act,True,0.5614
sess_04769,usr_0766,organic,6,6,True,cellular,328.1,1,11.9,False,False,browse,False,0.2861
sess_04770,usr_0645,push_notification,19,0,False,wifi,283.2,3,9.4,False,False,browse,False,0.4441
sess_04771,usr_1484,organic,20,5,True,wifi,240.8,2,18.5,False,False,browse,True,0.7461
sess_04772,usr_2466,organic,6,3,False,cellular,67.2,2,38.4,False,True,act,True,0.8804
sess_04773,usr_0485,organic,21,1,False,wifi,313.8,1,0.5,True,False,browse,False,0.4963
sess_04774,usr_0944,widget,20,4,False,cellular,435.8,2,16.6,False,False,browse,False,0.3662
sess_04775,usr_1699,push_notification,21,2,False,cellular,342.4,3,50.2,False,False,browse,False,0.5311
sess_04776,usr_1353,widget,7,1,False,cellular,116.3,1,21.5,False,False,act,True,0.809
sess_04777,usr_0465,organic,17,6,True,cellular,103.5,1,7.9,False,False,browse,True,0.8651
sess_04778,usr_1973,push_notification,22,0,False,wifi,19.3,4,123.6,True,False,act,True,0.832
sess_04779,usr_1962,organic,20,1,False,wifi,285.3,2,4.4,True,False,browse,True,0.8549
sess_04780,usr_1963,organic,13,3,False,wifi,86.7,1,3.8,True,False,browse,False,0.5017
sess_04781,usr_0864,organic,20,5,True,cellular,55.2,3,3.9,False,False,act,True,0.8102
sess_04782,usr_2420,organic,23,2,False,cellular,333.8,1,3.6,True,False,browse,False,0.5272
sess_04783,usr_0661,widget,19,1,False,wifi,72.6,2,7.1,False,False,act,True,0.8661
sess_04784,usr_1684,push_notification,22,2,False,cellular,42.4,2,2.0,True,False,act,True,0.8197
sess_04785,usr_0092,widget,20,1,False,wifi,125.8,2,5.8,True,False,browse,False,0.4363
sess_04786,usr_0999,push_notification,8,5,True,wifi,275.0,1,52.3,True,False,browse,True,0.7532
sess_04787,usr_0177,organic,11,6,True,cellular,223.1,4,58.7,True,False,browse,False,0.3607
sess_04788,usr_0524,organic,16,3,False,wifi,116.4,2,11.5,False,False,act,True,0.7351
sess_04789,usr_2350,push_notification,8,5,True,wifi,144.2,2,15.3,False,False,act,False,0.5241
sess_04790,usr_2427,organic,19,1,False,wifi,290.7,1,10.9,False,False,browse,False,0.2973
sess_04791,usr_0660,organic,19,3,False,wifi,155.9,1,8.5,False,False,act,True,0.8319
sess_04792,usr_0552,push_notification,2,5,True,wifi,47.2,4,11.4,False,True,act,True,0.6813
sess_04793,usr_2100,organic,13,5,True,wifi,272.8,1,35.0,True,False,browse,False,0.4963
sess_04794,usr_0161,push_notification,22,6,True,cellular,56.6,2,46.7,True,False,act,True,0.7789
sess_04795,usr_2345,widget,11,1,False,wifi,328.0,1,10.1,False,False,browse,False,0.2555
sess_04796,usr_0602,widget,17,5,True,cellular,260.7,1,13.4,True,False,browse,False,0.2672
sess_04797,usr_0230,push_notification,15,1,False,wifi,380.6,2,10.5,False,False,browse,True,0.5975
sess_04798,usr_0682,widget,9,3,False,cellular,306.1,1,6.0,True,False,browse,False,0.5498
sess_04799,usr_1058,push_notification,14,0,False,cellular,70.4,2,26.9,True,False,act,True,0.8328
sess_04800,usr_0738,organic,9,0,False,cellular,233.8,2,13.6,True,False,act,False,0.508
sess_04801,usr_2117,push_notification,14,4,False,wifi,122.4,3,22.9,False,False,act,True,0.7947
sess_04802,usr_1661,organic,8,0,False,cellular,99.7,1,12.8,False,True,act,True,0.5772
sess_04803,usr_2455,organic,15,6,True,wifi,251.1,1,2.6,True,False,browse,True,0.6656
sess_04804,usr_2309,organic,7,4,False,cellular,348.4,1,18.7,False,False,browse,True,0.8536
sess_04805,usr_0077,push_notification,18,5,True,cellular,106.6,2,14.9,True,False,act,False,0.5452
sess_04806,usr_1162,organic,8,0,False,wifi,224.1,2,4.1,False,True,browse,True,0.6385
sess_04807,usr_0352,organic,2,6,True,wifi,242.9,1,23.1,False,False,browse,False,0.4645
sess_04808,usr_0888,widget,7,2,False,cellular,411.0,2,0.9,True,True,browse,False,0.488
sess_04809,usr_1840,push_notification,23,0,False,cellular,77.9,3,1.6,True,False,act,True,0.6448
sess_04810,usr_2485,organic,11,6,True,cellular,136.3,2,26.1,False,False,browse,False,0.4783
sess_04811,usr_1931,organic,7,1,False,cellular,169.6,1,6.6,False,False,act,False,0.447
sess_04812,usr_1973,widget,16,2,False,cellular,415.3,1,53.9,False,False,browse,False,0.4797
sess_04813,usr_0699,organic,16,5,True,cellular,415.6,1,13.5,False,False,browse,False,0.4455
sess_04814,usr_0899,organic,18,4,False,wifi,233.7,2,5.9,True,False,browse,False,0.3195
sess_04815,usr_1683,organic,5,4,False,cellular,244.9,1,13.3,False,False,browse,False,0.4708
sess_04816,usr_2462,organic,23,3,False,wifi,99.2,2,69.9,True,True,act,True,0.869
sess_04817,usr_0585,organic,20,6,True,wifi,67.0,2,9.6,True,False,act,True,0.8535
sess_04818,usr_2387,push_notification,17,6,True,wifi,171.1,4,4.5,False,True,act,True,0.8798
sess_04819,usr_0745,organic,19,5,True,cellular,351.9,2,24.3,False,False,browse,False,0.5514
sess_04820,usr_2093,push_notification,8,0,False,cellular,339.7,2,21.7,True,True,browse,False,0.4931
sess_04821,usr_1084,push_notification,8,1,False,wifi,105.5,2,1.9,True,False,act,False,0.6012
sess_04822,usr_0687,widget,13,1,False,cellular,153.2,2,2.5,True,False,browse,False,0.2777
sess_04823,usr_1404,widget,23,0,False,wifi,323.4,5,30.3,False,False,browse,False,0.2786
sess_04824,usr_1858,organic,15,0,False,wifi,295.8,1,3.9,True,False,browse,False,0.377
sess_04825,usr_2444,widget,18,4,False,cellular,351.2,2,168.0,True,False,browse,False,0.3792
sess_04826,usr_2420,widget,6,3,False,cellular,165.5,3,2.7,False,False,browse,False,0.5421
sess_04827,usr_0282,push_notification,17,6,True,wifi,145.1,2,29.1,False,False,act,True,0.6225
sess_04828,usr_0942,organic,13,3,False,wifi,155.2,5,3.8,True,False,act,False,0.4915
sess_04829,usr_1550,widget,16,1,False,wifi,185.9,2,29.3,True,False,browse,False,0.4841
sess_04830,usr_1579,widget,20,0,False,wifi,196.8,3,4.2,False,False,browse,False,0.2777
sess_04831,usr_0542,push_notification,12,3,False,wifi,165.8,2,3.3,True,False,act,True,0.5609
sess_04832,usr_0445,organic,8,1,False,wifi,293.9,3,12.0,True,False,browse,False,0.3201
sess_04833,usr_0068,push_notification,19,4,False,wifi,114.1,3,8.4,True,False,act,False,0.5546
sess_04834,usr_0829,organic,19,0,False,wifi,129.5,1,8.6,False,False,browse,False,0.561
sess_04835,usr_2142,organic,21,3,False,cellular,179.5,3,3.4,False,True,browse,True,0.8331
sess_04836,usr_2066,widget,20,0,False,wifi,75.1,1,7.4,True,False,act,False,0.5327
sess_04837,usr_1720,widget,18,4,False,wifi,139.2,2,17.8,True,False,act,False,0.3585
sess_04838,usr_0613,push_notification,12,3,False,wifi,206.7,5,168.0,False,False,browse,False,0.5313
sess_04839,usr_2481,widget,20,0,False,cellular,134.0,3,10.6,True,False,act,True,0.8734
sess_04840,usr_0395,organic,20,2,False,wifi,103.2,4,3.8,False,False,act,True,0.8169
sess_04841,usr_0727,organic,18,6,True,wifi,187.4,2,35.4,True,True,act,False,0.3415
sess_04842,usr_1950,push_notification,6,5,True,wifi,212.3,4,11.2,True,False,browse,False,0.5467
sess_04843,usr_2457,widget,17,5,True,cellular,302.9,2,13.6,True,False,browse,False,0.2778
sess_04844,usr_0160,push_notification,15,2,False,wifi,30.4,4,4.1,False,False,act,True,0.7966
sess_04845,usr_2177,organic,16,5,True,wifi,249.8,1,1.2,False,False,browse,True,0.6673
sess_04846,usr_2062,widget,13,3,False,wifi,315.5,2,1.2,True,False,browse,False,0.5296
sess_04847,usr_0482,push_notification,11,0,False,cellular,109.2,2,6.2,True,False,act,True,0.8252
sess_04848,usr_0382,push_notification,20,0,False,cellular,127.3,2,17.5,False,False,act,True,0.6459
sess_04849,usr_1976,organic,20,6,True,cellular,432.2,1,5.0,True,False,browse,False,0.5889
sess_04850,usr_0534,organic,10,2,False,cellular,167.0,2,8.3,False,False,browse,False,0.3068
sess_04851,usr_2472,widget,12,5,True,wifi,161.2,2,4.5,True,True,act,True,0.8303
sess_04852,usr_2209,widget,19,6,True,cellular,314.9,1,2.7,True,False,browse,False,0.5572
sess_04853,usr_0005,widget,17,1,False,wifi,335.3,1,36.6,True,False,browse,False,0.2795
sess_04854,usr_1768,widget,18,4,False,wifi,124.9,2,20.2,False,False,act,True,0.8061
sess_04855,usr_2139,organic,20,6,True,cellular,161.5,4,4.3,False,False,act,False,0.4939
sess_04856,usr_1724,organic,9,2,False,wifi,105.8,2,12.8,False,False,act,True,0.624
sess_04857,usr_1518,organic,15,2,False,cellular,105.5,4,3.2,False,False,act,True,0.6036
sess_04858,usr_0178,organic,18,2,False,wifi,128.6,2,8.0,False,True,act,True,0.7923
sess_04859,usr_2171,widget,14,6,True,cellular,250.9,1,19.1,False,False,browse,False,0.2746
sess_04860,usr_1758,push_notification,10,2,False,wifi,226.7,3,8.0,False,False,browse,False,0.5017
sess_04861,usr_0940,push_notification,2,1,False,wifi,67.7,2,5.2,False,True,act,False,0.2342
sess_04862,usr_1975,widget,22,6,True,wifi,162.7,3,8.7,True,False,act,True,0.8715
sess_04863,usr_1562,widget,22,6,True,cellular,246.2,2,17.6,False,False,browse,False,0.5014
sess_04864,usr_1436,push_notification,19,0,False,wifi,73.3,2,8.0,False,False,act,True,0.8231
sess_04865,usr_2413,organic,12,5,True,cellular,282.8,1,80.3,True,False,browse,False,0.4847
sess_04866,usr_2360,push_notification,20,4,False,wifi,191.5,2,22.2,False,False,browse,False,0.2557
sess_04867,usr_0401,organic,2,2,False,cellular,367.6,5,76.2,False,False,browse,True,0.5133
sess_04868,usr_1743,push_notification,23,2,False,wifi,39.9,3,82.0,True,False,act,True,0.7367
sess_04869,usr_0549,widget,19,1,False,cellular,131.7,2,8.0,True,True,act,True,0.8856
sess_04870,usr_1043,widget,11,0,False,wifi,386.0,2,18.6,False,False,browse,False,0.387
sess_04871,usr_1955,push_notification,13,1,False,wifi,101.6,2,2.6,True,False,act,True,0.807
sess_04872,usr_0953,organic,6,5,True,wifi,285.0,1,7.3,False,False,browse,False,0.2904
sess_04873,usr_0344,push_notification,23,1,False,cellular,137.0,3,114.5,False,False,act,True,0.6271
sess_04874,usr_1161,widget,22,4,False,cellular,282.9,1,32.3,True,False,browse,True,0.7865
sess_04875,usr_2451,widget,19,4,False,wifi,241.8,1,3.0,False,False,browse,False,0.3212
sess_04876,usr_2228,push_notification,8,2,False,cellular,45.5,2,5.1,True,True,act,True,0.5923
sess_04877,usr_1674,organic,12,0,False,cellular,144.5,3,10.5,True,False,act,True,0.7529
sess_04878,usr_1056,organic,6,3,False,wifi,225.3,1,8.2,True,True,browse,False,0.4337
sess_04879,usr_0775,push_notification,13,0,False,wifi,170.3,1,74.0,False,False,browse,False,0.5201
sess_04880,usr_0023,organic,2,0,False,wifi,222.6,1,26.1,False,False,browse,True,0.6624
sess_04881,usr_0030,push_notification,7,4,False,wifi,297.9,1,75.4,True,False,browse,False,0.2642
sess_04882,usr_2368,organic,6,1,False,cellular,71.5,3,47.0,False,False,act,True,0.6025
sess_04883,usr_2141,push_notification,14,4,False,cellular,217.9,1,7.0,False,False,browse,True,0.6305
sess_04884,usr_0483,organic,21,1,False,wifi,192.1,3,4.2,False,False,browse,False,0.2826
sess_04885,usr_2129,organic,23,6,True,cellular,316.7,2,7.5,True,False,browse,True,0.8486
sess_04886,usr_0030,push_notification,20,5,True,cellular,181.0,3,7.6,True,False,act,False,0.4518
sess_04887,usr_1537,push_notification,17,6,True,cellular,109.3,3,78.0,False,False,act,True,0.5843
sess_04888,usr_0842,widget,19,1,False,cellular,304.3,1,62.9,False,False,browse,False,0.4505
sess_04889,usr_1294,push_notification,6,2,False,wifi,136.9,1,3.0,False,False,act,False,0.4743
sess_04890,usr_1675,push_notification,14,5,True,cellular,73.5,2,10.8,False,False,act,False,0.3563
sess_04891,usr_1484,push_notification,12,6,True,wifi,154.9,2,18.2,True,False,act,True,0.568
sess_04892,usr_0437,organic,18,3,False,cellular,370.8,1,9.0,False,False,browse,False,0.5148
sess_04893,usr_0634,push_notification,14,0,False,cellular,99.5,2,16.1,False,False,act,True,0.8409
sess_04894,usr_1746,push_notification,14,3,False,wifi,106.2,1,1.1,False,False,act,True,0.803
sess_04895,usr_2398,push_notification,18,3,False,wifi,120.0,1,73.4,True,False,act,False,0.5036
sess_04896,usr_1039,organic,10,6,True,cellular,201.0,1,23.6,False,False,browse,False,0.3128
sess_04897,usr_1071,organic,11,5,True,wifi,263.4,1,14.3,False,False,browse,False,0.3353
sess_04898,usr_2196,push_notification,19,4,False,cellular,340.2,2,4.6,True,False,browse,False,0.4925
sess_04899,usr_1735,organic,20,1,False,cellular,435.4,2,12.1,True,True,browse,False,0.5132
sess_04900,usr_2313,organic,17,2,False,wifi,318.8,1,91.6,False,True,browse,True,0.6741
sess_04901,usr_1498,organic,16,1,False,wifi,198.0,1,4.5,False,False,browse,False,0.277
sess_04902,usr_1129,push_notification,8,1,False,cellular,380.8,1,6.4,False,True,browse,False,0.546
sess_04903,usr_1628,organic,10,0,False,wifi,197.1,1,49.6,False,False,browse,False,0.288
sess_04904,usr_0835,organic,12,4,False,wifi,306.0,1,37.2,True,True,browse,False,0.607
sess_04905,usr_1693,push_notification,20,1,False,wifi,223.4,3,16.9,False,False,act,False,0.3602
sess_04906,usr_2262,organic,5,6,True,wifi,386.4,4,10.2,False,False,browse,False,0.4945
sess_04907,usr_2284,push_notification,8,3,False,cellular,117.9,2,10.1,False,False,act,True,0.8782
sess_04908,usr_1977,organic,21,1,False,cellular,205.8,1,10.2,True,False,browse,False,0.5384
sess_04909,usr_0733,widget,19,5,True,cellular,335.1,2,10.8,False,False,browse,False,0.452
sess_04910,usr_1517,organic,18,2,False,wifi,332.1,1,18.1,False,False,browse,False,0.5953
sess_04911,usr_2291,widget,21,1,False,wifi,331.4,2,0.2,False,False,browse,False,0.3357
sess_04912,usr_2273,widget,16,6,True,wifi,446.5,3,53.0,False,False,browse,True,0.8118
sess_04913,usr_1982,push_notification,21,6,True,cellular,409.2,3,6.3,True,False,browse,True,0.6341
sess_04914,usr_1040,organic,21,5,True,wifi,138.2,5,11.3,False,False,act,True,0.7926
sess_04915,usr_1257,organic,10,0,False,wifi,208.5,1,4.7,False,False,browse,True,0.5468
sess_04916,usr_2367,push_notification,15,4,False,cellular,214.2,2,19.3,True,False,browse,False,0.2334
sess_04917,usr_1411,organic,16,6,True,wifi,230.3,1,29.5,True,False,browse,False,0.532
sess_04918,usr_1631,widget,8,3,False,cellular,225.8,2,9.2,True,False,browse,False,0.2847
sess_04919,usr_0566,organic,9,1,False,cellular,291.6,2,2.7,True,False,browse,True,0.808
sess_04920,usr_0488,push_notification,15,2,False,wifi,318.1,1,10.5,True,False,browse,False,0.3085
sess_04921,usr_0942,widget,11,2,False,wifi,290.2,2,6.6,True,False,browse,False,0.283
sess_04922,usr_1830,push_notification,13,3,False,wifi,148.4,1,5.6,False,False,act,False,0.3079
sess_04923,usr_0663,push_notification,13,5,True,cellular,258.2,4,168.0,False,False,browse,False,0.3102
sess_04924,usr_0411,widget,19,5,True,cellular,186.5,3,6.0,False,True,browse,False,0.3736
sess_04925,usr_0879,organic,17,5,True,cellular,248.8,3,5.9,True,False,browse,False,0.5478
sess_04926,usr_2083,organic,14,5,True,wifi,66.2,1,41.4,True,False,act,False,0.5707
sess_04927,usr_1641,push_notification,21,6,True,wifi,159.1,2,13.3,True,False,act,False,0.296
sess_04928,usr_1387,organic,13,5,True,cellular,221.6,2,19.7,False,False,browse,True,0.5617
sess_04929,usr_2256,push_notification,16,2,False,wifi,154.3,2,5.4,False,False,act,True,0.6287
sess_04930,usr_0214,organic,16,4,False,wifi,172.9,2,3.1,True,False,act,True,0.8124
sess_04931,usr_0659,push_notification,19,2,False,wifi,151.7,2,4.6,False,True,act,True,0.8431
sess_04932,usr_1594,widget,7,4,False,wifi,217.8,1,4.6,False,False,browse,False,0.3408
sess_04933,usr_0022,push_notification,20,5,True,cellular,135.4,2,9.9,True,False,act,True,0.7995
sess_04934,usr_0374,push_notification,18,4,False,cellular,112.9,1,1.2,True,False,act,False,0.5076
sess_04935,usr_0596,widget,20,6,True,wifi,213.7,2,1.5,False,False,act,True,0.6982
sess_04936,usr_1932,organic,13,1,False,wifi,321.3,2,6.4,False,False,browse,False,0.2496
sess_04937,usr_2459,push_notification,15,4,False,wifi,172.3,2,25.6,False,False,browse,True,0.8111
sess_04938,usr_1784,push_notification,10,2,False,cellular,393.6,4,19.5,True,False,browse,True,0.6167
sess_04939,usr_0362,organic,17,2,False,wifi,415.8,4,4.4,False,True,browse,True,0.8427
sess_04940,usr_0263,push_notification,8,5,True,wifi,87.4,3,23.0,False,False,act,True,0.796
sess_04941,usr_1078,widget,7,5,True,wifi,102.5,4,3.7,False,False,act,True,0.7421
sess_04942,usr_0909,push_notification,20,5,True,wifi,100.5,2,15.5,False,False,act,True,0.6072
sess_04943,usr_1519,push_notification,9,4,False,wifi,198.8,1,49.1,False,True,browse,False,0.2872
sess_04944,usr_0328,push_notification,14,6,True,wifi,80.0,5,18.5,False,True,act,False,0.4584
sess_04945,usr_2495,organic,20,3,False,wifi,96.2,2,10.4,False,False,act,False,0.5257
sess_04946,usr_0155,push_notification,7,4,False,wifi,128.9,2,9.9,False,False,browse,False,0.494
sess_04947,usr_1575,organic,20,3,False,cellular,214.7,1,1.5,False,False,browse,True,0.8701
sess_04948,usr_1642,widget,9,2,False,wifi,110.6,5,17.4,False,False,act,False,0.5206
sess_04949,usr_2135,organic,10,3,False,wifi,259.2,3,4.0,False,False,browse,False,0.5426
sess_04950,usr_1174,organic,17,6,True,wifi,219.2,2,3.2,False,False,browse,False,0.2637
sess_04951,usr_2448,organic,8,5,True,wifi,332.4,4,9.8,False,False,browse,False,0.2619
sess_04952,usr_0236,organic,20,3,False,cellular,241.0,1,16.2,False,False,browse,True,0.5985
sess_04953,usr_0718,push_notification,7,5,True,cellular,328.6,3,37.6,True,True,browse,True,0.5574
sess_04954,usr_2025,widget,15,4,False,wifi,168.2,1,32.2,False,False,browse,False,0.327
sess_04955,usr_1799,push_notification,12,4,False,wifi,139.1,2,0.8,False,True,act,True,0.845
sess_04956,usr_0044,widget,19,0,False,wifi,387.6,1,78.8,False,False,browse,False,0.5118
sess_04957,usr_0827,organic,16,5,True,cellular,411.8,1,15.7,False,False,browse,False,0.4924
sess_04958,usr_2123,push_notification,15,4,False,cellular,302.3,2,5.6,False,True,browse,False,0.2848
sess_04959,usr_1172,organic,16,0,False,cellular,93.8,2,13.4,False,False,act,True,0.8146
sess_04960,usr_0798,push_notification,18,0,False,wifi,129.2,2,20.6,True,False,act,True,0.5691
sess_04961,usr_0138,organic,13,1,False,cellular,278.6,1,8.7,True,False,browse,False,0.4389
sess_04962,usr_2456,push_notification,17,4,False,cellular,146.4,3,1.2,True,False,act,True,0.8714
sess_04963,usr_2092,organic,14,6,True,cellular,395.7,1,19.4,False,False,browse,False,0.5042
sess_04964,usr_2113,push_notification,15,0,False,wifi,108.6,2,125.7,True,False,act,True,0.8544
sess_04965,usr_0949,widget,20,5,True,wifi,196.3,3,8.8,False,False,browse,False,0.4976
sess_04966,usr_0695,organic,11,1,False,wifi,415.7,2,11.3,False,False,browse,False,0.523
sess_04967,usr_0148,push_notification,15,3,False,wifi,112.7,5,9.1,True,False,act,True,0.8166
sess_04968,usr_1474,widget,21,1,False,wifi,217.3,1,17.7,True,False,browse,False,0.2919
sess_04969,usr_0980,widget,14,5,True,cellular,119.9,4,37.8,False,False,act,False,0.5668
sess_04970,usr_0002,push_notification,9,5,True,wifi,93.8,3,7.8,False,False,act,True,0.7327
sess_04971,usr_0645,widget,21,1,False,cellular,433.1,1,4.2,True,False,browse,False,0.5158
sess_04972,usr_0356,organic,20,3,False,wifi,78.0,3,2.5,True,False,act,True,0.7819
sess_04973,usr_1131,organic,18,2,False,wifi,186.2,2,72.2,False,False,browse,False,0.3579
sess_04974,usr_1637,organic,22,3,False,wifi,205.9,1,14.9,False,False,browse,False,0.2787
sess_04975,usr_1447,widget,7,3,False,wifi,257.7,1,6.1,False,False,browse,True,0.7803
sess_04976,usr_1619,organic,19,6,True,cellular,94.5,3,20.4,False,False,act,True,0.6555
sess_04977,usr_1661,widget,18,1,False,wifi,115.3,1,143.1,True,False,act,True,0.8433
sess_04978,usr_2401,organic,22,4,False,wifi,191.8,3,15.1,True,False,browse,False,0.3049
sess_04979,usr_0821,organic,19,0,False,wifi,276.5,3,3.9,True,False,browse,False,0.2904
sess_04980,usr_2121,widget,12,6,True,cellular,366.2,1,59.4,False,False,browse,False,0.5197
sess_04981,usr_0063,widget,15,4,False,wifi,95.6,1,8.3,True,False,act,False,0.542
sess_04982,usr_0282,push_notification,21,1,False,wifi,160.5,3,6.9,True,True,act,True,0.7433
sess_04983,usr_0370,widget,21,4,False,wifi,94.6,2,5.6,False,False,act,True,0.5445
sess_04984,usr_2252,push_notification,18,5,True,wifi,144.6,3,27.2,False,False,act,True,0.7442
sess_04985,usr_1166,organic,19,4,False,cellular,445.2,1,32.0,False,False,browse,False,0.303
sess_04986,usr_2291,organic,3,4,False,wifi,275.5,1,6.0,True,True,browse,False,0.4685
sess_04987,usr_2388,organic,6,0,False,wifi,230.3,1,1.2,False,False,browse,False,0.5702
sess_04988,usr_1426,organic,20,4,False,wifi,340.1,1,12.0,False,False,browse,False,0.3246
sess_04989,usr_1424,push_notification,21,3,False,cellular,94.1,1,4.8,False,False,act,True,0.8127
sess_04990,usr_1133,widget,21,5,True,wifi,45.6,3,47.1,False,True,act,True,0.8429
sess_04991,usr_0927,widget,15,5,True,cellular,133.4,3,44.6,False,False,act,False,0.5275
sess_04992,usr_2484,push_notification,18,6,True,wifi,100.3,2,3.2,False,False,act,False,0.385
sess_04993,usr_0797,organic,13,0,False,wifi,213.5,1,12.2,False,False,browse,True,0.8513
sess_04994,usr_1863,organic,16,5,True,wifi,337.5,1,13.0,False,False,browse,True,0.8324
sess_04995,usr_1655,organic,10,0,False,wifi,422.0,2,36.1,False,False,browse,False,0.3012
sess_04996,usr_2355,organic,13,4,False,wifi,148.0,2,74.2,False,False,browse,False,0.3938
sess_04997,usr_0020,organic,19,3,False,wifi,88.5,2,8.8,False,False,act,False,0.4835
sess_04998,usr_1070,organic,19,1,False,wifi,81.6,2,7.2,True,True,act,True,0.6497
sess_04999,usr_0717,push_notification,9,5,True,wifi,167.6,1,9.1,False,False,act,True,0.8523
sess_05000,usr_1668,widget,13,0,False,cellular,392.0,2,2.8,False,False,browse,False,0.2859
sess_05001,usr_2074,organic,19,0,False,wifi,376.9,2,23.1,False,False,browse,False,0.3252
sess_05002,usr_0437,organic,6,4,False,wifi,329.6,1,3.8,False,True,browse,False,0.2251
sess_05003,usr_2289,widget,9,0,False,wifi,130.3,5,18.8,False,False,act,True,0.7869
sess_05004,usr_0297,organic,22,6,True,wifi,410.0,2,4.4,False,False,browse,False,0.4754
sess_05005,usr_2061,organic,16,5,True,cellular,38.8,3,21.1,False,False,act,False,0.4935
sess_05006,usr_1206,organic,8,2,False,wifi,478.3,4,26.0,False,False,browse,False,0.3264
sess_05007,usr_1393,organic,23,1,False,wifi,280.2,1,91.2,True,False,browse,False,0.5831
sess_05008,usr_0480,push_notification,6,3,False,cellular,346.5,1,48.0,False,False,browse,False,0.2938
sess_05009,usr_2103,push_notification,18,2,False,wifi,109.0,3,6.7,True,False,act,True,0.8391
sess_05010,usr_1056,widget,13,4,False,wifi,145.9,3,107.8,False,False,act,True,0.759
sess_05011,usr_2204,organic,23,0,False,wifi,180.7,1,16.4,False,False,browse,False,0.3105
sess_05012,usr_2355,widget,0,5,True,cellular,274.5,3,39.9,False,False,browse,False,0.3384
sess_05013,usr_1025,organic,13,0,False,cellular,391.4,1,7.2,False,False,browse,False,0.2578
sess_05014,usr_1814,organic,8,0,False,cellular,283.8,1,2.5,False,False,browse,False,0.333
sess_05015,usr_1545,push_notification,18,2,False,wifi,371.2,1,45.2,True,False,browse,True,0.5872
sess_05016,usr_2307,push_notification,14,6,True,cellular,112.8,2,26.3,False,False,act,False,0.5736
sess_05017,usr_1981,push_notification,13,5,True,wifi,94.3,2,27.3,False,False,act,False,0.5078
sess_05018,usr_0997,organic,8,5,True,wifi,366.5,1,17.3,False,False,browse,False,0.4978
sess_05019,usr_1392,organic,9,4,False,wifi,202.2,1,79.6,True,False,browse,False,0.523
sess_05020,usr_1880,organic,1,0,False,wifi,98.2,2,16.5,False,False,act,True,0.6201
sess_05021,usr_1888,organic,2,5,True,cellular,377.2,2,10.3,True,False,browse,False,0.527
sess_05022,usr_2404,push_notification,7,4,False,cellular,205.1,1,55.0,False,False,browse,True,0.7653
sess_05023,usr_0113,push_notification,14,2,False,cellular,119.1,2,2.3,True,False,act,True,0.6173
sess_05024,usr_1975,organic,13,5,True,cellular,106.8,2,7.9,True,False,act,True,0.8649
sess_05025,usr_0477,push_notification,17,4,False,cellular,130.7,2,1.7,True,False,act,False,0.518
sess_05026,usr_1057,widget,16,4,False,wifi,360.9,1,57.0,True,True,browse,False,0.5685
sess_05027,usr_0277,push_notification,20,0,False,wifi,359.7,1,25.8,False,False,browse,False,0.2708
sess_05028,usr_1568,organic,21,0,False,cellular,185.7,2,4.1,False,True,browse,True,0.7464
sess_05029,usr_0903,widget,8,4,False,wifi,269.6,3,27.3,False,False,browse,True,0.6361
sess_05030,usr_0942,organic,18,1,False,wifi,131.2,1,4.0,True,False,act,False,0.5019
sess_05031,usr_1294,organic,5,4,False,wifi,321.1,1,7.7,True,False,browse,False,0.2518
sess_05032,usr_1690,organic,18,3,False,wifi,457.7,2,3.5,False,False,browse,False,0.5968
sess_05033,usr_1447,push_notification,7,6,True,cellular,84.7,2,168.0,False,False,act,False,0.2594
sess_05034,usr_2116,widget,9,6,True,cellular,145.4,2,80.0,True,False,act,True,0.7292
sess_05035,usr_2195,organic,20,5,True,wifi,438.5,3,6.5,False,False,browse,False,0.5785
sess_05036,usr_0040,push_notification,16,0,False,wifi,173.6,2,6.0,True,False,act,True,0.5697
sess_05037,usr_1079,organic,16,4,False,cellular,326.4,1,37.4,False,False,browse,False,0.5284
sess_05038,usr_1017,organic,10,0,False,cellular,66.9,2,92.3,False,False,act,False,0.5429
sess_05039,usr_1177,push_notification,22,3,False,cellular,106.3,3,40.0,True,False,act,True,0.8214
sess_05040,usr_0381,widget,16,6,True,wifi,25.5,5,62.8,False,False,act,False,0.5208
sess_05041,usr_1635,organic,18,3,False,cellular,312.6,2,29.6,True,False,browse,True,0.6287
sess_05042,usr_1401,organic,21,6,True,wifi,74.5,2,16.9,False,False,act,False,0.4939
sess_05043,usr_0312,widget,6,3,False,wifi,162.1,1,2.8,False,False,browse,False,0.5396
sess_05044,usr_2272,organic,16,0,False,wifi,239.2,2,20.5,False,False,browse,True,0.5758
sess_05045,usr_0732,organic,21,1,False,wifi,135.9,2,4.5,True,False,act,True,0.8711
sess_05046,usr_1952,push_notification,8,6,True,wifi,122.2,5,51.0,False,False,act,False,0.3124
sess_05047,usr_1286,widget,15,0,False,wifi,171.4,3,21.7,False,False,act,False,0.5495
sess_05048,usr_1449,push_notification,7,5,True,cellular,97.7,1,3.0,True,True,act,True,0.5686
sess_05049,usr_0896,push_notification,17,2,False,wifi,147.4,5,20.2,True,False,act,True,0.6021
sess_05050,usr_2350,push_notification,21,4,False,wifi,310.4,2,94.5,False,False,browse,False,0.4537
sess_05051,usr_1103,push_notification,12,0,False,wifi,380.4,2,11.4,False,True,browse,False,0.3651
sess_05052,usr_0749,organic,5,3,False,wifi,369.6,1,19.9,False,False,browse,False,0.5483
sess_05053,usr_0779,push_notification,21,5,True,cellular,105.5,2,8.9,False,False,act,True,0.6696
sess_05054,usr_2044,widget,6,1,False,wifi,168.7,3,23.9,True,False,act,True,0.5926
sess_05055,usr_0818,widget,12,6,True,cellular,124.8,2,5.0,True,False,act,True,0.8192
sess_05056,usr_0962,organic,19,6,True,wifi,315.4,1,168.0,True,False,browse,False,0.5329
sess_05057,usr_0992,widget,16,4,False,wifi,328.7,1,168.0,False,False,browse,False,0.2494
sess_05058,usr_1088,widget,16,0,False,wifi,277.7,3,3.9,True,False,browse,False,0.4626
sess_05059,usr_0847,organic,15,2,False,cellular,279.8,2,19.8,True,False,browse,False,0.4783
sess_05060,usr_0939,push_notification,14,2,False,cellular,387.3,2,37.0,True,False,browse,False,0.3242
sess_05061,usr_0831,organic,4,0,False,wifi,359.8,4,12.2,False,False,browse,True,0.5801
sess_05062,usr_1023,organic,16,1,False,cellular,244.8,1,5.2,False,False,browse,False,0.3259
sess_05063,usr_1459,organic,8,5,True,wifi,255.6,1,9.7,False,False,browse,True,0.8327
sess_05064,usr_0639,organic,18,2,False,wifi,265.5,1,14.1,False,True,browse,False,0.3982
sess_05065,usr_0437,organic,17,0,False,wifi,319.3,1,0.5,True,False,browse,False,0.5238
sess_05066,usr_0492,organic,14,1,False,cellular,382.9,1,28.7,True,False,browse,False,0.4901
sess_05067,usr_0322,widget,17,4,False,wifi,279.2,2,8.9,False,False,browse,True,0.6387
sess_05068,usr_2018,widget,6,3,False,cellular,111.4,2,40.5,False,False,act,True,0.5884
sess_05069,usr_0028,push_notification,8,4,False,wifi,211.2,1,17.5,False,False,browse,True,0.6062
sess_05070,usr_2218,widget,11,5,True,wifi,149.7,4,22.4,False,False,act,True,0.8677
sess_05071,usr_0174,organic,8,4,False,wifi,218.7,2,82.4,True,False,browse,False,0.5051
sess_05072,usr_1976,push_notification,20,1,False,wifi,159.4,2,2.7,False,False,act,False,0.5828
sess_05073,usr_1521,widget,17,2,False,cellular,306.2,2,168.0,False,False,browse,False,0.2703
sess_05074,usr_1292,push_notification,18,4,False,cellular,170.3,5,3.2,False,False,act,True,0.813
sess_05075,usr_2017,organic,12,4,False,wifi,202.0,1,5.4,True,False,browse,True,0.8103
sess_05076,usr_2354,widget,12,5,True,wifi,162.0,2,26.1,False,False,act,True,0.8264
sess_05077,usr_1126,push_notification,18,6,True,cellular,121.5,1,63.9,True,False,act,True,0.8464
sess_05078,usr_2011,push_notification,18,4,False,wifi,286.2,1,6.7,False,False,browse,False,0.4447
sess_05079,usr_0750,push_notification,12,2,False,cellular,125.4,4,52.2,True,True,act,True,0.6478
sess_05080,usr_2094,push_notification,6,0,False,wifi,206.9,1,24.4,False,False,browse,True,0.8185
sess_05081,usr_1148,organic,11,5,True,cellular,220.4,1,28.3,True,False,browse,False,0.4454
sess_05082,usr_1630,organic,7,1,False,cellular,158.9,4,168.0,True,False,act,False,0.4908
sess_05083,usr_0910,organic,20,6,True,wifi,330.4,2,14.5,False,False,browse,True,0.7527
sess_05084,usr_2363,organic,12,6,True,cellular,303.9,1,31.1,True,False,browse,False,0.5327
sess_05085,usr_0526,organic,21,1,False,wifi,358.8,2,93.7,True,False,browse,False,0.5084
sess_05086,usr_0222,widget,5,3,False,cellular,141.8,4,31.2,True,False,act,False,0.5137
sess_05087,usr_2154,push_notification,7,3,False,cellular,79.0,2,28.7,False,True,act,True,0.8106
sess_05088,usr_1734,push_notification,10,1,False,wifi,109.8,4,9.2,False,False,act,False,0.4872
sess_05089,usr_1960,push_notification,15,5,True,wifi,112.8,2,28.2,True,False,act,False,0.5309
sess_05090,usr_2215,organic,19,5,True,cellular,309.3,3,18.6,False,False,browse,False,0.2961
sess_05091,usr_0134,widget,8,0,False,wifi,54.7,3,30.3,False,True,act,False,0.33
sess_05092,usr_2059,organic,6,0,False,cellular,284.8,1,3.6,False,True,browse,False,0.4859
sess_05093,usr_1423,push_notification,21,5,True,wifi,135.3,3,5.1,False,False,act,False,0.5787
sess_05094,usr_1613,organic,9,3,False,wifi,229.9,1,3.3,True,False,browse,False,0.5736
sess_05095,usr_0716,organic,14,3,False,wifi,326.4,5,9.6,False,False,browse,True,0.7891
sess_05096,usr_1873,organic,20,3,False,cellular,376.5,2,53.3,False,True,browse,False,0.5713
sess_05097,usr_0494,push_notification,18,2,False,wifi,143.0,2,64.2,False,False,act,True,0.7899
sess_05098,usr_2123,organic,15,6,True,wifi,372.2,1,14.8,False,False,browse,False,0.3164
sess_05099,usr_1885,push_notification,9,3,False,wifi,157.1,1,67.9,False,False,browse,False,0.5574
sess_05100,usr_1293,organic,21,2,False,wifi,303.4,2,1.2,False,False,browse,False,0.5699
sess_05101,usr_0035,organic,19,6,True,cellular,85.9,4,15.2,True,False,act,True,0.6109
sess_05102,usr_0049,push_notification,11,4,False,wifi,94.8,2,4.9,False,False,act,True,0.8193
sess_05103,usr_0864,push_notification,10,5,True,cellular,181.7,3,10.1,False,False,browse,False,0.4527
sess_05104,usr_1555,widget,21,5,True,cellular,169.7,3,13.6,False,False,browse,False,0.505
sess_05105,usr_2380,organic,20,1,False,cellular,286.1,2,2.7,False,False,browse,False,0.5145
sess_05106,usr_0413,organic,12,0,False,cellular,187.9,2,4.9,True,False,browse,False,0.3407
sess_05107,usr_1333,push_notification,18,2,False,wifi,67.1,1,31.5,True,False,act,False,0.4984
sess_05108,usr_1482,organic,16,3,False,wifi,383.9,2,33.3,True,False,browse,True,0.5529
sess_05109,usr_1064,push_notification,20,4,False,wifi,146.3,2,69.2,False,True,act,True,0.9066
sess_05110,usr_0767,organic,18,3,False,cellular,72.6,3,59.3,True,False,act,True,0.7674
sess_05111,usr_2247,organic,22,6,True,cellular,369.7,1,26.7,False,False,browse,False,0.4854
sess_05112,usr_1077,push_notification,10,0,False,cellular,223.6,2,4.1,False,False,browse,False,0.3242
sess_05113,usr_0972,organic,20,2,False,cellular,319.8,4,11.8,False,True,browse,True,0.5772
sess_05114,usr_1104,push_notification,18,3,False,cellular,68.9,3,13.0,False,False,act,True,0.902
sess_05115,usr_1931,widget,14,0,False,wifi,171.2,2,16.2,False,False,act,True,0.5779
sess_05116,usr_1406,push_notification,13,4,False,wifi,95.7,4,22.8,False,False,act,True,0.7568
sess_05117,usr_1499,push_notification,20,6,True,cellular,382.9,2,75.3,False,False,browse,False,0.5257
sess_05118,usr_0754,widget,12,5,True,wifi,433.0,3,7.2,False,False,browse,False,0.2944
sess_05119,usr_2043,push_notification,8,1,False,wifi,88.7,2,6.8,False,False,act,True,0.891
sess_05120,usr_1737,push_notification,9,5,True,wifi,260.2,2,47.7,False,False,browse,True,0.7931
sess_05121,usr_0863,organic,6,2,False,wifi,369.5,5,31.9,False,False,browse,False,0.3734
sess_05122,usr_1717,organic,10,4,False,wifi,127.3,3,7.6,False,False,browse,True,0.7696
sess_05123,usr_1525,push_notification,15,4,False,wifi,121.3,3,168.0,False,False,act,False,0.5227
sess_05124,usr_1496,widget,19,6,True,wifi,407.7,3,20.8,False,False,browse,False,0.2942
sess_05125,usr_1641,organic,23,4,False,wifi,238.6,2,13.5,False,False,browse,False,0.2746
sess_05126,usr_1146,widget,16,2,False,wifi,108.0,4,34.3,False,True,act,True,0.8338
sess_05127,usr_1847,widget,7,6,True,cellular,143.0,3,56.1,False,False,act,True,0.8229
sess_05128,usr_0737,push_notification,8,2,False,cellular,146.4,1,168.0,True,False,act,False,0.4317
sess_05129,usr_2341,organic,6,5,True,wifi,152.5,3,3.2,False,False,act,True,0.7578
sess_05130,usr_0538,organic,16,6,True,wifi,180.2,3,7.4,True,False,browse,False,0.2229
sess_05131,usr_2359,widget,14,6,True,wifi,245.1,2,20.9,False,False,browse,False,0.3769
sess_05132,usr_0937,organic,17,0,False,cellular,204.9,1,7.3,False,False,browse,False,0.3284
sess_05133,usr_0410,widget,21,5,True,wifi,114.6,3,43.7,False,False,act,True,0.6114
sess_05134,usr_1106,organic,7,5,True,wifi,45.6,2,15.2,False,True,act,True,0.7946
sess_05135,usr_0966,organic,14,0,False,wifi,367.2,1,8.9,False,False,browse,False,0.3031
sess_05136,usr_2275,organic,18,4,False,wifi,41.3,4,18.3,False,False,act,True,0.6015
sess_05137,usr_1771,organic,13,5,True,wifi,333.5,2,50.8,True,False,browse,False,0.3469
sess_05138,usr_1561,organic,15,4,False,cellular,146.7,1,11.2,True,False,browse,False,0.3283
sess_05139,usr_0804,widget,22,6,True,wifi,153.7,3,5.5,True,False,act,False,0.3952
sess_05140,usr_0598,push_notification,9,0,False,wifi,198.0,1,30.7,False,False,act,True,0.593
sess_05141,usr_0613,organic,15,2,False,wifi,305.6,1,1.5,False,False,browse,False,0.5022
sess_05142,usr_1938,organic,23,5,True,wifi,256.2,2,7.8,False,False,browse,False,0.4681
sess_05143,usr_0040,push_notification,15,2,False,wifi,303.3,1,5.2,True,False,browse,False,0.2736
sess_05144,usr_0724,organic,9,1,False,wifi,159.4,1,1.5,True,True,browse,False,0.4901
sess_05145,usr_1727,organic,17,1,False,cellular,206.4,2,50.9,False,False,browse,False,0.491
sess_05146,usr_2047,push_notification,20,6,True,cellular,144.6,3,22.4,True,True,act,True,0.5517
sess_05147,usr_0551,widget,20,6,True,wifi,225.3,2,50.9,True,True,browse,True,0.8376
sess_05148,usr_2118,organic,11,2,False,wifi,114.9,3,12.9,True,False,act,True,0.7608
sess_05149,usr_2188,push_notification,11,6,True,wifi,110.7,2,4.4,False,False,act,True,0.843
sess_05150,usr_1294,organic,18,6,True,wifi,193.4,2,10.3,False,False,browse,False,0.2863
sess_05151,usr_1994,push_notification,11,3,False,wifi,99.1,2,29.5,False,False,act,True,0.8839
sess_05152,usr_1229,organic,21,6,True,wifi,101.6,2,6.6,False,True,act,True,0.8242
sess_05153,usr_1028,push_notification,22,0,False,cellular,153.4,3,77.4,True,False,act,True,0.7567
sess_05154,usr_2303,widget,21,0,False,wifi,104.7,2,6.6,False,False,act,False,0.3928
sess_05155,usr_2326,push_notification,17,3,False,wifi,180.0,2,10.1,True,False,browse,True,0.6362
sess_05156,usr_0196,push_notification,16,4,False,wifi,79.3,3,7.8,False,True,act,False,0.2957
sess_05157,usr_1632,widget,16,2,False,cellular,116.5,4,3.2,False,False,act,True,0.8829
sess_05158,usr_0406,widget,18,2,False,wifi,152.6,2,4.1,False,False,act,True,0.8414
sess_05159,usr_0670,widget,13,2,False,cellular,287.8,2,5.6,False,False,browse,True,0.6706
sess_05160,usr_0246,organic,18,3,False,wifi,307.4,2,12.5,True,False,browse,True,0.7701
sess_05161,usr_0883,organic,17,4,False,wifi,481.9,1,10.5,False,False,browse,True,0.8789
sess_05162,usr_1042,widget,10,6,True,cellular,328.9,1,24.1,False,False,browse,True,0.6689
sess_05163,usr_1952,push_notification,18,1,False,cellular,544.3,2,7.9,False,False,browse,False,0.3165
sess_05164,usr_0395,organic,10,3,False,wifi,194.4,1,18.3,True,False,browse,False,0.5458
sess_05165,usr_1843,push_notification,1,5,True,wifi,112.6,2,5.8,False,False,act,True,0.8338
sess_05166,usr_1371,push_notification,10,4,False,cellular,124.3,2,8.2,False,False,act,True,0.6056
sess_05167,usr_1065,push_notification,22,0,False,cellular,93.4,4,13.1,False,False,act,True,0.6713
sess_05168,usr_1479,organic,11,6,True,wifi,204.2,1,76.8,True,False,browse,True,0.7862
sess_05169,usr_1476,widget,13,5,True,cellular,194.2,1,37.0,False,False,browse,False,0.2624
sess_05170,usr_2296,push_notification,19,5,True,cellular,86.9,3,9.0,False,False,act,True,0.5896
sess_05171,usr_2284,push_notification,15,1,False,cellular,97.6,2,31.7,False,False,act,True,0.8054
sess_05172,usr_1056,push_notification,11,4,False,cellular,89.8,3,25.5,False,True,act,True,0.8336
sess_05173,usr_1410,push_notification,12,1,False,cellular,137.1,1,17.9,False,False,browse,False,0.4723
sess_05174,usr_0082,organic,7,2,False,wifi,332.5,1,4.0,False,False,browse,False,0.3111
sess_05175,usr_1687,push_notification,12,5,True,wifi,110.5,3,2.6,True,False,act,True,0.8713
sess_05176,usr_0497,push_notification,16,6,True,cellular,138.7,3,13.6,True,False,act,True,0.8648
sess_05177,usr_1439,push_notification,11,6,True,wifi,31.4,1,19.5,True,True,act,False,0.3078
sess_05178,usr_2481,push_notification,16,0,False,wifi,250.9,1,40.1,False,False,browse,False,0.3562
sess_05179,usr_0815,push_notification,19,4,False,cellular,115.3,4,24.1,False,False,act,True,0.8401
sess_05180,usr_2363,organic,12,1,False,wifi,177.8,1,10.6,False,False,browse,False,0.2498
sess_05181,usr_2359,push_notification,22,0,False,wifi,331.9,3,7.9,True,False,browse,False,0.3863
sess_05182,usr_2206,widget,4,5,True,wifi,93.8,1,18.3,False,False,browse,False,0.307
sess_05183,usr_0715,organic,18,6,True,cellular,317.1,2,28.7,True,False,browse,True,0.6727
sess_05184,usr_1166,push_notification,15,4,False,wifi,92.4,2,7.9,False,False,act,True,0.5787
sess_05185,usr_1455,push_notification,17,6,True,wifi,95.3,1,168.0,True,False,act,True,0.6841
sess_05186,usr_1332,push_notification,3,0,False,wifi,165.7,3,2.4,True,False,act,True,0.8712
sess_05187,usr_2091,push_notification,5,5,True,wifi,158.5,3,1.8,False,False,act,True,0.5758
sess_05188,usr_1997,push_notification,13,1,False,cellular,116.0,2,9.9,False,False,act,False,0.329
sess_05189,usr_1831,widget,20,1,False,wifi,135.8,5,3.8,False,False,act,True,0.7739
sess_05190,usr_0322,push_notification,5,0,False,cellular,61.8,2,5.5,False,False,act,True,0.8485
sess_05191,usr_1561,organic,22,0,False,cellular,294.7,2,52.6,False,False,browse,False,0.2976
sess_05192,usr_1174,widget,10,6,True,cellular,82.6,2,19.9,False,True,act,True,0.8764
sess_05193,usr_1900,organic,20,0,False,cellular,75.7,3,4.4,False,False,browse,True,0.7933
sess_05194,usr_0594,push_notification,15,6,True,wifi,286.2,2,27.2,True,False,browse,True,0.8612
sess_05195,usr_0687,push_notification,9,6,True,wifi,145.1,1,7.7,True,False,browse,False,0.282
sess_05196,usr_1382,push_notification,13,4,False,cellular,71.8,3,19.8,False,False,act,False,0.2511
sess_05197,usr_1728,organic,17,6,True,wifi,201.3,1,38.2,True,False,browse,False,0.3705
sess_05198,usr_2342,organic,8,2,False,wifi,60.3,2,16.1,False,False,act,False,0.4564
sess_05199,usr_1658,organic,19,2,False,cellular,416.1,2,7.0,True,False,browse,False,0.3704
sess_05200,usr_0293,push_notification,17,3,False,wifi,74.6,3,20.5,True,True,act,False,0.4839
sess_05201,usr_0325,push_notification,16,3,False,wifi,120.9,3,7.3,False,False,act,True,0.6196
sess_05202,usr_0664,widget,19,5,True,cellular,228.4,2,13.1,True,True,browse,False,0.334
sess_05203,usr_1408,widget,17,5,True,cellular,95.3,2,4.0,False,False,act,True,0.6797
sess_05204,usr_0935,push_notification,15,0,False,cellular,128.2,3,5.6,False,False,act,False,0.361
sess_05205,usr_1285,organic,13,0,False,cellular,149.6,2,6.7,True,True,browse,False,0.3174
sess_05206,usr_1298,widget,20,1,False,wifi,283.9,2,3.9,True,False,browse,False,0.4644
sess_05207,usr_1194,organic,12,3,False,wifi,170.6,2,11.6,False,False,browse,True,0.5987
sess_05208,usr_1096,push_notification,18,4,False,wifi,230.3,2,7.7,False,False,browse,False,0.5817
sess_05209,usr_2480,push_notification,23,1,False,wifi,107.9,1,14.3,False,False,act,True,0.668
sess_05210,usr_1620,organic,7,2,False,wifi,106.2,3,51.6,False,False,act,False,0.5598
sess_05211,usr_1112,widget,19,6,True,cellular,191.5,4,29.6,False,False,browse,True,0.6615
sess_05212,usr_1823,widget,4,4,False,wifi,133.1,2,3.2,False,True,act,True,0.6083
sess_05213,usr_1488,widget,13,0,False,cellular,263.6,2,9.7,True,False,browse,False,0.5645
sess_05214,usr_2405,push_notification,20,0,False,wifi,195.9,4,10.6,False,False,browse,False,0.5473
sess_05215,usr_2134,organic,10,4,False,wifi,341.9,1,5.0,True,False,browse,False,0.4981
sess_05216,usr_1845,organic,9,0,False,wifi,335.0,1,2.7,True,False,browse,False,0.3271
sess_05217,usr_1696,organic,15,6,True,wifi,393.6,1,12.5,False,True,browse,False,0.3003
sess_05218,usr_0686,organic,10,0,False,cellular,147.6,1,28.9,True,False,browse,False,0.5634
sess_05219,usr_0754,widget,19,3,False,wifi,344.4,1,13.2,False,False,browse,True,0.7575
sess_05220,usr_0095,organic,12,3,False,wifi,349.2,1,18.2,False,False,browse,False,0.3224
sess_05221,usr_0513,organic,9,0,False,cellular,136.7,2,6.4,False,False,act,True,0.6313
sess_05222,usr_0962,widget,14,2,False,wifi,232.8,4,15.0,False,False,browse,True,0.6079
sess_05223,usr_1031,organic,9,4,False,wifi,267.1,1,20.9,True,False,browse,False,0.4977
sess_05224,usr_0328,push_notification,9,3,False,wifi,130.4,2,4.1,False,False,act,True,0.6038
sess_05225,usr_0863,push_notification,8,2,False,wifi,225.5,1,4.3,True,False,browse,False,0.3078
sess_05226,usr_0684,organic,15,2,False,cellular,129.8,1,12.3,False,False,act,True,0.8206
sess_05227,usr_1627,push_notification,14,2,False,wifi,250.8,2,65.0,False,False,browse,False,0.3546
sess_05228,usr_0422,push_notification,19,0,False,wifi,79.6,2,30.2,False,False,act,True,0.8183
sess_05229,usr_0392,push_notification,19,5,True,cellular,159.9,2,5.6,False,False,act,True,0.7973
sess_05230,usr_0262,organic,12,5,True,cellular,304.7,1,20.6,True,False,browse,False,0.4938
sess_05231,usr_1939,organic,14,3,False,wifi,232.0,2,11.0,True,True,browse,False,0.4578
sess_05232,usr_2247,organic,6,2,False,wifi,195.5,1,19.4,False,False,browse,False,0.3292
sess_05233,usr_0221,organic,20,1,False,cellular,251.7,1,27.2,False,False,browse,False,0.5081
sess_05234,usr_0108,widget,16,1,False,cellular,77.4,2,8.8,True,True,act,True,0.853
sess_05235,usr_1627,organic,20,2,False,wifi,182.8,1,35.0,True,False,browse,False,0.3235
sess_05236,usr_2147,push_notification,23,2,False,cellular,201.7,4,0.9,False,False,act,True,0.7655
sess_05237,usr_0341,widget,22,6,True,wifi,153.9,3,23.5,True,False,act,True,0.8105
sess_05238,usr_0426,push_notification,18,3,False,wifi,129.9,2,34.7,False,True,act,True,0.8465
sess_05239,usr_1076,push_notification,4,5,True,wifi,104.1,4,4.1,False,False,act,True,0.8137
sess_05240,usr_0637,organic,23,1,False,cellular,86.0,2,23.5,False,False,act,False,0.3412
sess_05241,usr_0346,organic,2,3,False,cellular,441.0,2,17.4,False,False,browse,False,0.2486
sess_05242,usr_1597,organic,7,4,False,cellular,390.1,2,17.1,False,False,browse,False,0.5152
sess_05243,usr_1268,organic,18,1,False,cellular,164.6,2,61.1,False,False,browse,False,0.3206
sess_05244,usr_0940,organic,9,5,True,cellular,398.3,1,34.1,True,False,browse,False,0.3352
sess_05245,usr_1014,push_notification,15,0,False,cellular,67.5,2,1.2,True,True,act,True,0.8503
sess_05246,usr_1164,push_notification,6,5,True,wifi,66.0,1,2.7,False,True,act,False,0.535
sess_05247,usr_1816,push_notification,9,0,False,wifi,83.0,1,10.1,False,False,act,True,0.9019
sess_05248,usr_0518,push_notification,7,5,True,cellular,117.1,4,2.1,False,False,act,True,0.6064
sess_05249,usr_0538,organic,18,2,False,cellular,114.9,2,28.5,False,True,act,True,0.6306
sess_05250,usr_2158,push_notification,14,3,False,wifi,183.5,1,3.2,False,False,browse,False,0.5546
sess_05251,usr_0699,widget,19,3,False,cellular,463.5,3,44.5,True,False,browse,True,0.7738
sess_05252,usr_0118,organic,5,0,False,cellular,304.0,4,23.9,True,False,browse,False,0.5516
sess_05253,usr_0144,organic,12,1,False,cellular,355.4,1,20.7,False,False,browse,False,0.5672
sess_05254,usr_1462,widget,21,5,True,cellular,272.3,4,7.1,False,True,browse,False,0.5091
sess_05255,usr_1333,organic,19,5,True,wifi,111.7,3,4.5,False,False,act,True,0.7045
sess_05256,usr_1951,organic,16,1,False,wifi,265.7,1,14.2,False,False,browse,False,0.2329
sess_05257,usr_1914,push_notification,20,5,True,cellular,162.7,2,18.7,False,False,act,True,0.7869
sess_05258,usr_2215,push_notification,10,2,False,cellular,210.8,1,20.1,False,False,browse,False,0.5617
sess_05259,usr_1116,organic,9,1,False,cellular,51.0,2,31.1,False,True,act,True,0.7914
sess_05260,usr_2247,organic,18,0,False,wifi,283.9,1,10.5,True,True,browse,False,0.5042
sess_05261,usr_1823,widget,21,5,True,wifi,277.3,1,11.5,False,False,browse,False,0.5317
sess_05262,usr_0554,organic,0,5,True,cellular,283.4,2,58.2,True,False,browse,False,0.3014
sess_05263,usr_2209,organic,22,2,False,wifi,159.4,4,2.6,False,False,act,True,0.8128
sess_05264,usr_0726,organic,8,2,False,cellular,309.6,2,13.9,False,True,browse,False,0.3433
sess_05265,usr_2421,organic,21,4,False,wifi,123.4,1,15.3,True,False,browse,False,0.4913
sess_05266,usr_2448,push_notification,8,1,False,cellular,187.0,1,22.5,False,False,browse,True,0.7998
sess_05267,usr_1871,organic,19,1,False,wifi,273.4,1,37.5,True,False,browse,False,0.2424
sess_05268,usr_2311,organic,19,3,False,cellular,258.1,3,86.3,False,False,browse,False,0.321
sess_05269,usr_1782,widget,17,0,False,wifi,294.8,3,2.3,True,True,browse,False,0.327
sess_05270,usr_2145,organic,15,0,False,cellular,102.0,1,7.8,False,False,browse,False,0.4843
sess_05271,usr_2187,widget,18,1,False,cellular,123.3,2,2.9,False,False,act,True,0.5256
sess_05272,usr_1269,widget,14,1,False,wifi,119.2,2,0.9,False,True,act,True,0.7456
sess_05273,usr_1423,push_notification,19,5,True,cellular,118.9,3,4.0,False,False,act,False,0.5687
sess_05274,usr_1973,widget,17,6,True,cellular,337.1,2,7.6,True,True,browse,False,0.3675
sess_05275,usr_2211,push_notification,19,5,True,cellular,104.2,2,1.7,True,True,act,True,0.8641
sess_05276,usr_0931,push_notification,19,4,False,wifi,492.1,1,70.4,False,False,browse,True,0.764
sess_05277,usr_0367,organic,16,2,False,wifi,314.5,1,8.5,False,True,browse,False,0.3456
sess_05278,usr_1810,organic,20,2,False,wifi,187.1,4,14.1,False,False,browse,False,0.4969
sess_05279,usr_1262,organic,12,5,True,cellular,191.9,1,10.4,False,True,browse,False,0.3372
sess_05280,usr_1499,organic,18,6,True,wifi,309.5,2,3.4,False,False,browse,False,0.501
sess_05281,usr_1689,organic,10,6,True,cellular,368.2,1,8.3,False,False,browse,False,0.5374
sess_05282,usr_1065,organic,14,3,False,cellular,248.4,1,34.8,False,False,browse,False,0.5713
sess_05283,usr_0638,organic,22,6,True,cellular,263.0,2,4.9,False,False,browse,False,0.2908
sess_05284,usr_1244,push_notification,22,2,False,cellular,171.8,1,33.8,False,False,act,True,0.7799
sess_05285,usr_0044,push_notification,22,1,False,cellular,97.2,2,9.7,True,False,act,True,0.6502
sess_05286,usr_0001,widget,7,5,True,cellular,325.1,4,54.8,False,True,browse,False,0.3096
sess_05287,usr_2144,organic,16,6,True,wifi,302.8,2,15.3,False,False,browse,False,0.2847
sess_05288,usr_0559,push_notification,8,6,True,wifi,106.3,4,8.2,False,False,act,False,0.5213
sess_05289,usr_1409,organic,16,4,False,wifi,222.5,3,120.8,False,False,browse,False,0.5113
sess_05290,usr_1175,organic,13,4,False,wifi,116.2,2,8.5,True,False,act,True,0.8255
sess_05291,usr_1922,widget,9,2,False,wifi,315.1,1,9.3,True,False,browse,False,0.2695
sess_05292,usr_2192,widget,17,1,False,cellular,223.2,1,13.3,False,False,browse,False,0.5074
sess_05293,usr_0035,organic,8,6,True,cellular,264.6,1,2.2,False,False,browse,True,0.568
sess_05294,usr_2015,widget,20,5,True,cellular,280.8,1,5.7,True,False,browse,False,0.3557
sess_05295,usr_1955,push_notification,19,0,False,cellular,172.9,3,11.1,True,False,act,True,0.8834
sess_05296,usr_1228,push_notification,18,5,True,wifi,90.3,2,6.0,False,True,act,False,0.3271
sess_05297,usr_0038,push_notification,11,1,False,wifi,116.8,2,4.2,True,False,act,False,0.5709
sess_05298,usr_1764,organic,15,3,False,wifi,220.9,2,35.8,True,False,browse,False,0.3128
sess_05299,usr_1200,push_notification,17,3,False,wifi,242.4,2,25.0,True,False,browse,False,0.2385
sess_05300,usr_2446,organic,16,4,False,wifi,130.7,2,36.8,False,False,browse,False,0.3112
sess_05301,usr_0948,widget,8,2,False,cellular,158.3,1,24.9,False,False,act,True,0.807
sess_05302,usr_0030,widget,0,2,False,wifi,178.2,3,0.5,False,False,browse,False,0.5155
sess_05303,usr_2246,organic,21,6,True,cellular,204.8,1,7.3,False,False,browse,False,0.2789
sess_05304,usr_1531,push_notification,10,2,False,wifi,172.9,2,2.1,False,True,act,True,0.5892
sess_05305,usr_0773,widget,16,2,False,wifi,232.9,1,3.5,True,False,browse,False,0.363
sess_05306,usr_1687,push_notification,20,6,True,wifi,120.8,4,22.4,False,False,act,True,0.6329
sess_05307,usr_2297,organic,7,2,False,wifi,244.2,1,3.9,True,False,browse,False,0.5198
sess_05308,usr_1791,organic,10,5,True,cellular,359.5,5,1.8,False,True,browse,False,0.5764
sess_05309,usr_1617,push_notification,15,6,True,wifi,116.0,1,7.3,False,False,act,True,0.7699
sess_05310,usr_1024,organic,11,0,False,wifi,343.3,1,25.5,False,False,browse,False,0.2834
sess_05311,usr_0669,organic,12,2,False,wifi,146.3,1,15.2,False,True,act,False,0.5756
sess_05312,usr_1597,organic,21,2,False,wifi,141.8,4,12.1,False,False,act,False,0.3609
sess_05313,usr_1550,organic,11,4,False,wifi,228.1,2,6.7,False,False,browse,True,0.8344
sess_05314,usr_0904,push_notification,17,2,False,wifi,279.1,2,19.2,False,False,browse,False,0.5317
sess_05315,usr_1078,push_notification,10,0,False,wifi,252.2,2,5.0,False,False,browse,False,0.2835
sess_05316,usr_0325,push_notification,8,0,False,cellular,147.8,1,1.2,False,False,act,False,0.5469
sess_05317,usr_1730,push_notification,15,6,True,cellular,118.3,3,40.9,False,False,act,True,0.8044
sess_05318,usr_0982,push_notification,15,3,False,cellular,117.7,2,22.7,False,False,act,False,0.5094
sess_05319,usr_2117,organic,8,1,False,wifi,331.4,1,10.2,False,False,browse,False,0.4699
sess_05320,usr_1114,push_notification,20,0,False,cellular,144.6,1,23.5,False,False,act,True,0.6642
sess_05321,usr_1167,widget,12,6,True,wifi,232.7,2,13.9,False,False,browse,False,0.4826
sess_05322,usr_2179,organic,15,6,True,cellular,125.6,1,1.0,False,False,browse,True,0.8441
sess_05323,usr_1102,push_notification,23,3,False,wifi,155.1,3,0.6,False,False,act,True,0.8607
sess_05324,usr_1692,push_notification,20,6,True,wifi,78.5,2,154.6,False,False,act,True,0.6075
sess_05325,usr_0771,organic,13,3,False,wifi,164.0,4,21.6,True,True,act,False,0.5286
sess_05326,usr_0281,push_notification,6,3,False,wifi,119.5,2,5.3,True,True,act,True,0.8097
sess_05327,usr_0748,widget,11,5,True,wifi,149.1,1,1.8,False,False,act,True,0.7708
sess_05328,usr_0560,push_notification,16,6,True,cellular,424.2,1,37.8,False,False,browse,False,0.3005
sess_05329,usr_1187,widget,20,4,False,cellular,216.0,1,23.0,True,True,browse,False,0.4954
sess_05330,usr_0453,organic,18,0,False,cellular,221.4,3,104.5,False,False,act,True,0.8139
sess_05331,usr_1866,organic,17,3,False,wifi,303.9,2,3.5,False,False,browse,True,0.8324
sess_05332,usr_1855,widget,19,0,False,cellular,211.1,2,24.5,False,False,browse,False,0.3344
sess_05333,usr_1115,widget,11,0,False,wifi,265.2,3,3.3,False,False,browse,False,0.4784
sess_05334,usr_2016,push_notification,12,5,True,wifi,395.7,2,12.5,False,False,browse,False,0.5536
sess_05335,usr_0770,push_notification,18,6,True,cellular,177.3,2,6.9,False,False,act,False,0.2889
sess_05336,usr_1314,organic,6,4,False,wifi,352.4,5,39.7,False,True,browse,False,0.3019
sess_05337,usr_0080,push_notification,12,3,False,wifi,153.7,5,8.1,False,False,act,False,0.3714
sess_05338,usr_0624,push_notification,13,1,False,cellular,145.3,1,10.7,True,False,act,True,0.806
sess_05339,usr_0204,organic,12,5,True,cellular,77.8,4,93.0,False,True,act,True,0.6198
sess_05340,usr_2192,organic,11,5,True,wifi,296.4,1,1.7,True,True,browse,False,0.5463
sess_05341,usr_0091,organic,1,2,False,cellular,337.2,4,2.2,True,False,browse,False,0.2806
sess_05342,usr_0762,push_notification,18,1,False,wifi,84.3,5,19.0,False,False,act,True,0.7935
sess_05343,usr_0419,organic,0,6,True,wifi,308.9,1,20.5,False,False,browse,True,0.824
sess_05344,usr_1156,push_notification,9,1,False,cellular,41.9,2,7.6,False,False,act,True,0.6366
sess_05345,usr_1103,organic,19,3,False,cellular,169.1,1,7.9,True,False,browse,True,0.7907
sess_05346,usr_0513,widget,9,0,False,cellular,155.4,1,22.2,False,False,act,True,0.7911
sess_05347,usr_1796,organic,19,6,True,cellular,130.6,2,15.7,False,False,act,False,0.5681
sess_05348,usr_0034,widget,12,5,True,wifi,143.3,4,8.8,False,False,act,False,0.5053
sess_05349,usr_0954,organic,20,0,False,wifi,72.1,2,8.3,False,True,act,True,0.8497
sess_05350,usr_0370,organic,16,6,True,cellular,143.9,1,28.6,False,False,browse,False,0.5268
sess_05351,usr_0618,organic,1,2,False,wifi,231.1,2,6.2,False,False,browse,True,0.7869
sess_05352,usr_0061,push_notification,8,4,False,wifi,156.2,2,5.9,True,False,act,True,0.8175
sess_05353,usr_2022,push_notification,15,1,False,wifi,253.7,1,3.6,False,False,browse,False,0.2676
sess_05354,usr_0890,organic,19,2,False,wifi,432.8,1,76.6,False,False,browse,True,0.5787
sess_05355,usr_1401,push_notification,13,4,False,cellular,371.5,2,12.7,False,False,browse,False,0.3889
sess_05356,usr_1722,push_notification,20,5,True,cellular,214.6,3,18.1,False,True,act,False,0.548
sess_05357,usr_1277,push_notification,11,4,False,wifi,362.5,1,13.6,False,False,browse,False,0.3239
sess_05358,usr_2042,organic,17,6,True,wifi,331.7,2,29.9,False,False,browse,True,0.8456
sess_05359,usr_1522,push_notification,19,0,False,wifi,176.4,2,5.2,True,True,act,False,0.5411
sess_05360,usr_1900,push_notification,8,1,False,wifi,279.5,2,8.4,True,True,browse,True,0.6843
sess_05361,usr_0130,push_notification,13,6,True,cellular,374.3,4,5.6,False,False,browse,False,0.4836
sess_05362,usr_1353,widget,19,2,False,wifi,327.3,2,134.8,False,False,browse,False,0.5268
sess_05363,usr_0329,push_notification,16,3,False,wifi,115.8,4,32.3,True,False,act,True,0.664
sess_05364,usr_0599,organic,21,2,False,wifi,342.5,3,4.8,False,False,browse,True,0.7972
sess_05365,usr_0230,widget,17,4,False,wifi,324.2,5,3.8,False,False,browse,False,0.4216
sess_05366,usr_1092,organic,10,1,False,wifi,104.3,2,9.7,False,False,act,True,0.5841
sess_05367,usr_1608,push_notification,9,0,False,wifi,367.5,1,1.4,True,False,browse,False,0.5237
sess_05368,usr_0293,organic,10,5,True,wifi,259.1,1,23.6,True,False,browse,True,0.6836
sess_05369,usr_2225,organic,6,4,False,wifi,307.1,3,2.6,False,False,browse,False,0.4743
sess_05370,usr_1926,widget,9,6,True,wifi,107.7,3,49.3,False,True,act,False,0.481
sess_05371,usr_0744,organic,10,3,False,wifi,138.9,2,8.2,False,True,act,True,0.583
sess_05372,usr_0788,widget,10,5,True,wifi,263.9,3,9.7,False,False,browse,False,0.3393
sess_05373,usr_1025,organic,11,0,False,cellular,292.5,2,1.9,False,False,browse,False,0.2992
sess_05374,usr_1563,organic,17,3,False,wifi,309.0,1,7.6,False,False,browse,False,0.3339
sess_05375,usr_0052,organic,11,1,False,wifi,435.6,4,12.3,False,False,browse,False,0.2957
sess_05376,usr_0500,organic,13,4,False,wifi,297.2,1,26.3,True,False,browse,False,0.5722
sess_05377,usr_1020,organic,6,0,False,cellular,166.3,1,7.4,True,True,browse,False,0.2789
sess_05378,usr_1577,organic,14,2,False,wifi,129.5,3,48.0,False,False,browse,False,0.2626
sess_05379,usr_1815,organic,1,0,False,cellular,275.3,1,11.7,True,False,browse,True,0.81
sess_05380,usr_1013,push_notification,19,2,False,wifi,125.7,3,5.1,False,False,act,True,0.7921
sess_05381,usr_0138,organic,9,1,False,wifi,114.4,4,3.4,True,False,act,True,0.8737
sess_05382,usr_0816,organic,23,5,True,cellular,174.8,2,0.9,False,True,browse,False,0.3462
sess_05383,usr_1888,push_notification,20,4,False,cellular,454.6,1,4.7,False,False,browse,True,0.7424
sess_05384,usr_0385,organic,14,0,False,wifi,380.6,2,68.8,True,False,browse,True,0.5415
sess_05385,usr_2135,push_notification,12,2,False,cellular,214.5,2,12.4,True,False,browse,False,0.3463
sess_05386,usr_0854,push_notification,6,5,True,wifi,143.2,4,2.0,False,False,act,False,0.4977
sess_05387,usr_1937,organic,18,1,False,wifi,272.5,2,13.2,False,True,browse,False,0.5321
sess_05388,usr_1594,push_notification,8,4,False,wifi,156.6,3,52.0,True,False,act,True,0.8259
sess_05389,usr_1279,organic,20,2,False,wifi,285.2,1,7.7,False,False,browse,False,0.3013
sess_05390,usr_1324,organic,18,5,True,wifi,244.2,1,2.7,False,False,browse,False,0.4745
sess_05391,usr_0650,push_notification,18,4,False,cellular,243.4,2,127.7,False,False,browse,True,0.5352
sess_05392,usr_0173,organic,20,1,False,cellular,133.3,2,4.5,True,False,act,True,0.6239
sess_05393,usr_2252,organic,21,0,False,wifi,289.9,1,16.0,False,False,browse,False,0.4653
sess_05394,usr_2134,organic,6,2,False,wifi,359.7,1,12.2,True,False,browse,False,0.4902
sess_05395,usr_0501,push_notification,18,5,True,cellular,91.4,2,2.9,False,False,act,True,0.8318
sess_05396,usr_1038,widget,18,6,True,cellular,157.0,2,8.3,True,False,act,False,0.5945
sess_05397,usr_1972,push_notification,10,0,False,wifi,88.5,2,21.8,True,False,act,True,0.6597
sess_05398,usr_1224,organic,22,4,False,cellular,306.0,5,2.3,False,False,browse,False,0.3059
sess_05399,usr_0814,organic,12,0,False,wifi,232.9,2,2.3,False,False,browse,False,0.3091
sess_05400,usr_1477,push_notification,10,0,False,wifi,144.4,2,7.6,True,False,act,False,0.2417
sess_05401,usr_0214,organic,10,1,False,wifi,339.0,2,13.0,False,False,browse,False,0.5375
sess_05402,usr_0893,push_notification,12,6,True,wifi,135.7,2,7.5,False,False,act,True,0.7873
sess_05403,usr_0463,organic,17,5,True,wifi,127.0,1,68.5,False,False,act,False,0.3746
sess_05404,usr_0967,organic,16,1,False,cellular,256.6,2,5.0,False,False,browse,False,0.4734
sess_05405,usr_1779,organic,6,4,False,wifi,120.7,5,1.8,False,False,act,False,0.4769
sess_05406,usr_1330,push_notification,20,5,True,cellular,289.3,2,4.6,False,False,browse,False,0.3167
sess_05407,usr_0062,organic,7,6,True,cellular,306.4,3,9.0,False,False,browse,False,0.2971
sess_05408,usr_0686,push_notification,7,4,False,wifi,279.7,1,32.0,False,False,browse,False,0.465
sess_05409,usr_1131,organic,13,1,False,cellular,251.0,1,0.9,True,False,browse,False,0.3873
sess_05410,usr_2395,widget,17,0,False,cellular,199.2,1,36.3,False,False,browse,False,0.5168
sess_05411,usr_0491,push_notification,8,6,True,wifi,162.3,2,1.5,False,False,act,False,0.5275
sess_05412,usr_1622,widget,14,2,False,wifi,131.0,2,17.9,True,False,act,False,0.3422
sess_05413,usr_0996,organic,7,0,False,wifi,444.2,2,26.4,False,False,browse,False,0.4006
sess_05414,usr_0037,push_notification,19,4,False,wifi,324.5,1,9.8,False,False,browse,False,0.5256
sess_05415,usr_0173,organic,20,6,True,cellular,129.3,3,46.5,False,False,act,True,0.8023
sess_05416,usr_2381,push_notification,20,6,True,cellular,120.1,3,95.0,False,False,act,True,0.806
sess_05417,usr_1947,organic,19,0,False,wifi,57.5,2,4.6,False,True,act,True,0.8393
sess_05418,usr_2443,organic,20,3,False,cellular,323.2,2,2.8,False,False,browse,False,0.5058
sess_05419,usr_0635,organic,9,3,False,wifi,311.5,1,81.5,True,True,browse,False,0.2923
sess_05420,usr_1522,widget,11,6,True,cellular,309.3,1,11.5,True,False,browse,False,0.2851
sess_05421,usr_0367,organic,19,1,False,wifi,157.1,2,29.6,True,False,browse,False,0.3602
sess_05422,usr_1019,push_notification,12,2,False,cellular,81.7,2,5.4,False,False,act,True,0.8559
sess_05423,usr_0646,push_notification,9,6,True,wifi,152.9,2,31.8,False,True,act,True,0.6053
sess_05424,usr_2048,widget,10,6,True,wifi,160.3,3,42.3,False,False,act,True,0.5701
sess_05425,usr_0375,organic,22,5,True,wifi,266.0,4,8.9,True,False,browse,False,0.4965
sess_05426,usr_1387,organic,21,6,True,wifi,149.1,1,9.9,True,False,browse,True,0.8021
sess_05427,usr_0246,push_notification,7,2,False,wifi,287.7,2,41.7,False,False,browse,False,0.2504
sess_05428,usr_0245,push_notification,23,6,True,cellular,162.5,4,4.0,False,False,act,True,0.6126
sess_05429,usr_1457,push_notification,10,4,False,cellular,327.8,4,1.2,False,False,browse,False,0.2907
sess_05430,usr_0631,organic,21,4,False,cellular,181.8,1,3.2,False,False,browse,False,0.315
sess_05431,usr_2197,push_notification,20,3,False,cellular,198.0,2,5.9,False,False,act,False,0.3683
sess_05432,usr_0440,widget,17,0,False,wifi,263.4,1,10.4,False,True,browse,True,0.8743
sess_05433,usr_0516,push_notification,19,5,True,wifi,338.0,5,13.0,False,False,browse,False,0.5126
sess_05434,usr_1999,push_notification,8,1,False,wifi,76.6,2,106.5,False,False,act,True,0.8411
sess_05435,usr_0954,push_notification,19,2,False,cellular,100.0,2,9.9,False,False,act,True,0.611
sess_05436,usr_1298,widget,20,4,False,cellular,98.1,2,1.6,False,False,act,False,0.5656
sess_05437,usr_2288,organic,9,5,True,cellular,343.3,1,14.6,False,False,browse,False,0.2611
sess_05438,usr_1423,organic,21,1,False,wifi,371.7,4,28.3,False,False,browse,False,0.3298
sess_05439,usr_1797,widget,22,6,True,wifi,354.2,2,11.0,True,True,browse,False,0.5289
sess_05440,usr_0791,organic,14,4,False,cellular,226.0,2,21.9,False,False,browse,False,0.3372
sess_05441,usr_0088,organic,17,2,False,wifi,157.5,1,23.5,True,False,browse,False,0.5021
sess_05442,usr_1548,widget,9,3,False,wifi,104.4,2,10.7,True,False,act,True,0.5544
sess_05443,usr_1468,push_notification,7,5,True,cellular,255.0,2,35.0,True,False,browse,True,0.8375
sess_05444,usr_0552,widget,17,6,True,wifi,137.3,2,12.5,False,False,act,True,0.5939
sess_05445,usr_1027,widget,8,3,False,cellular,75.3,3,5.5,False,False,act,True,0.5879
sess_05446,usr_0162,push_notification,3,1,False,wifi,47.1,5,2.9,True,False,act,True,0.822
sess_05447,usr_1988,organic,8,6,True,wifi,300.2,4,1.4,False,False,browse,False,0.2767
sess_05448,usr_1793,push_notification,19,3,False,wifi,61.5,3,3.2,False,True,act,True,0.7961
sess_05449,usr_2290,organic,21,5,True,wifi,155.0,3,12.4,True,False,browse,False,0.5853
sess_05450,usr_1208,push_notification,15,1,False,wifi,324.8,1,3.8,False,False,browse,False,0.3172
sess_05451,usr_2224,organic,4,5,True,wifi,290.2,1,9.8,False,False,browse,False,0.2676
sess_05452,usr_2008,widget,19,1,False,wifi,305.6,1,17.4,False,False,browse,False,0.3815
sess_05453,usr_0778,organic,12,6,True,cellular,325.7,1,0.9,False,False,browse,False,0.4769
sess_05454,usr_2322,push_notification,18,4,False,wifi,103.0,5,10.8,True,False,act,True,0.7801
sess_05455,usr_0765,widget,8,5,True,wifi,189.7,1,36.3,True,False,act,True,0.7609
sess_05456,usr_2227,widget,9,1,False,wifi,271.7,1,3.8,False,False,browse,False,0.3223
sess_05457,usr_1425,organic,7,3,False,cellular,10.0,1,16.4,True,True,act,True,0.8704
sess_05458,usr_1326,widget,12,5,True,wifi,137.8,5,50.7,False,False,act,True,0.9031
sess_05459,usr_1919,organic,8,1,False,cellular,317.1,2,4.8,True,False,browse,False,0.2413
sess_05460,usr_1128,organic,12,2,False,wifi,193.6,1,3.9,True,False,browse,False,0.3077
sess_05461,usr_2453,organic,8,1,False,wifi,238.6,1,9.1,False,False,browse,False,0.5137
sess_05462,usr_2272,widget,18,3,False,wifi,274.6,2,52.9,False,False,browse,False,0.5014
sess_05463,usr_0657,organic,6,3,False,wifi,454.8,1,12.4,True,False,browse,False,0.551
sess_05464,usr_0283,push_notification,19,5,True,wifi,65.3,1,5.6,False,False,act,True,0.8412
sess_05465,usr_2176,widget,22,2,False,cellular,283.2,2,21.2,False,False,browse,False,0.5198
sess_05466,usr_0635,widget,20,6,True,cellular,46.3,2,26.3,False,True,act,False,0.2915
sess_05467,usr_1841,widget,18,0,False,wifi,344.1,1,21.8,False,True,browse,True,0.8798
sess_05468,usr_1212,widget,8,6,True,wifi,122.5,1,37.5,False,True,act,True,0.5575
sess_05469,usr_1079,push_notification,17,2,False,wifi,131.2,4,7.6,True,False,act,False,0.4922
sess_05470,usr_2219,push_notification,11,1,False,cellular,97.5,1,13.1,True,False,act,True,0.7738
sess_05471,usr_1504,push_notification,19,5,True,wifi,167.7,3,4.3,False,False,act,False,0.5964
sess_05472,usr_1860,organic,8,0,False,wifi,267.0,1,7.5,False,True,browse,False,0.5259
sess_05473,usr_0003,widget,7,1,False,wifi,316.3,1,13.8,True,False,browse,False,0.594
sess_05474,usr_2073,widget,21,4,False,wifi,136.6,2,17.4,False,False,act,False,0.4849
sess_05475,usr_1553,push_notification,18,5,True,wifi,128.7,3,10.4,False,False,act,True,0.8123
sess_05476,usr_0760,organic,9,0,False,wifi,286.8,1,22.4,False,False,browse,False,0.3549
sess_05477,usr_0077,push_notification,19,5,True,wifi,105.1,3,3.0,False,False,act,True,0.5634
sess_05478,usr_1492,push_notification,20,2,False,cellular,54.1,2,49.1,True,False,act,True,0.7859
sess_05479,usr_0979,push_notification,21,4,False,cellular,144.5,4,28.4,True,False,act,True,0.9062
sess_05480,usr_1314,push_notification,12,4,False,wifi,129.4,3,3.4,False,True,act,True,0.8591
sess_05481,usr_0260,push_notification,13,3,False,cellular,133.4,2,39.5,False,False,act,True,0.6417
sess_05482,usr_2208,organic,21,0,False,cellular,53.0,2,92.1,False,False,act,True,0.755
sess_05483,usr_1588,organic,13,0,False,wifi,207.4,1,5.3,False,False,browse,False,0.5312
sess_05484,usr_0778,organic,4,2,False,wifi,115.0,2,5.1,False,False,browse,False,0.342
sess_05485,usr_2147,push_notification,19,0,False,wifi,71.6,3,45.5,False,False,act,False,0.5633
sess_05486,usr_2038,push_notification,15,6,True,wifi,81.6,3,21.4,False,False,act,True,0.747
sess_05487,usr_2259,organic,18,4,False,cellular,236.5,2,10.4,True,False,browse,False,0.4887
sess_05488,usr_0632,push_notification,13,6,True,wifi,283.9,2,29.4,True,False,browse,False,0.4322
sess_05489,usr_1160,widget,10,6,True,wifi,86.5,3,8.2,True,False,act,True,0.8347
sess_05490,usr_1322,organic,20,2,False,cellular,332.0,2,14.5,True,False,browse,False,0.5223
sess_05491,usr_1679,organic,16,6,True,cellular,328.3,1,24.8,False,False,browse,True,0.5889
sess_05492,usr_1320,push_notification,17,0,False,wifi,103.7,1,1.3,True,False,act,True,0.6655
sess_05493,usr_0453,organic,20,2,False,wifi,185.3,1,6.5,False,False,browse,False,0.3654
sess_05494,usr_0395,widget,12,0,False,wifi,307.6,3,3.5,False,True,browse,False,0.2897
sess_05495,usr_2144,push_notification,7,2,False,cellular,62.9,1,4.4,True,False,act,False,0.5411
sess_05496,usr_0274,widget,15,3,False,cellular,154.0,1,1.8,False,True,act,False,0.5027
sess_05497,usr_0180,organic,19,5,True,wifi,270.1,1,16.8,True,True,browse,False,0.3517
sess_05498,usr_0532,organic,20,6,True,wifi,202.0,2,5.2,False,False,browse,False,0.488
sess_05499,usr_0732,organic,8,6,True,wifi,337.1,1,8.5,False,False,browse,False,0.3379
sess_05500,usr_0129,push_notification,15,3,False,wifi,123.5,2,81.2,True,False,act,True,0.8205
sess_05501,usr_0828,push_notification,7,4,False,wifi,440.9,1,52.5,True,False,browse,False,0.2729
sess_05502,usr_0439,organic,21,6,True,wifi,269.1,1,0.9,False,False,browse,False,0.5382
sess_05503,usr_1989,push_notification,14,2,False,wifi,305.5,1,5.7,True,False,browse,True,0.8113
sess_05504,usr_0785,organic,12,0,False,wifi,100.6,3,4.3,False,True,browse,False,0.4774
sess_05505,usr_0405,organic,16,3,False,wifi,385.9,2,6.5,False,False,browse,False,0.508
sess_05506,usr_0131,push_notification,14,6,True,wifi,94.5,2,10.1,False,True,act,False,0.5761
sess_05507,usr_2339,organic,12,0,False,cellular,292.0,2,5.9,False,True,browse,True,0.8526
sess_05508,usr_1592,push_notification,0,2,False,cellular,301.4,1,36.8,True,False,browse,True,0.6169
sess_05509,usr_2007,organic,16,5,True,cellular,345.9,2,64.4,False,False,browse,False,0.5051
sess_05510,usr_2154,organic,21,3,False,wifi,287.0,1,30.4,True,False,browse,False,0.49
sess_05511,usr_2418,widget,19,0,False,cellular,505.7,1,168.0,True,False,browse,True,0.8564
sess_05512,usr_1049,push_notification,20,5,True,wifi,93.2,5,38.2,False,False,act,False,0.5425
sess_05513,usr_0202,widget,14,6,True,wifi,70.4,3,13.8,False,False,act,True,0.8358
sess_05514,usr_1501,push_notification,16,5,True,wifi,147.5,2,4.3,True,False,act,True,0.65
sess_05515,usr_0905,organic,11,2,False,wifi,199.2,2,43.3,False,False,browse,False,0.5474
sess_05516,usr_2482,organic,9,4,False,cellular,134.3,1,38.9,False,False,browse,False,0.2713
sess_05517,usr_0291,organic,20,3,False,cellular,282.2,1,16.6,False,False,browse,False,0.5844
sess_05518,usr_0054,organic,21,2,False,wifi,89.6,4,13.1,True,False,act,True,0.5511
sess_05519,usr_0855,push_notification,20,2,False,wifi,320.0,2,5.9,True,False,browse,True,0.8479
sess_05520,usr_2013,organic,6,2,False,wifi,355.1,1,119.4,False,False,browse,True,0.6377
sess_05521,usr_0328,push_notification,9,3,False,wifi,76.8,2,1.8,False,False,act,True,0.8142
sess_05522,usr_1918,push_notification,20,6,True,wifi,264.0,2,3.9,False,False,browse,False,0.2658
sess_05523,usr_0249,widget,6,4,False,cellular,182.9,3,168.0,True,False,browse,False,0.374
sess_05524,usr_1479,organic,11,5,True,wifi,403.0,4,50.4,True,True,browse,False,0.4971
sess_05525,usr_2286,widget,11,3,False,cellular,321.0,1,3.5,False,False,browse,False,0.4938
sess_05526,usr_1704,organic,19,2,False,cellular,264.3,1,35.9,False,False,browse,False,0.5094
sess_05527,usr_1512,widget,7,1,False,wifi,255.8,1,15.1,True,False,browse,False,0.2978
sess_05528,usr_0239,widget,0,3,False,cellular,293.5,3,64.3,False,False,browse,False,0.4461
sess_05529,usr_1089,push_notification,21,4,False,wifi,317.7,1,8.1,False,False,browse,True,0.8643
sess_05530,usr_2167,push_notification,7,5,True,wifi,102.8,3,168.0,True,False,act,True,0.789
sess_05531,usr_0167,push_notification,9,6,True,wifi,183.0,1,10.1,False,False,browse,False,0.5579
sess_05532,usr_0289,widget,1,3,False,cellular,119.9,2,2.1,False,False,browse,True,0.6308
sess_05533,usr_1245,widget,18,2,False,cellular,123.4,2,3.1,False,True,act,False,0.3392
sess_05534,usr_0320,organic,16,4,False,wifi,164.0,2,3.4,False,False,act,True,0.8227
sess_05535,usr_0885,organic,20,5,True,wifi,330.7,2,16.5,False,False,browse,False,0.3985
sess_05536,usr_2128,push_notification,17,2,False,wifi,376.4,4,6.3,False,False,browse,False,0.2788
sess_05537,usr_0398,push_notification,22,3,False,wifi,296.9,2,5.1,False,False,browse,False,0.4813
sess_05538,usr_0415,organic,9,1,False,wifi,347.6,1,7.0,False,False,browse,False,0.5324
sess_05539,usr_0947,push_notification,11,6,True,wifi,94.6,2,11.7,False,False,act,True,0.8496
sess_05540,usr_2178,organic,10,6,True,wifi,263.3,1,43.8,False,True,browse,True,0.7861
sess_05541,usr_1579,organic,18,6,True,wifi,131.1,3,21.7,False,False,browse,False,0.5293
sess_05542,usr_0777,organic,18,6,True,cellular,188.2,1,16.9,False,False,browse,False,0.4786
sess_05543,usr_0792,organic,16,6,True,wifi,61.8,5,0.5,False,True,act,True,0.8052
sess_05544,usr_2156,push_notification,18,0,False,wifi,269.2,1,4.9,False,True,browse,False,0.3068
sess_05545,usr_1019,push_notification,20,6,True,wifi,162.7,3,29.0,False,False,act,False,0.3144
sess_05546,usr_2335,organic,18,6,True,wifi,317.7,2,8.2,False,False,browse,False,0.5475
sess_05547,usr_0733,widget,17,1,False,cellular,101.3,3,66.1,False,False,act,True,0.6368
sess_05548,usr_2288,organic,15,5,True,wifi,195.0,1,20.9,False,False,browse,False,0.2274
sess_05549,usr_2287,organic,8,0,False,wifi,66.2,3,0.6,False,False,browse,False,0.3257
sess_05550,usr_1701,organic,8,4,False,wifi,256.6,2,19.4,True,False,browse,False,0.5421
sess_05551,usr_0433,widget,17,6,True,cellular,119.0,2,18.7,False,False,act,True,0.5922
sess_05552,usr_2362,widget,11,6,True,wifi,77.9,4,1.5,False,False,act,False,0.4699
sess_05553,usr_1467,organic,16,2,False,wifi,316.5,2,4.1,True,True,browse,False,0.3181
sess_05554,usr_1879,widget,10,0,False,wifi,90.5,3,16.6,True,False,act,True,0.7789
sess_05555,usr_1750,organic,18,4,False,wifi,372.8,1,23.4,False,False,browse,True,0.8548
sess_05556,usr_0427,widget,9,3,False,cellular,254.9,1,4.2,True,True,browse,False,0.5491
sess_05557,usr_0684,push_notification,18,3,False,wifi,254.7,2,5.7,False,False,browse,False,0.5328
sess_05558,usr_0739,organic,17,2,False,wifi,317.2,1,3.3,False,False,browse,False,0.2513
sess_05559,usr_2253,organic,11,4,False,wifi,282.4,2,8.3,False,False,browse,False,0.4979
sess_05560,usr_1645,organic,22,6,True,wifi,348.7,2,39.1,False,False,browse,False,0.2764
sess_05561,usr_2068,push_notification,8,1,False,cellular,111.3,1,95.7,False,False,browse,False,0.5291
sess_05562,usr_1383,organic,19,4,False,cellular,257.6,2,3.7,False,False,browse,True,0.8401
sess_05563,usr_0648,organic,6,0,False,cellular,18.7,2,7.6,False,False,act,False,0.3116
sess_05564,usr_2187,widget,8,5,True,wifi,132.8,1,28.1,True,False,act,True,0.5887
sess_05565,usr_2458,organic,7,4,False,cellular,94.9,1,5.6,True,True,act,True,0.8121
sess_05566,usr_1815,push_notification,23,5,True,wifi,123.7,2,33.4,True,False,act,True,0.7416
sess_05567,usr_1444,widget,20,0,False,wifi,146.1,3,13.3,False,False,act,False,0.5484
sess_05568,usr_1291,organic,9,4,False,wifi,234.9,5,12.1,False,False,browse,False,0.3629
sess_05569,usr_2254,organic,22,6,True,cellular,188.1,1,4.0,True,False,browse,True,0.7937
sess_05570,usr_1330,widget,9,3,False,cellular,212.3,1,3.2,True,False,browse,True,0.7771
sess_05571,usr_1523,organic,12,2,False,wifi,277.8,2,72.5,True,False,browse,False,0.4323
sess_05572,usr_1689,push_notification,11,0,False,wifi,86.3,1,130.2,False,False,act,True,0.7846
sess_05573,usr_1764,organic,14,5,True,wifi,245.1,3,13.8,False,False,browse,False,0.3802
sess_05574,usr_1325,push_notification,21,0,False,wifi,83.0,1,1.9,True,False,act,True,0.7932
sess_05575,usr_2493,organic,7,1,False,wifi,288.6,5,9.7,False,True,browse,False,0.321
sess_05576,usr_0986,organic,11,3,False,wifi,135.5,1,6.3,False,False,browse,False,0.519
sess_05577,usr_2307,organic,16,3,False,wifi,416.4,1,13.3,True,False,browse,False,0.2208
sess_05578,usr_2235,organic,19,4,False,wifi,216.7,1,11.4,False,False,browse,False,0.2855
sess_05579,usr_0877,push_notification,21,2,False,wifi,164.5,2,3.0,False,False,act,True,0.8255
sess_05580,usr_1537,organic,12,2,False,wifi,183.5,2,3.8,True,False,act,True,0.8345
sess_05581,usr_2254,organic,14,5,True,wifi,91.1,4,11.7,False,False,act,True,0.8505
sess_05582,usr_1041,push_notification,18,5,True,cellular,112.2,2,4.2,False,True,act,False,0.3128
sess_05583,usr_1475,organic,12,3,False,wifi,361.7,1,18.3,True,False,browse,False,0.5475
sess_05584,usr_1854,organic,22,4,False,wifi,327.2,2,5.0,True,False,browse,False,0.585
sess_05585,usr_1833,organic,5,2,False,wifi,522.9,1,24.9,False,False,browse,False,0.3259
sess_05586,usr_1627,organic,12,1,False,wifi,250.1,1,14.2,True,True,browse,False,0.3571
sess_05587,usr_0001,widget,7,2,False,cellular,255.3,1,5.8,False,False,browse,False,0.4732
sess_05588,usr_0142,organic,14,2,False,wifi,264.8,1,5.4,False,False,browse,False,0.3283
sess_05589,usr_1166,widget,9,4,False,wifi,131.0,3,12.1,False,False,act,True,0.8894
sess_05590,usr_2441,push_notification,23,2,False,wifi,122.9,3,1.5,True,False,act,False,0.5796
sess_05591,usr_0067,widget,8,1,False,wifi,355.2,1,18.7,False,False,browse,True,0.7622
sess_05592,usr_2121,organic,16,0,False,cellular,382.9,1,7.8,False,False,browse,False,0.3959
sess_05593,usr_0554,organic,9,4,False,cellular,203.7,5,2.4,True,False,act,True,0.8452
sess_05594,usr_1237,organic,19,3,False,cellular,251.7,1,29.9,False,False,browse,False,0.4854
sess_05595,usr_0027,organic,13,3,False,cellular,318.6,2,8.9,True,False,browse,False,0.4599
sess_05596,usr_1231,organic,20,5,True,cellular,132.5,2,4.6,True,True,act,True,0.823
sess_05597,usr_0909,organic,19,1,False,wifi,166.8,1,1.7,True,False,browse,False,0.5445
sess_05598,usr_0880,push_notification,20,3,False,wifi,222.7,2,45.9,True,False,browse,False,0.4982
sess_05599,usr_1290,organic,20,5,True,cellular,129.7,3,28.0,True,False,act,False,0.2909
sess_05600,usr_0089,widget,20,5,True,wifi,117.8,3,21.1,False,True,act,True,0.7751
sess_05601,usr_1131,push_notification,8,6,True,wifi,104.8,2,16.3,False,False,act,True,0.6165
sess_05602,usr_2268,organic,19,6,True,wifi,222.2,2,22.0,True,False,browse,False,0.459
sess_05603,usr_2095,push_notification,22,1,False,wifi,36.2,4,11.4,True,False,act,True,0.5603
sess_05604,usr_2279,organic,14,5,True,wifi,85.8,2,4.3,False,False,act,True,0.78
sess_05605,usr_2338,organic,19,3,False,wifi,292.4,1,106.8,False,False,browse,True,0.683
sess_05606,usr_2342,organic,17,0,False,cellular,174.0,2,5.2,False,True,act,False,0.5523
sess_05607,usr_0634,push_notification,9,0,False,wifi,152.1,2,7.5,True,False,act,False,0.5557
sess_05608,usr_0387,organic,12,0,False,cellular,321.1,1,4.9,False,True,browse,False,0.477
sess_05609,usr_0155,push_notification,17,4,False,wifi,220.2,4,21.1,True,False,act,True,0.7688
sess_05610,usr_1886,organic,18,3,False,wifi,222.3,2,3.8,False,True,browse,False,0.2781
sess_05611,usr_1457,push_notification,7,6,True,wifi,59.3,3,19.4,False,False,act,True,0.8227
sess_05612,usr_0640,organic,9,2,False,wifi,45.5,2,10.7,True,False,act,True,0.8525
sess_05613,usr_0567,organic,8,4,False,wifi,229.6,3,12.5,True,False,browse,True,0.8001
sess_05614,usr_1086,widget,17,0,False,wifi,156.9,3,3.0,False,False,act,False,0.5036
sess_05615,usr_1504,organic,12,1,False,wifi,234.9,2,3.5,False,True,browse,False,0.3103
sess_05616,usr_2385,organic,20,6,True,cellular,154.0,2,13.4,False,False,browse,False,0.4573
sess_05617,usr_1024,push_notification,7,5,True,cellular,163.5,1,1.2,False,False,act,False,0.462
sess_05618,usr_0955,organic,7,6,True,cellular,141.5,3,18.3,False,False,act,False,0.565
sess_05619,usr_1050,organic,14,0,False,wifi,276.7,2,4.6,True,True,browse,False,0.2901
sess_05620,usr_1231,organic,9,4,False,wifi,326.5,2,15.9,False,False,browse,False,0.3453
sess_05621,usr_0377,organic,7,3,False,wifi,361.6,1,14.2,False,False,browse,False,0.3821
sess_05622,usr_2337,organic,14,0,False,cellular,268.5,1,7.8,False,False,browse,True,0.6021
sess_05623,usr_1638,widget,8,1,False,wifi,274.2,1,5.4,True,False,browse,False,0.5346
sess_05624,usr_2331,widget,0,1,False,cellular,424.4,1,168.0,False,False,browse,False,0.5725
sess_05625,usr_0891,widget,17,1,False,wifi,276.7,1,18.8,True,False,browse,False,0.5504
sess_05626,usr_0317,widget,14,3,False,cellular,307.0,2,2.4,False,False,browse,False,0.342
sess_05627,usr_1330,organic,4,2,False,cellular,210.3,3,124.1,False,False,browse,False,0.5026
sess_05628,usr_1977,widget,19,1,False,cellular,166.9,3,32.7,True,True,act,False,0.3724
sess_05629,usr_0709,widget,6,1,False,wifi,238.0,1,40.0,False,False,browse,False,0.4462
sess_05630,usr_2000,organic,11,6,True,wifi,315.5,4,4.5,False,False,browse,False,0.4403
sess_05631,usr_2361,organic,20,2,False,wifi,387.1,1,14.0,False,False,browse,False,0.5298
sess_05632,usr_0391,organic,8,6,True,cellular,160.2,2,1.1,False,False,browse,False,0.4608
sess_05633,usr_2439,widget,20,6,True,wifi,127.6,4,14.4,False,False,act,False,0.5169
sess_05634,usr_1231,push_notification,7,0,False,cellular,301.9,1,22.6,False,False,browse,False,0.5813
sess_05635,usr_0154,widget,20,2,False,wifi,136.8,1,71.4,True,False,act,True,0.7861
sess_05636,usr_2361,widget,11,2,False,cellular,329.9,1,13.0,True,False,browse,False,0.5093
sess_05637,usr_1563,organic,16,0,False,cellular,289.0,1,1.4,False,False,browse,False,0.2681
sess_05638,usr_0322,organic,8,3,False,wifi,143.5,2,38.5,False,True,act,True,0.8448
sess_05639,usr_0230,organic,10,6,True,cellular,401.9,2,14.7,True,False,browse,False,0.313
sess_05640,usr_1370,widget,7,3,False,wifi,448.7,1,4.4,False,False,browse,True,0.6531
sess_05641,usr_1426,organic,16,1,False,wifi,303.7,1,21.9,True,True,browse,True,0.7885
sess_05642,usr_1779,widget,13,6,True,wifi,409.6,1,9.8,True,False,browse,False,0.2273
sess_05643,usr_1707,organic,19,6,True,cellular,458.1,2,14.5,True,False,browse,False,0.4477
sess_05644,usr_0494,widget,5,2,False,wifi,275.0,1,36.5,True,False,browse,False,0.4743
sess_05645,usr_0929,push_notification,17,3,False,wifi,109.2,3,0.8,True,False,act,False,0.5007
sess_05646,usr_2468,push_notification,12,6,True,wifi,68.2,3,18.8,False,False,act,True,0.8381
sess_05647,usr_0047,push_notification,4,4,False,wifi,118.2,2,43.0,False,False,act,True,0.624
sess_05648,usr_1567,organic,3,0,False,wifi,270.2,1,94.9,False,False,browse,False,0.3738
sess_05649,usr_0222,widget,21,2,False,wifi,343.5,1,66.0,False,False,browse,True,0.8067
sess_05650,usr_1249,push_notification,2,6,True,wifi,144.8,1,2.2,True,False,act,True,0.7797
sess_05651,usr_2148,organic,18,3,False,wifi,180.7,1,5.6,False,False,browse,False,0.4693
sess_05652,usr_0169,organic,21,2,False,cellular,261.1,2,10.3,False,False,browse,False,0.5028
sess_05653,usr_1308,organic,23,3,False,wifi,362.6,1,29.7,True,False,browse,False,0.2754
sess_05654,usr_2212,organic,18,3,False,cellular,216.9,1,2.1,False,True,browse,False,0.5027
sess_05655,usr_2314,widget,19,1,False,cellular,250.3,1,4.3,False,False,browse,True,0.8438
sess_05656,usr_0613,organic,20,5,True,wifi,218.2,3,55.7,True,True,browse,False,0.4279
sess_05657,usr_1339,organic,9,2,False,wifi,150.9,1,12.3,False,False,act,False,0.2789
sess_05658,usr_2058,widget,9,0,False,wifi,143.3,3,7.5,True,False,act,False,0.5331
sess_05659,usr_0905,organic,17,2,False,wifi,239.6,1,2.7,True,False,browse,True,0.6419
sess_05660,usr_0628,push_notification,15,4,False,cellular,147.6,3,17.1,False,False,act,False,0.333
sess_05661,usr_0207,push_notification,8,6,True,wifi,161.5,2,14.9,True,True,act,False,0.2985
sess_05662,usr_1610,push_notification,15,5,True,cellular,94.5,2,15.1,True,False,act,True,0.5605
sess_05663,usr_1826,organic,20,5,True,cellular,210.8,1,54.4,False,True,browse,True,0.5878
sess_05664,usr_2438,widget,18,1,False,wifi,107.2,2,4.9,False,False,act,True,0.8142
sess_05665,usr_2357,organic,19,5,True,cellular,436.6,1,33.0,False,False,browse,False,0.2749
sess_05666,usr_2068,push_notification,15,6,True,wifi,274.9,1,2.8,False,False,browse,False,0.3627
sess_05667,usr_0369,push_notification,11,1,False,cellular,336.3,1,72.8,True,False,browse,True,0.8463
sess_05668,usr_0910,organic,9,2,False,wifi,381.2,1,20.0,False,False,browse,False,0.5338
sess_05669,usr_1770,organic,19,0,False,wifi,266.9,1,7.8,False,False,browse,True,0.795
sess_05670,usr_1187,organic,11,1,False,wifi,79.8,1,6.4,False,False,browse,False,0.3448
sess_05671,usr_1616,push_notification,0,0,False,wifi,186.3,1,4.7,True,True,browse,False,0.3701
sess_05672,usr_0607,organic,16,0,False,wifi,310.2,1,7.7,False,False,browse,False,0.2716
sess_05673,usr_0542,widget,11,2,False,wifi,299.2,1,7.0,False,False,browse,True,0.5353
sess_05674,usr_1377,organic,16,3,False,wifi,121.3,5,15.1,False,False,act,True,0.5742
sess_05675,usr_0339,widget,13,4,False,wifi,71.1,3,9.5,False,False,act,True,0.843
sess_05676,usr_1950,push_notification,11,5,True,wifi,290.2,1,18.5,False,False,browse,False,0.3602
sess_05677,usr_2341,organic,15,4,False,wifi,415.6,1,13.1,False,False,browse,False,0.3893
sess_05678,usr_0202,push_notification,18,5,True,wifi,221.2,1,10.1,True,False,browse,True,0.5525
sess_05679,usr_2246,organic,14,3,False,wifi,337.3,1,30.3,True,False,browse,True,0.596
sess_05680,usr_1636,push_notification,18,6,True,cellular,145.8,2,19.6,False,True,act,False,0.3331
sess_05681,usr_1076,organic,12,4,False,wifi,278.9,1,10.2,True,False,browse,False,0.5418
sess_05682,usr_0349,push_notification,12,2,False,wifi,297.9,4,5.4,False,False,browse,False,0.396
sess_05683,usr_1633,widget,6,5,True,cellular,312.8,4,5.2,False,False,browse,True,0.6254
sess_05684,usr_2056,organic,0,6,True,wifi,183.3,1,13.4,False,False,browse,True,0.5839
sess_05685,usr_1780,widget,15,0,False,wifi,114.5,2,1.0,False,False,act,True,0.6147
sess_05686,usr_0535,widget,14,3,False,wifi,273.5,3,3.7,True,False,browse,False,0.3361
sess_05687,usr_0553,organic,11,0,False,wifi,280.3,1,11.7,False,False,browse,False,0.3207
sess_05688,usr_1970,organic,19,3,False,wifi,301.8,2,2.1,False,False,browse,True,0.655
sess_05689,usr_2291,widget,20,2,False,wifi,185.1,1,0.9,False,False,act,True,0.7675
sess_05690,usr_0812,organic,8,6,True,wifi,264.3,1,24.8,False,True,browse,True,0.8778
sess_05691,usr_1999,widget,9,5,True,cellular,122.2,5,16.6,False,False,act,False,0.4975
sess_05692,usr_1620,widget,0,2,False,cellular,24.2,5,12.3,False,False,act,False,0.553
sess_05693,usr_2341,organic,20,4,False,wifi,299.7,3,27.4,False,False,browse,False,0.2992
sess_05694,usr_0804,push_notification,16,6,True,cellular,118.2,3,2.0,False,False,act,True,0.7846
sess_05695,usr_2299,organic,14,0,False,cellular,280.6,2,9.9,False,True,browse,False,0.3728
sess_05696,usr_2148,organic,19,6,True,cellular,185.5,1,5.6,True,False,browse,False,0.5362
sess_05697,usr_1009,push_notification,19,5,True,cellular,291.1,1,30.0,False,False,browse,False,0.4986
sess_05698,usr_0993,organic,8,6,True,cellular,237.1,4,0.8,False,False,browse,False,0.2718
sess_05699,usr_0294,push_notification,20,5,True,wifi,159.4,2,27.6,True,False,act,False,0.3885
sess_05700,usr_1091,organic,10,3,False,wifi,312.1,4,67.0,False,True,browse,False,0.2324
sess_05701,usr_1762,push_notification,13,3,False,wifi,197.2,2,55.7,True,False,act,False,0.4889
sess_05702,usr_1325,organic,12,2,False,cellular,152.7,3,7.3,False,True,act,True,0.6739
sess_05703,usr_2360,organic,20,0,False,cellular,140.8,1,8.7,True,False,act,True,0.6402
sess_05704,usr_0367,organic,16,6,True,cellular,346.5,1,4.2,False,False,browse,True,0.5452
sess_05705,usr_0461,organic,1,4,False,wifi,164.5,5,9.8,False,False,act,False,0.3397
sess_05706,usr_1695,push_notification,7,0,False,cellular,150.7,2,1.9,False,False,act,True,0.5742
sess_05707,usr_1735,widget,20,3,False,wifi,307.1,2,58.6,False,False,browse,False,0.2482
sess_05708,usr_1497,organic,21,3,False,wifi,343.4,2,7.5,False,False,browse,False,0.3008
sess_05709,usr_1427,push_notification,10,0,False,wifi,120.3,3,2.8,True,False,act,True,0.8064
sess_05710,usr_0781,push_notification,12,4,False,wifi,124.8,2,47.6,True,False,act,True,0.6074
sess_05711,usr_1314,organic,6,2,False,cellular,102.1,2,5.7,False,True,act,True,0.7872
sess_05712,usr_1412,push_notification,6,2,False,wifi,137.9,3,12.5,True,False,act,True,0.8325
sess_05713,usr_2433,widget,3,1,False,wifi,339.7,1,87.2,False,True,browse,False,0.2693
sess_05714,usr_0100,organic,10,5,True,wifi,194.4,2,8.9,False,False,browse,False,0.5048
sess_05715,usr_1249,organic,11,4,False,cellular,214.9,2,55.9,False,False,act,True,0.8703
sess_05716,usr_0694,widget,13,1,False,wifi,167.9,5,2.2,True,False,act,False,0.4751
sess_05717,usr_1433,organic,15,3,False,wifi,200.3,2,31.2,False,False,browse,True,0.7577
sess_05718,usr_1812,organic,19,1,False,cellular,115.2,2,10.8,False,True,act,True,0.5788
sess_05719,usr_0598,widget,11,5,True,cellular,162.9,2,6.0,False,False,act,True,0.8479
sess_05720,usr_1805,push_notification,19,1,False,wifi,156.0,3,16.3,False,False,act,True,0.9095
sess_05721,usr_0184,widget,21,2,False,cellular,285.6,2,11.5,True,False,browse,True,0.8609
sess_05722,usr_0957,organic,16,3,False,cellular,316.5,1,32.7,False,False,browse,False,0.2947
sess_05723,usr_0818,widget,19,5,True,wifi,299.2,1,9.2,False,False,browse,False,0.2659
sess_05724,usr_1532,organic,8,0,False,wifi,176.6,3,6.1,False,False,browse,False,0.5232
sess_05725,usr_0639,organic,10,0,False,wifi,236.3,1,15.3,False,False,browse,False,0.5522
sess_05726,usr_0352,organic,18,5,True,wifi,117.7,1,26.8,False,False,act,True,0.808
sess_05727,usr_0461,push_notification,17,6,True,wifi,177.3,4,29.0,False,False,act,True,0.5559
sess_05728,usr_0224,widget,16,0,False,cellular,150.6,1,12.0,True,False,browse,False,0.5119
sess_05729,usr_0996,widget,20,0,False,wifi,156.1,2,167.7,False,False,act,True,0.6052
sess_05730,usr_0605,widget,21,6,True,cellular,231.0,1,25.5,False,False,browse,False,0.3152
sess_05731,usr_1179,push_notification,19,4,False,wifi,87.9,4,5.1,True,False,act,True,0.7815
sess_05732,usr_0057,organic,15,1,False,wifi,264.4,1,7.6,False,False,browse,False,0.366
sess_05733,usr_1407,push_notification,11,4,False,wifi,358.4,1,7.4,True,False,browse,False,0.356
sess_05734,usr_0456,widget,20,3,False,wifi,126.3,2,16.7,False,False,act,True,0.8008
sess_05735,usr_1250,organic,20,4,False,wifi,299.2,1,5.2,False,False,browse,True,0.8596
sess_05736,usr_1844,push_notification,22,6,True,cellular,153.3,2,30.0,True,False,act,True,0.78
sess_05737,usr_1930,push_notification,13,4,False,cellular,100.3,2,4.4,True,False,act,True,0.8054
sess_05738,usr_0094,organic,18,2,False,wifi,270.2,1,1.2,True,True,browse,False,0.2756
sess_05739,usr_1360,widget,22,3,False,wifi,85.4,1,44.1,False,False,act,True,0.6439
sess_05740,usr_0857,push_notification,19,6,True,wifi,152.4,1,63.0,True,False,act,True,0.8806
sess_05741,usr_2204,widget,8,0,False,cellular,146.8,2,14.1,False,False,act,True,0.6215
sess_05742,usr_0868,widget,8,3,False,cellular,276.6,4,20.9,False,False,browse,False,0.5271
sess_05743,usr_0835,widget,19,1,False,wifi,251.5,1,24.8,False,True,browse,False,0.3503
sess_05744,usr_2239,organic,21,4,False,wifi,191.1,5,17.3,False,False,browse,False,0.2388
sess_05745,usr_2144,push_notification,14,2,False,cellular,205.0,2,4.3,False,True,browse,False,0.5855
sess_05746,usr_1060,organic,17,0,False,cellular,283.7,4,12.9,False,False,browse,False,0.3093
sess_05747,usr_2248,push_notification,18,0,False,cellular,89.0,3,15.8,True,False,act,True,0.5328
sess_05748,usr_1979,organic,17,2,False,cellular,433.2,1,6.7,False,False,browse,False,0.5365
sess_05749,usr_0579,push_notification,21,3,False,wifi,100.7,1,4.6,False,False,act,True,0.7507
sess_05750,usr_0076,widget,2,4,False,wifi,75.5,1,20.2,False,False,browse,False,0.3215
sess_05751,usr_1543,widget,19,1,False,wifi,127.4,4,3.0,True,False,act,True,0.6295
sess_05752,usr_2388,organic,17,3,False,wifi,377.1,1,5.5,True,False,browse,False,0.3214
sess_05753,usr_2158,organic,13,3,False,cellular,386.1,2,14.7,False,False,browse,True,0.8433
sess_05754,usr_0179,widget,8,5,True,cellular,258.8,2,9.5,True,False,browse,False,0.4021
sess_05755,usr_1047,organic,13,6,True,wifi,276.3,1,27.0,True,False,browse,False,0.2919
sess_05756,usr_0698,widget,19,0,False,wifi,242.4,3,2.7,False,False,browse,False,0.527
sess_05757,usr_0247,organic,11,4,False,wifi,264.4,1,20.9,False,False,browse,False,0.5463
sess_05758,usr_1164,organic,10,3,False,cellular,197.9,3,20.6,False,True,browse,False,0.3829
sess_05759,usr_0823,organic,19,0,False,cellular,310.1,1,13.0,False,False,browse,False,0.4879
sess_05760,usr_1112,organic,15,5,True,cellular,182.6,2,2.0,True,False,act,False,0.5185
sess_05761,usr_0218,push_notification,15,0,False,wifi,392.2,1,20.4,False,False,browse,False,0.3584
sess_05762,usr_1905,organic,17,3,False,wifi,451.2,3,32.6,True,False,browse,True,0.6415
sess_05763,usr_0035,organic,22,1,False,cellular,138.8,1,4.9,False,False,act,True,0.6344
sess_05764,usr_0273,push_notification,13,6,True,wifi,215.0,5,11.4,True,True,act,True,0.5461
sess_05765,usr_1592,push_notification,8,0,False,cellular,190.2,2,33.0,True,False,act,True,0.6017
sess_05766,usr_1112,push_notification,6,2,False,cellular,291.5,1,20.5,False,False,browse,False,0.3283
sess_05767,usr_1476,organic,9,6,True,wifi,315.2,1,43.7,False,False,browse,False,0.2672
sess_05768,usr_0442,organic,3,5,True,cellular,322.5,1,13.5,True,True,browse,True,0.6176
sess_05769,usr_0079,widget,11,1,False,cellular,200.6,1,2.3,False,False,browse,False,0.5091
sess_05770,usr_1199,organic,19,6,True,cellular,143.0,1,20.3,False,False,act,False,0.2752
sess_05771,usr_1584,widget,4,6,True,wifi,231.4,4,4.9,False,False,browse,True,0.8413
sess_05772,usr_0947,organic,16,2,False,wifi,365.4,3,8.6,False,True,browse,False,0.5225
sess_05773,usr_1560,organic,19,1,False,wifi,136.0,3,21.9,False,False,act,False,0.4777
sess_05774,usr_2083,organic,7,5,True,wifi,133.3,1,168.0,False,True,browse,False,0.5503
sess_05775,usr_0408,push_notification,10,2,False,cellular,33.9,2,4.9,False,True,act,True,0.6672
sess_05776,usr_1293,organic,16,6,True,wifi,284.2,1,5.2,True,False,browse,False,0.4834
sess_05777,usr_1986,organic,21,4,False,wifi,187.3,1,11.1,True,True,browse,False,0.323
sess_05778,usr_2446,organic,8,2,False,wifi,51.4,2,5.5,False,False,act,True,0.7376
sess_05779,usr_2178,push_notification,20,5,True,wifi,199.8,2,25.6,True,False,act,False,0.5304
sess_05780,usr_0361,push_notification,2,6,True,wifi,136.5,3,9.1,True,True,act,True,0.6479
sess_05781,usr_0764,organic,14,4,False,wifi,124.1,1,4.1,False,False,browse,False,0.5291
sess_05782,usr_0815,widget,12,6,True,cellular,180.9,3,11.3,False,False,act,True,0.7384
sess_05783,usr_2051,push_notification,9,6,True,wifi,286.1,2,2.0,True,True,browse,False,0.2726
sess_05784,usr_1876,organic,5,1,False,wifi,265.1,1,83.4,True,False,browse,True,0.8346
sess_05785,usr_2297,push_notification,6,0,False,cellular,202.5,3,2.4,False,False,act,True,0.7765
sess_05786,usr_0089,organic,14,4,False,wifi,130.3,3,3.1,True,False,act,True,0.7448
sess_05787,usr_0163,organic,5,6,True,wifi,152.4,2,45.6,False,True,act,True,0.8047
sess_05788,usr_1014,widget,15,5,True,wifi,120.5,3,125.5,False,False,act,True,0.6496
sess_05789,usr_2169,push_notification,20,2,False,cellular,241.8,2,23.5,True,False,act,True,0.7948
sess_05790,usr_1249,organic,18,4,False,cellular,244.6,1,7.8,False,True,browse,False,0.5933
sess_05791,usr_1367,push_notification,19,5,True,wifi,105.9,3,1.2,False,False,act,True,0.6228
sess_05792,usr_2007,organic,10,3,False,cellular,206.2,2,4.0,True,False,browse,False,0.5529
sess_05793,usr_1612,push_notification,12,3,False,wifi,208.4,2,5.8,False,False,browse,False,0.3158
sess_05794,usr_0644,organic,23,5,True,wifi,166.1,5,24.0,False,False,browse,False,0.3521
sess_05795,usr_0076,organic,7,3,False,cellular,143.7,3,3.0,False,True,act,True,0.6515
sess_05796,usr_1421,push_notification,11,4,False,cellular,140.5,3,7.1,False,False,act,True,0.8217
sess_05797,usr_1442,organic,12,1,False,cellular,251.5,2,23.0,False,True,browse,False,0.4695
sess_05798,usr_1456,widget,12,6,True,cellular,350.4,1,19.7,False,False,browse,True,0.8023
sess_05799,usr_1239,organic,21,4,False,wifi,135.8,3,7.1,False,False,act,True,0.6934
sess_05800,usr_0968,organic,23,2,False,cellular,405.8,1,1.2,False,False,browse,False,0.2801
sess_05801,usr_2054,organic,17,4,False,wifi,295.4,1,4.3,False,False,browse,False,0.5575
sess_05802,usr_1130,widget,19,2,False,cellular,180.2,1,23.2,False,False,act,True,0.5973
sess_05803,usr_0254,push_notification,17,5,True,cellular,86.9,4,14.0,True,False,act,False,0.4725
sess_05804,usr_1056,organic,20,1,False,wifi,267.1,2,25.2,False,False,browse,False,0.306
sess_05805,usr_1586,organic,19,4,False,wifi,182.6,3,4.8,False,False,act,False,0.4643
sess_05806,usr_0121,organic,19,1,False,cellular,276.5,1,159.9,False,False,browse,True,0.7757
sess_05807,usr_2274,organic,19,0,False,wifi,90.7,2,1.7,False,False,act,True,0.8272
sess_05808,usr_1148,widget,18,1,False,wifi,97.0,4,3.0,True,False,act,True,0.7741
sess_05809,usr_0924,widget,13,1,False,wifi,67.8,1,2.1,True,False,act,True,0.7982
sess_05810,usr_0622,organic,16,3,False,wifi,310.3,2,19.1,False,False,browse,False,0.49
sess_05811,usr_1400,organic,7,1,False,wifi,321.5,1,37.4,False,False,browse,False,0.3017
sess_05812,usr_1610,organic,13,4,False,wifi,250.0,3,3.3,False,False,browse,False,0.3543
sess_05813,usr_0563,widget,17,2,False,cellular,234.7,1,5.2,True,False,browse,True,0.5933
sess_05814,usr_0360,widget,12,2,False,wifi,222.1,1,5.8,False,False,browse,True,0.6727
sess_05815,usr_1566,organic,18,1,False,cellular,154.8,2,3.4,False,False,act,False,0.5721
sess_05816,usr_2133,widget,7,5,True,wifi,378.6,1,28.3,False,False,browse,False,0.365
sess_05817,usr_0932,organic,16,2,False,cellular,449.0,1,10.6,False,False,browse,False,0.2959
sess_05818,usr_1710,widget,19,6,True,wifi,154.7,2,109.6,False,True,act,True,0.7976
sess_05819,usr_0985,push_notification,19,3,False,cellular,164.3,4,12.4,False,False,act,True,0.8434
sess_05820,usr_2347,widget,14,2,False,wifi,47.7,1,13.2,False,True,act,True,0.826
sess_05821,usr_0626,widget,17,1,False,wifi,365.8,1,2.5,False,False,browse,True,0.5722
sess_05822,usr_1747,organic,19,5,True,wifi,56.6,1,21.3,False,False,browse,True,0.6708
sess_05823,usr_1280,organic,15,2,False,wifi,140.5,3,25.1,False,False,act,True,0.8049
sess_05824,usr_2480,organic,5,6,True,cellular,48.5,4,13.1,True,False,act,False,0.4791
sess_05825,usr_1349,organic,19,0,False,wifi,84.5,3,2.5,False,False,act,False,0.6032
sess_05826,usr_1840,push_notification,19,6,True,wifi,137.6,2,1.1,False,False,act,True,0.6531
sess_05827,usr_2221,push_notification,10,4,False,cellular,329.3,1,22.2,False,False,browse,False,0.2839
sess_05828,usr_0540,widget,19,3,False,wifi,235.5,1,25.8,False,False,browse,False,0.3475
sess_05829,usr_0847,organic,19,0,False,wifi,311.4,1,72.1,False,False,browse,False,0.4887
sess_05830,usr_0568,push_notification,5,5,True,cellular,139.4,2,9.9,False,False,act,True,0.8905
sess_05831,usr_2380,widget,13,5,True,cellular,188.2,2,32.1,False,True,act,True,0.7522
sess_05832,usr_2218,widget,6,0,False,cellular,95.1,4,18.5,False,False,browse,False,0.3084
sess_05833,usr_0829,organic,18,3,False,wifi,305.5,4,2.7,False,False,browse,False,0.2811
sess_05834,usr_0566,push_notification,8,1,False,cellular,73.8,3,168.0,True,False,act,False,0.4624
sess_05835,usr_1266,widget,5,4,False,wifi,133.1,1,0.8,True,False,browse,False,0.5877
sess_05836,usr_2146,widget,20,4,False,wifi,184.9,4,37.5,False,False,act,True,0.8098
sess_05837,usr_0554,push_notification,5,2,False,cellular,158.7,2,7.8,False,False,act,True,0.6005
sess_05838,usr_1762,push_notification,19,3,False,wifi,63.8,3,11.0,True,False,act,True,0.6911
sess_05839,usr_0595,organic,8,6,True,cellular,284.5,1,20.1,False,False,browse,False,0.525
sess_05840,usr_2314,organic,0,3,False,wifi,122.3,3,9.3,False,False,browse,False,0.4944
sess_05841,usr_0648,push_notification,8,4,False,cellular,233.0,3,165.0,False,False,browse,False,0.3342
sess_05842,usr_1301,push_notification,9,2,False,wifi,310.7,2,15.4,False,True,browse,True,0.6194
sess_05843,usr_0278,widget,7,2,False,cellular,74.5,2,42.8,False,False,act,True,0.7815
sess_05844,usr_2283,organic,18,6,True,wifi,344.4,1,11.6,True,False,browse,False,0.3185
sess_05845,usr_2184,organic,16,0,False,wifi,304.9,1,57.1,True,False,browse,False,0.2429
sess_05846,usr_0485,push_notification,20,0,False,wifi,107.9,4,6.0,True,True,act,True,0.7936
sess_05847,usr_0755,organic,23,6,True,wifi,398.8,1,16.9,False,False,browse,True,0.8369
sess_05848,usr_1301,organic,17,6,True,wifi,293.9,3,14.2,True,False,browse,False,0.2959
sess_05849,usr_0597,widget,11,1,False,cellular,121.1,4,30.4,False,True,act,True,0.8382
sess_05850,usr_0121,push_notification,14,6,True,cellular,51.3,3,11.3,False,False,act,True,0.5938
sess_05851,usr_1306,organic,18,2,False,cellular,143.0,3,41.0,False,True,act,True,0.7929
sess_05852,usr_1696,widget,7,6,True,wifi,322.2,1,7.6,False,False,browse,False,0.5229
sess_05853,usr_1685,push_notification,19,6,True,wifi,155.3,2,13.9,False,False,act,False,0.2752
sess_05854,usr_1243,organic,17,1,False,wifi,372.8,2,28.5,False,False,browse,False,0.4857
sess_05855,usr_1815,push_notification,20,1,False,cellular,138.6,3,51.1,False,False,act,True,0.8133
sess_05856,usr_1122,push_notification,18,3,False,wifi,351.2,1,8.1,True,False,browse,False,0.2742
sess_05857,usr_0623,organic,6,2,False,cellular,277.8,2,0.5,False,True,browse,False,0.2551
sess_05858,usr_0770,organic,2,3,False,wifi,292.0,3,15.2,True,False,browse,False,0.5068
sess_05859,usr_0438,organic,15,1,False,wifi,254.2,2,168.0,False,True,browse,False,0.5686
sess_05860,usr_0539,organic,19,4,False,wifi,166.5,4,5.5,True,False,act,True,0.8655
sess_05861,usr_0757,push_notification,16,1,False,cellular,94.3,3,10.1,True,False,browse,False,0.4553
sess_05862,usr_0108,organic,16,2,False,cellular,275.1,1,2.4,False,False,browse,False,0.4933
sess_05863,usr_1094,push_notification,5,3,False,wifi,177.8,1,10.1,False,False,browse,False,0.4401
sess_05864,usr_2481,push_notification,20,3,False,wifi,143.4,4,4.7,False,False,act,True,0.6909
sess_05865,usr_2323,organic,19,3,False,cellular,357.9,3,24.0,True,False,browse,True,0.83
sess_05866,usr_0946,organic,13,2,False,cellular,325.0,1,4.3,True,False,browse,False,0.2768
sess_05867,usr_2443,organic,23,4,False,cellular,289.9,1,0.9,False,False,browse,False,0.5701
sess_05868,usr_0952,push_notification,6,6,True,cellular,385.2,2,23.1,False,False,browse,False,0.5866
sess_05869,usr_0946,push_notification,20,1,False,cellular,43.4,2,96.5,True,False,act,True,0.7847
sess_05870,usr_0107,push_notification,13,6,True,wifi,412.5,1,10.0,False,False,browse,False,0.5044
sess_05871,usr_1472,organic,14,1,False,wifi,336.3,4,32.7,False,False,browse,False,0.5284
sess_05872,usr_0326,widget,20,0,False,wifi,113.3,1,9.1,False,False,browse,False,0.4314
sess_05873,usr_1953,push_notification,12,2,False,wifi,89.7,4,52.7,False,False,act,True,0.7935
sess_05874,usr_0550,widget,20,2,False,wifi,185.8,1,42.9,False,True,act,True,0.8525
sess_05875,usr_2058,push_notification,3,1,False,cellular,138.8,3,8.5,False,False,act,True,0.6445
sess_05876,usr_2477,push_notification,15,2,False,cellular,102.9,2,1.8,True,False,act,True,0.856
sess_05877,usr_1921,push_notification,9,4,False,wifi,269.3,1,12.9,True,False,browse,False,0.4478
sess_05878,usr_1532,organic,18,4,False,wifi,97.7,2,7.4,False,True,act,True,0.8263
sess_05879,usr_0754,widget,17,5,True,wifi,274.0,1,17.8,True,True,browse,False,0.4617
sess_05880,usr_1588,organic,10,4,False,wifi,311.1,1,1.5,False,False,browse,False,0.311
sess_05881,usr_2013,organic,13,0,False,wifi,243.9,3,2.5,False,False,browse,False,0.3151
sess_05882,usr_1941,widget,8,2,False,wifi,363.1,3,10.0,False,False,browse,False,0.2989
sess_05883,usr_0564,push_notification,17,2,False,wifi,86.5,2,10.4,False,True,act,False,0.5203
sess_05884,usr_0671,organic,7,3,False,cellular,206.9,3,36.0,False,False,browse,True,0.8707
sess_05885,usr_0792,organic,14,4,False,wifi,270.4,4,28.4,False,False,browse,False,0.3207
sess_05886,usr_0927,organic,20,3,False,wifi,363.1,1,74.9,False,False,browse,False,0.5215
sess_05887,usr_0133,organic,15,2,False,cellular,220.4,1,105.2,True,True,browse,False,0.2954
sess_05888,usr_1674,organic,8,6,True,wifi,184.2,2,7.6,False,False,browse,False,0.5877
sess_05889,usr_0062,widget,14,2,False,wifi,279.1,2,6.4,False,False,browse,False,0.5329
sess_05890,usr_1106,widget,13,4,False,wifi,81.7,2,28.0,True,True,act,True,0.6244
sess_05891,usr_1692,organic,17,3,False,wifi,374.8,3,8.8,False,False,browse,False,0.5103
sess_05892,usr_0912,organic,22,2,False,cellular,237.5,2,1.6,False,False,browse,False,0.3529
sess_05893,usr_0831,organic,17,5,True,wifi,293.7,1,0.5,False,False,browse,True,0.6347
sess_05894,usr_0838,widget,17,1,False,wifi,386.7,1,28.1,False,False,browse,False,0.4642
sess_05895,usr_0271,organic,10,5,True,cellular,138.0,1,4.9,True,False,browse,False,0.556
sess_05896,usr_0726,widget,16,2,False,cellular,18.9,3,130.1,False,False,act,True,0.75
sess_05897,usr_1800,organic,20,4,False,wifi,265.7,1,4.7,True,False,browse,False,0.5549
sess_05898,usr_2007,push_notification,5,3,False,wifi,148.1,3,1.8,False,False,act,True,0.8102
sess_05899,usr_1331,push_notification,20,6,True,wifi,10.0,2,1.4,False,False,act,True,0.8684
sess_05900,usr_1875,organic,17,4,False,cellular,100.4,3,81.6,True,False,act,True,0.7975
sess_05901,usr_1011,push_notification,7,3,False,wifi,172.9,1,29.9,False,False,act,True,0.652
sess_05902,usr_1752,organic,3,2,False,wifi,297.4,1,3.9,True,True,browse,False,0.5421
sess_05903,usr_1659,push_notification,20,4,False,wifi,153.0,1,1.6,False,False,act,True,0.7644
sess_05904,usr_0172,push_notification,14,1,False,cellular,362.3,1,38.4,False,False,browse,False,0.3057
sess_05905,usr_2491,push_notification,20,5,True,wifi,73.1,2,18.5,False,False,act,False,0.5748
sess_05906,usr_1559,organic,9,6,True,wifi,176.9,1,3.2,True,False,browse,False,0.5464
sess_05907,usr_1282,organic,14,5,True,cellular,372.5,1,75.1,False,True,browse,True,0.6733
sess_05908,usr_1615,push_notification,19,6,True,wifi,65.0,2,12.8,False,False,act,True,0.8514
sess_05909,usr_2343,organic,14,3,False,cellular,314.8,2,85.8,True,False,browse,False,0.3415
sess_05910,usr_2433,organic,9,2,False,cellular,469.2,1,32.1,False,False,browse,False,0.2221
sess_05911,usr_2197,push_notification,20,6,True,wifi,185.1,2,5.3,False,False,act,True,0.8199
sess_05912,usr_2152,widget,8,6,True,wifi,76.8,3,1.4,False,False,act,False,0.5433
sess_05913,usr_0158,organic,18,2,False,wifi,41.2,1,8.4,False,False,browse,False,0.2947
sess_05914,usr_2133,widget,20,4,False,cellular,333.4,3,3.2,False,False,browse,False,0.523
sess_05915,usr_0448,push_notification,13,2,False,wifi,150.4,2,14.9,True,False,act,True,0.6448
sess_05916,usr_1850,push_notification,18,0,False,wifi,91.0,2,47.0,False,False,act,True,0.7689
sess_05917,usr_1872,push_notification,17,5,True,wifi,132.2,2,20.3,False,False,act,True,0.7412
sess_05918,usr_0174,organic,13,6,True,cellular,265.6,2,2.6,False,False,browse,False,0.5152
sess_05919,usr_1007,organic,7,0,False,wifi,187.3,3,5.2,True,False,browse,False,0.3867
sess_05920,usr_2125,organic,13,4,False,cellular,375.6,5,40.0,True,False,browse,False,0.3631
sess_05921,usr_2204,push_notification,17,1,False,cellular,372.2,2,14.7,False,False,browse,True,0.824
sess_05922,usr_1621,widget,2,4,False,cellular,220.3,1,13.5,True,False,browse,False,0.2409
sess_05923,usr_0161,widget,12,0,False,cellular,319.1,1,4.7,False,False,browse,False,0.5343
sess_05924,usr_2285,push_notification,22,6,True,wifi,85.1,4,16.2,False,False,act,False,0.5615
sess_05925,usr_1587,push_notification,8,0,False,cellular,363.5,2,7.9,False,False,browse,False,0.3612
sess_05926,usr_2115,push_notification,6,3,False,wifi,74.6,3,4.0,False,True,act,False,0.2811
sess_05927,usr_0202,push_notification,20,1,False,wifi,187.3,2,2.8,True,False,act,True,0.809
sess_05928,usr_0778,organic,23,2,False,wifi,274.4,1,46.3,False,False,browse,False,0.5542
sess_05929,usr_1193,push_notification,21,4,False,cellular,86.2,3,6.5,False,False,act,True,0.8216
sess_05930,usr_1801,organic,19,2,False,cellular,268.9,1,11.9,False,True,browse,False,0.5594
sess_05931,usr_1631,organic,16,5,True,cellular,261.6,1,31.2,False,False,browse,True,0.6365
sess_05932,usr_1248,organic,13,3,False,wifi,258.5,3,8.3,True,False,browse,False,0.5676
sess_05933,usr_1172,organic,3,6,True,cellular,196.1,2,5.1,False,False,browse,False,0.2643
sess_05934,usr_1890,widget,21,4,False,cellular,312.9,2,22.0,True,False,browse,False,0.3374
sess_05935,usr_0682,widget,8,5,True,wifi,403.4,1,157.0,True,False,browse,True,0.7777
sess_05936,usr_1731,push_notification,21,0,False,wifi,131.0,3,6.7,False,False,act,False,0.3898
sess_05937,usr_1206,organic,14,6,True,cellular,357.7,1,24.6,False,False,browse,False,0.5064
sess_05938,usr_0224,push_notification,15,3,False,cellular,120.8,2,4.5,True,False,act,True,0.8106
sess_05939,usr_2118,organic,21,5,True,wifi,156.9,2,15.6,True,True,browse,False,0.3334
sess_05940,usr_0583,organic,8,0,False,cellular,297.8,3,39.3,False,False,browse,False,0.4988
sess_05941,usr_1899,push_notification,19,3,False,cellular,34.3,2,5.4,False,True,act,False,0.2811
sess_05942,usr_1851,push_notification,7,4,False,cellular,104.3,1,12.9,False,False,act,True,0.6858
sess_05943,usr_0371,push_notification,12,4,False,cellular,121.1,2,11.4,True,False,act,True,0.6812
sess_05944,usr_2051,widget,8,4,False,cellular,160.2,2,53.9,False,False,act,True,0.6057
sess_05945,usr_0464,organic,14,5,True,wifi,338.9,2,9.8,False,False,browse,False,0.5312
sess_05946,usr_0737,organic,1,2,False,wifi,89.4,1,3.5,False,False,act,True,0.7574
sess_05947,usr_2398,organic,5,5,True,wifi,307.4,4,10.9,False,True,browse,False,0.5026
sess_05948,usr_2239,widget,21,2,False,wifi,115.8,1,5.4,False,False,act,False,0.5982
sess_05949,usr_0555,push_notification,19,0,False,cellular,161.7,1,4.9,True,False,act,True,0.7015
sess_05950,usr_1611,organic,8,2,False,wifi,392.5,1,36.7,False,False,browse,False,0.2355
sess_05951,usr_1694,push_notification,19,1,False,cellular,141.7,2,3.6,True,False,act,False,0.5126
sess_05952,usr_1325,organic,7,4,False,wifi,260.5,1,8.4,False,False,browse,False,0.301
sess_05953,usr_1847,push_notification,10,3,False,cellular,87.3,3,8.9,True,False,act,True,0.8535
sess_05954,usr_0103,widget,12,2,False,cellular,210.9,1,21.4,False,False,browse,False,0.4635
sess_05955,usr_0733,push_notification,5,2,False,wifi,283.7,5,2.9,False,False,browse,False,0.3078
sess_05956,usr_1859,widget,8,0,False,cellular,264.0,1,13.6,False,False,browse,False,0.5836
sess_05957,usr_2418,push_notification,23,3,False,wifi,151.9,2,0.7,False,False,act,True,0.8568
sess_05958,usr_0828,organic,18,4,False,cellular,241.5,1,20.9,False,False,browse,False,0.4955
sess_05959,usr_1863,organic,7,5,True,wifi,93.2,2,20.1,False,False,act,True,0.8249
sess_05960,usr_0370,widget,20,2,False,cellular,176.7,2,5.1,False,False,act,True,0.8367
sess_05961,usr_1025,organic,8,1,False,wifi,172.7,3,17.5,False,True,act,True,0.7982
sess_05962,usr_1328,push_notification,18,5,True,cellular,374.3,1,17.9,False,False,browse,True,0.6461
sess_05963,usr_0672,organic,6,4,False,cellular,231.9,3,8.5,False,False,browse,False,0.3047
sess_05964,usr_0507,push_notification,20,3,False,wifi,161.7,3,9.5,False,True,act,True,0.7614
sess_05965,usr_0374,organic,20,6,True,cellular,275.5,2,28.3,False,True,browse,False,0.261
sess_05966,usr_0468,push_notification,11,5,True,cellular,388.0,2,21.4,True,False,browse,True,0.7889
sess_05967,usr_1841,widget,11,1,False,cellular,239.1,1,32.5,False,False,browse,False,0.5441
sess_05968,usr_1487,organic,18,6,True,cellular,127.4,3,34.0,False,False,act,True,0.7874
sess_05969,usr_0350,push_notification,12,4,False,wifi,139.0,1,26.2,False,False,act,True,0.8173
sess_05970,usr_2146,push_notification,18,4,False,cellular,114.9,3,1.5,False,False,act,True,0.6459
sess_05971,usr_1574,push_notification,15,3,False,cellular,116.2,1,5.5,False,False,act,True,0.587
sess_05972,usr_2096,organic,20,1,False,wifi,190.0,4,4.8,False,True,browse,False,0.3978
sess_05973,usr_0655,organic,13,6,True,wifi,202.7,1,13.5,False,False,browse,True,0.6891
sess_05974,usr_1552,widget,20,3,False,wifi,248.4,1,15.9,True,False,browse,False,0.5204
sess_05975,usr_2255,organic,8,2,False,cellular,163.2,1,23.7,True,True,browse,False,0.4556
sess_05976,usr_1559,push_notification,13,3,False,wifi,88.9,1,6.3,True,False,act,True,0.7817
sess_05977,usr_0180,organic,20,0,False,cellular,121.9,4,16.6,True,True,act,True,0.7572
sess_05978,usr_0700,organic,9,5,True,cellular,64.8,3,6.3,True,False,act,True,0.6129
sess_05979,usr_1373,organic,13,4,False,cellular,285.4,1,29.5,False,False,browse,False,0.5281
sess_05980,usr_2317,organic,8,2,False,wifi,234.7,4,4.4,False,False,browse,False,0.307
sess_05981,usr_0615,push_notification,15,2,False,cellular,166.5,2,5.4,False,True,act,False,0.5853
sess_05982,usr_0665,widget,18,2,False,wifi,208.1,2,138.6,False,False,browse,False,0.5213
sess_05983,usr_0593,organic,5,4,False,wifi,282.2,1,15.8,False,False,browse,False,0.2937
sess_05984,usr_0733,push_notification,1,5,True,wifi,99.0,4,23.6,True,False,act,True,0.8618
sess_05985,usr_0211,push_notification,10,4,False,cellular,142.7,3,8.5,False,False,act,True,0.7707
sess_05986,usr_1719,widget,20,1,False,wifi,325.5,2,5.5,True,False,browse,True,0.5918
sess_05987,usr_1262,organic,7,5,True,cellular,367.5,2,8.3,False,False,browse,False,0.5177
sess_05988,usr_1268,organic,20,6,True,wifi,228.1,1,3.9,False,False,browse,False,0.286
sess_05989,usr_1828,organic,13,5,True,cellular,110.2,2,63.9,True,False,browse,False,0.372
sess_05990,usr_1183,widget,13,6,True,wifi,301.9,1,16.0,True,False,browse,True,0.7494
sess_05991,usr_0741,organic,11,2,False,wifi,289.2,1,21.3,False,False,browse,False,0.5008
sess_05992,usr_0482,push_notification,19,0,False,wifi,162.8,3,15.2,False,False,act,True,0.8043
sess_05993,usr_0539,organic,19,4,False,cellular,390.4,3,28.9,False,False,browse,True,0.8114
sess_05994,usr_0831,widget,6,4,False,wifi,148.0,3,5.5,False,False,act,True,0.5736
sess_05995,usr_0015,organic,15,6,True,cellular,242.0,1,14.6,False,False,browse,True,0.5893
sess_05996,usr_1037,push_notification,17,6,True,cellular,110.0,2,109.2,False,False,act,True,0.8467
sess_05997,usr_0051,organic,8,1,False,wifi,343.7,4,7.2,False,True,browse,False,0.4398
sess_05998,usr_1879,push_notification,19,2,False,wifi,144.3,1,24.5,False,False,act,True,0.7559
sess_05999,usr_2039,organic,8,4,False,wifi,348.6,3,16.0,False,False,browse,False,0.3349
sess_06000,usr_2043,organic,16,2,False,cellular,140.5,1,19.6,False,False,act,True,0.8118
sess_06001,usr_2227,organic,18,2,False,wifi,29.9,1,13.8,True,False,act,True,0.5719
sess_06002,usr_0024,organic,18,1,False,wifi,293.6,3,3.6,True,False,browse,True,0.6879
sess_06003,usr_2491,organic,23,3,False,cellular,363.5,1,1.8,False,False,browse,True,0.621
sess_06004,usr_2022,organic,15,0,False,cellular,252.3,1,18.0,False,False,browse,True,0.7721
sess_06005,usr_0975,push_notification,19,4,False,cellular,94.9,3,28.4,False,False,act,True,0.783
sess_06006,usr_0889,organic,8,4,False,wifi,292.8,3,15.1,False,False,browse,False,0.5776
sess_06007,usr_2412,widget,3,2,False,wifi,284.4,1,7.1,False,False,browse,True,0.6195
sess_06008,usr_1949,push_notification,6,1,False,wifi,123.5,1,1.7,True,False,act,True,0.7798
sess_06009,usr_1859,push_notification,13,0,False,cellular,231.9,1,15.7,False,False,browse,False,0.5452
sess_06010,usr_1680,widget,11,4,False,wifi,31.8,3,16.4,True,False,act,True,0.8638
sess_06011,usr_1810,organic,9,6,True,wifi,340.9,1,2.6,False,False,browse,False,0.2695
sess_06012,usr_0326,organic,16,4,False,wifi,278.9,1,4.4,False,False,browse,False,0.3771
sess_06013,usr_2463,push_notification,15,2,False,wifi,136.3,3,75.9,False,False,act,True,0.7993
sess_06014,usr_2459,organic,20,6,True,wifi,370.7,1,0.5,True,False,browse,False,0.3361
sess_06015,usr_0027,widget,10,4,False,cellular,98.1,2,2.0,True,False,act,True,0.7708
sess_06016,usr_1003,push_notification,20,5,True,wifi,102.6,2,31.3,True,False,act,True,0.8329
sess_06017,usr_2242,organic,1,0,False,wifi,151.0,1,7.2,False,False,browse,False,0.3111
sess_06018,usr_1140,organic,6,1,False,cellular,184.2,1,3.8,False,True,browse,False,0.2586
sess_06019,usr_2284,organic,18,3,False,wifi,264.0,1,16.1,True,True,browse,False,0.346
sess_06020,usr_0851,push_notification,20,1,False,cellular,88.1,2,23.3,False,False,act,True,0.5803
sess_06021,usr_0201,push_notification,12,5,True,cellular,356.1,1,7.3,False,False,browse,False,0.2931
sess_06022,usr_0758,organic,17,0,False,wifi,208.4,3,2.8,False,False,browse,False,0.433
sess_06023,usr_0608,organic,19,3,False,wifi,273.7,2,3.1,True,True,browse,True,0.8008
sess_06024,usr_0226,widget,20,5,True,wifi,231.4,2,2.9,False,False,browse,False,0.3966
sess_06025,usr_1430,push_notification,10,3,False,wifi,223.7,1,82.3,True,False,browse,False,0.2825
sess_06026,usr_0151,organic,13,5,True,cellular,168.0,1,29.3,True,False,browse,False,0.2551
sess_06027,usr_0596,widget,18,3,False,cellular,192.4,4,0.9,True,False,browse,False,0.5574
sess_06028,usr_0133,widget,21,0,False,wifi,190.1,2,18.6,True,False,browse,False,0.4751
sess_06029,usr_2368,push_notification,13,3,False,cellular,108.4,2,37.6,False,False,act,True,0.6154
sess_06030,usr_2472,push_notification,16,3,False,cellular,282.3,1,1.5,False,False,browse,False,0.4619
sess_06031,usr_1223,organic,14,1,False,wifi,350.0,1,5.8,False,True,browse,False,0.5085
sess_06032,usr_1357,organic,9,3,False,cellular,216.8,2,9.6,False,False,browse,False,0.3268
sess_06033,usr_0360,organic,17,2,False,wifi,271.2,1,54.1,True,False,browse,False,0.5719
sess_06034,usr_0201,widget,12,3,False,cellular,326.2,1,39.9,False,False,browse,False,0.3765
sess_06035,usr_0447,push_notification,16,3,False,cellular,135.8,2,5.8,True,False,act,True,0.8835
sess_06036,usr_1708,push_notification,19,5,True,wifi,190.8,2,25.3,False,False,browse,False,0.3808
sess_06037,usr_0731,push_notification,11,0,False,wifi,105.1,3,8.9,False,False,act,True,0.793
sess_06038,usr_0661,push_notification,16,5,True,wifi,92.5,5,43.5,True,False,act,True,0.7892
sess_06039,usr_1165,push_notification,14,2,False,wifi,274.7,1,45.6,False,False,browse,False,0.516
sess_06040,usr_2437,push_notification,20,3,False,cellular,231.1,1,56.0,True,False,browse,True,0.8702
sess_06041,usr_2345,organic,19,0,False,cellular,257.8,3,4.4,False,True,browse,False,0.2472
sess_06042,usr_2303,organic,18,6,True,wifi,282.7,1,0.3,True,True,browse,False,0.3046
sess_06043,usr_0727,organic,13,1,False,wifi,414.7,1,18.0,False,False,browse,True,0.5825
sess_06044,usr_1866,organic,19,1,False,cellular,193.5,3,11.3,False,False,browse,False,0.5384
sess_06045,usr_2372,widget,11,4,False,wifi,473.5,2,113.4,False,False,browse,True,0.6152
sess_06046,usr_1476,organic,14,2,False,cellular,251.5,1,0.8,True,False,browse,False,0.5751
sess_06047,usr_0147,push_notification,11,4,False,wifi,315.5,1,73.2,False,False,browse,False,0.4892
sess_06048,usr_0382,widget,19,5,True,cellular,132.2,4,5.4,False,False,act,True,0.7502
sess_06049,usr_1226,widget,19,0,False,wifi,349.0,1,5.6,True,False,browse,False,0.4597
sess_06050,usr_1323,push_notification,19,0,False,wifi,10.0,2,26.1,False,False,act,True,0.85
sess_06051,usr_1510,widget,16,1,False,wifi,307.3,2,26.8,False,False,browse,True,0.6685
sess_06052,usr_1553,organic,19,5,True,wifi,272.6,1,4.1,True,False,browse,False,0.524
sess_06053,usr_0278,organic,8,6,True,wifi,143.1,3,35.1,False,False,act,True,0.8517
sess_06054,usr_1751,push_notification,6,0,False,cellular,146.8,2,33.9,False,True,act,False,0.3796
sess_06055,usr_2255,push_notification,13,0,False,wifi,134.6,3,1.7,False,False,act,True,0.6037
sess_06056,usr_0266,organic,4,1,False,wifi,387.7,1,30.9,False,True,browse,False,0.2414
sess_06057,usr_1200,organic,13,3,False,cellular,215.6,1,20.6,False,False,browse,False,0.3685
sess_06058,usr_1929,push_notification,13,2,False,wifi,64.5,3,58.7,True,False,act,True,0.5721
sess_06059,usr_0552,organic,20,4,False,cellular,256.5,2,27.7,False,False,browse,False,0.3393
sess_06060,usr_0500,push_notification,21,1,False,cellular,74.7,4,7.3,True,True,act,True,0.5406
sess_06061,usr_1125,push_notification,4,5,True,wifi,330.9,1,29.0,False,False,browse,False,0.2833
sess_06062,usr_1349,organic,12,2,False,wifi,200.3,1,5.1,True,False,browse,True,0.8298
sess_06063,usr_2159,organic,18,4,False,cellular,322.0,2,91.3,False,False,browse,False,0.369
sess_06064,usr_1695,organic,1,1,False,cellular,182.3,1,31.0,False,False,browse,True,0.888
sess_06065,usr_2149,organic,6,0,False,wifi,86.8,3,3.3,False,False,act,True,0.7728
sess_06066,usr_0860,widget,5,5,True,cellular,132.2,2,0.8,False,False,act,False,0.4948
sess_06067,usr_0857,push_notification,13,6,True,wifi,100.5,2,30.3,False,True,act,True,0.778
sess_06068,usr_0239,widget,10,3,False,wifi,272.8,1,44.6,False,False,browse,False,0.4641
sess_06069,usr_0448,widget,9,0,False,cellular,265.4,5,6.4,True,False,browse,True,0.6136
sess_06070,usr_2341,widget,8,4,False,wifi,291.1,1,6.3,True,False,browse,False,0.2745
sess_06071,usr_2167,push_notification,7,0,False,wifi,90.8,2,3.7,False,False,act,True,0.7308
sess_06072,usr_0360,organic,5,3,False,cellular,118.9,3,14.9,True,False,act,True,0.5338
sess_06073,usr_1982,organic,16,2,False,wifi,311.9,1,6.6,False,False,browse,False,0.3097
sess_06074,usr_2478,organic,7,3,False,wifi,244.6,1,6.5,False,False,browse,False,0.295
sess_06075,usr_1177,organic,13,3,False,wifi,128.7,2,16.2,False,True,act,False,0.485
sess_06076,usr_1750,widget,13,5,True,wifi,375.1,1,9.9,True,False,browse,False,0.4581
sess_06077,usr_2494,push_notification,10,1,False,wifi,130.1,2,6.8,True,True,act,True,0.6063
sess_06078,usr_1297,push_notification,20,1,False,wifi,361.5,3,15.5,False,False,browse,False,0.3282
sess_06079,usr_1064,push_notification,23,5,True,wifi,92.4,2,4.2,False,False,act,True,0.8419
sess_06080,usr_2153,widget,22,5,True,wifi,73.0,5,21.6,False,False,act,True,0.7625
sess_06081,usr_2356,push_notification,17,2,False,cellular,293.5,1,53.7,False,False,browse,True,0.5717
sess_06082,usr_1450,push_notification,9,6,True,wifi,101.2,1,10.0,True,False,act,False,0.5069
sess_06083,usr_0532,widget,11,3,False,cellular,91.4,2,100.4,False,False,act,True,0.8103
sess_06084,usr_2305,push_notification,7,0,False,wifi,133.7,1,1.9,True,True,act,False,0.442
sess_06085,usr_2034,organic,9,5,True,cellular,317.8,4,0.9,False,False,browse,False,0.4916
sess_06086,usr_2129,organic,19,4,False,cellular,338.8,1,33.5,False,False,browse,False,0.5441
sess_06087,usr_2039,organic,19,6,True,wifi,394.0,1,15.0,False,False,browse,True,0.6575
sess_06088,usr_2018,organic,22,2,False,cellular,151.0,1,2.1,True,False,browse,False,0.3162
sess_06089,usr_0737,organic,14,3,False,wifi,96.8,2,11.2,False,True,act,True,0.8464
sess_06090,usr_2497,organic,7,4,False,cellular,212.3,3,14.4,True,False,browse,False,0.5218
sess_06091,usr_0954,push_notification,9,5,True,wifi,283.2,2,2.7,False,False,browse,False,0.5497
sess_06092,usr_1190,organic,19,5,True,wifi,356.3,1,3.1,False,False,browse,True,0.9019
sess_06093,usr_0793,organic,2,5,True,wifi,251.4,1,14.8,False,False,browse,False,0.5544
sess_06094,usr_0007,widget,11,0,False,cellular,86.9,2,3.4,True,False,act,False,0.5907
sess_06095,usr_0485,organic,20,3,False,wifi,137.9,1,8.2,True,True,browse,False,0.3333
sess_06096,usr_0099,widget,16,1,False,wifi,246.6,1,14.9,False,False,browse,False,0.2674
sess_06097,usr_1905,widget,11,4,False,wifi,254.1,1,24.2,False,False,browse,False,0.352
sess_06098,usr_0484,organic,19,2,False,cellular,157.3,3,6.8,False,False,act,True,0.8772
sess_06099,usr_0850,push_notification,19,4,False,wifi,180.3,1,16.0,False,False,browse,False,0.2374
sess_06100,usr_1699,organic,6,5,True,wifi,216.9,1,118.5,True,False,browse,False,0.4684
sess_06101,usr_1696,widget,12,1,False,wifi,82.3,2,46.9,False,False,act,True,0.8455
sess_06102,usr_0187,push_notification,12,2,False,wifi,152.0,3,22.4,False,True,act,True,0.604
sess_06103,usr_1368,widget,13,6,True,wifi,146.1,1,19.3,True,False,browse,False,0.2548
sess_06104,usr_1433,organic,7,1,False,cellular,322.8,1,161.2,True,False,browse,False,0.3872
sess_06105,usr_2296,push_notification,17,4,False,wifi,86.1,1,36.0,False,False,act,False,0.5524
sess_06106,usr_0870,organic,19,4,False,cellular,284.5,1,27.4,True,False,browse,False,0.4296
sess_06107,usr_0047,widget,17,0,False,wifi,138.4,3,55.5,False,False,browse,False,0.3387
sess_06108,usr_0825,push_notification,16,3,False,cellular,177.2,1,11.5,False,False,browse,False,0.4899
sess_06109,usr_1154,organic,6,0,False,cellular,321.3,2,3.3,True,False,browse,False,0.2775
sess_06110,usr_1043,widget,22,2,False,wifi,291.7,2,13.7,True,False,browse,False,0.3107
sess_06111,usr_0278,organic,14,6,True,cellular,307.2,1,55.7,True,False,browse,False,0.4381
sess_06112,usr_1261,push_notification,1,5,True,cellular,180.6,3,60.0,True,False,act,True,0.7533
sess_06113,usr_1230,organic,0,6,True,wifi,299.2,1,22.1,False,False,browse,True,0.6579
sess_06114,usr_2076,push_notification,8,1,False,wifi,138.9,2,23.4,False,True,act,True,0.8618
sess_06115,usr_2253,organic,7,1,False,cellular,106.8,1,23.8,True,False,act,True,0.8303
sess_06116,usr_1327,organic,16,6,True,wifi,129.9,1,74.7,False,False,act,True,0.8162
sess_06117,usr_0026,widget,9,2,False,wifi,387.2,3,35.1,True,False,browse,False,0.3312
sess_06118,usr_0467,widget,11,5,True,wifi,253.3,1,33.1,True,False,browse,False,0.2623
sess_06119,usr_1366,organic,17,2,False,wifi,273.4,3,14.3,True,False,browse,False,0.3865
sess_06120,usr_1399,widget,11,4,False,wifi,202.2,1,1.5,True,True,act,True,0.629
sess_06121,usr_1623,widget,20,0,False,cellular,156.9,1,13.8,False,False,browse,False,0.5511
sess_06122,usr_2331,push_notification,14,1,False,wifi,202.7,2,5.9,False,False,browse,False,0.4955
sess_06123,usr_0120,push_notification,20,4,False,cellular,157.8,2,16.0,False,False,act,True,0.8183
sess_06124,usr_0720,push_notification,7,0,False,cellular,312.8,2,1.3,True,True,browse,False,0.3143
sess_06125,usr_0795,widget,21,2,False,cellular,138.9,3,79.2,True,False,act,False,0.4797
sess_06126,usr_1354,organic,8,4,False,cellular,288.9,3,64.4,False,False,browse,False,0.3202
sess_06127,usr_1385,organic,11,6,True,cellular,242.3,1,56.8,False,True,browse,False,0.5571
sess_06128,usr_1963,organic,9,0,False,wifi,394.7,1,0.6,False,False,browse,False,0.3403
sess_06129,usr_1944,push_notification,16,5,True,cellular,133.0,3,6.0,True,False,act,True,0.7989
sess_06130,usr_0146,widget,0,4,False,wifi,121.9,3,8.0,False,False,act,False,0.5507
sess_06131,usr_0557,push_notification,23,1,False,cellular,132.2,1,2.9,False,True,act,True,0.5658
sess_06132,usr_1973,organic,22,5,True,cellular,110.2,2,121.3,False,False,act,True,0.6099
sess_06133,usr_0637,organic,12,5,True,cellular,334.1,2,1.9,False,False,browse,False,0.2375
sess_06134,usr_1887,widget,7,6,True,cellular,211.9,1,2.4,False,False,browse,False,0.5147
sess_06135,usr_2200,organic,4,4,False,wifi,92.4,5,59.3,False,False,act,True,0.6159
sess_06136,usr_1373,organic,17,1,False,cellular,303.9,3,27.7,True,False,browse,False,0.4681
sess_06137,usr_1895,push_notification,15,5,True,wifi,166.0,2,9.6,False,False,act,False,0.5503
sess_06138,usr_1696,push_notification,8,5,True,cellular,298.5,1,7.0,True,False,browse,False,0.2938
sess_06139,usr_0230,organic,10,2,False,wifi,333.6,1,8.3,False,False,browse,False,0.5174
sess_06140,usr_2135,organic,10,6,True,cellular,344.2,3,3.3,False,False,browse,False,0.2737
sess_06141,usr_1227,organic,15,6,True,cellular,193.2,3,49.0,True,False,browse,False,0.4801
sess_06142,usr_2315,organic,20,0,False,wifi,212.8,1,12.0,False,True,browse,False,0.541
sess_06143,usr_1293,widget,11,0,False,cellular,209.1,1,10.0,False,False,browse,False,0.5338
sess_06144,usr_2275,organic,19,1,False,cellular,314.1,1,6.5,False,False,browse,False,0.265
sess_06145,usr_2195,organic,18,0,False,wifi,362.3,2,35.6,False,False,browse,False,0.5022
sess_06146,usr_0077,organic,17,3,False,wifi,298.2,1,62.6,False,False,browse,False,0.4726
sess_06147,usr_0854,organic,17,3,False,wifi,347.7,1,23.9,False,False,browse,True,0.7808
sess_06148,usr_2366,push_notification,7,4,False,wifi,210.2,3,8.7,True,False,act,True,0.8869
sess_06149,usr_1359,push_notification,14,1,False,wifi,111.4,2,2.6,False,False,act,True,0.8412
sess_06150,usr_1449,widget,17,2,False,wifi,256.6,4,8.5,False,False,browse,False,0.5102
sess_06151,usr_0272,organic,12,6,True,wifi,297.2,2,8.4,False,False,browse,False,0.3364
sess_06152,usr_0612,push_notification,17,2,False,wifi,32.8,2,17.3,False,False,act,False,0.3136
sess_06153,usr_1149,push_notification,3,0,False,wifi,88.3,3,12.1,False,False,act,True,0.5464
sess_06154,usr_0128,push_notification,13,2,False,cellular,139.0,4,8.7,False,False,act,True,0.7577
sess_06155,usr_1390,organic,19,5,True,cellular,163.6,2,7.7,True,True,browse,False,0.3513
sess_06156,usr_1537,push_notification,21,1,False,wifi,229.9,1,3.9,False,True,browse,True,0.8363
sess_06157,usr_2189,organic,9,4,False,cellular,129.6,2,6.8,True,False,act,True,0.6
sess_06158,usr_0680,widget,5,1,False,cellular,294.0,1,3.3,True,False,browse,False,0.4695
sess_06159,usr_2339,push_notification,10,2,False,wifi,237.6,1,22.3,False,False,browse,False,0.2969
sess_06160,usr_2481,organic,21,1,False,cellular,259.4,1,0.9,True,False,browse,True,0.7294
sess_06161,usr_1596,push_notification,6,5,True,wifi,108.7,2,7.5,True,False,act,False,0.4903
sess_06162,usr_0768,organic,19,6,True,wifi,290.9,1,25.1,False,False,browse,False,0.4864
sess_06163,usr_2438,push_notification,6,6,True,wifi,285.9,3,43.4,True,False,browse,False,0.5773
sess_06164,usr_0479,push_notification,13,2,False,wifi,285.5,1,16.8,False,False,browse,False,0.5574
sess_06165,usr_1263,push_notification,20,3,False,wifi,58.6,1,31.1,False,False,act,False,0.2703
sess_06166,usr_1289,widget,3,5,True,wifi,190.0,2,15.6,False,False,browse,False,0.2946
sess_06167,usr_0130,push_notification,19,1,False,wifi,108.6,3,26.0,False,False,act,True,0.8526
sess_06168,usr_1113,organic,19,3,False,cellular,87.1,2,30.8,False,False,act,True,0.8053
sess_06169,usr_1696,organic,19,2,False,wifi,224.6,3,18.3,True,False,browse,True,0.7609
sess_06170,usr_0356,push_notification,19,0,False,wifi,93.6,2,1.8,False,False,act,True,0.8362
sess_06171,usr_2036,organic,20,5,True,wifi,344.3,2,23.6,False,False,browse,False,0.2948
sess_06172,usr_0974,organic,21,0,False,cellular,301.4,1,3.3,True,False,browse,False,0.2859
sess_06173,usr_1523,organic,15,6,True,wifi,361.4,1,46.7,False,False,browse,False,0.316
sess_06174,usr_1852,organic,9,2,False,wifi,117.5,2,22.4,True,False,browse,False,0.5275
sess_06175,usr_1240,push_notification,16,3,False,wifi,233.3,2,2.1,False,False,browse,False,0.2646
sess_06176,usr_0886,push_notification,23,2,False,cellular,310.6,1,146.9,False,False,browse,False,0.3663
sess_06177,usr_2151,push_notification,21,5,True,wifi,160.4,2,2.1,False,True,act,True,0.7566
sess_06178,usr_1239,organic,14,5,True,wifi,290.5,1,20.8,False,False,browse,False,0.4545
sess_06179,usr_0717,push_notification,18,0,False,cellular,200.0,2,31.2,False,False,act,False,0.4407
sess_06180,usr_0460,push_notification,7,4,False,cellular,64.2,4,168.0,False,True,act,True,0.6385
sess_06181,usr_1533,organic,11,2,False,wifi,199.6,2,106.7,False,False,browse,False,0.3044
sess_06182,usr_0154,push_notification,2,0,False,wifi,276.1,3,28.1,True,False,browse,False,0.5932
sess_06183,usr_0828,organic,20,2,False,wifi,304.4,1,16.2,True,False,browse,False,0.2709
sess_06184,usr_0380,organic,21,6,True,cellular,208.1,1,8.1,True,False,browse,False,0.4696
sess_06185,usr_1818,organic,11,6,True,cellular,453.9,1,134.6,False,True,browse,False,0.597
sess_06186,usr_2073,organic,22,5,True,wifi,372.5,1,7.8,False,True,browse,True,0.6851
sess_06187,usr_0103,organic,8,0,False,wifi,389.4,1,8.9,False,False,browse,False,0.4324
sess_06188,usr_1977,push_notification,7,6,True,wifi,203.4,4,0.6,False,False,browse,False,0.3429
sess_06189,usr_2049,push_notification,14,3,False,cellular,358.7,1,2.9,False,False,browse,False,0.5608
sess_06190,usr_0632,organic,19,3,False,cellular,424.9,5,56.5,False,False,browse,False,0.5361
sess_06191,usr_0780,widget,18,2,False,wifi,307.2,2,32.0,False,False,browse,False,0.4933
sess_06192,usr_1394,widget,10,5,True,wifi,106.7,1,7.7,True,False,act,True,0.7337
sess_06193,usr_1981,organic,11,3,False,wifi,135.2,2,4.5,True,True,act,True,0.6198
sess_06194,usr_2145,organic,12,2,False,wifi,196.4,1,27.0,True,False,browse,False,0.5159
sess_06195,usr_1272,push_notification,14,4,False,wifi,246.0,1,19.5,False,False,browse,False,0.2473
sess_06196,usr_1341,organic,19,4,False,wifi,232.1,1,3.4,False,True,browse,True,0.7977
sess_06197,usr_0587,organic,15,2,False,wifi,232.6,1,162.5,False,True,browse,False,0.3346
sess_06198,usr_0403,push_notification,20,0,False,cellular,160.1,4,16.6,False,False,act,True,0.8629
sess_06199,usr_2115,widget,17,4,False,wifi,101.9,2,2.0,True,False,act,True,0.8584
sess_06200,usr_0544,push_notification,9,1,False,wifi,93.2,3,30.5,False,False,act,True,0.6537
sess_06201,usr_0841,widget,7,0,False,wifi,433.7,1,168.0,False,False,browse,True,0.6362
sess_06202,usr_0150,organic,7,6,True,wifi,367.8,1,2.7,False,False,browse,False,0.4712
sess_06203,usr_1882,push_notification,21,1,False,cellular,91.2,2,15.1,False,False,act,True,0.8232
sess_06204,usr_1588,push_notification,19,3,False,wifi,73.6,2,19.4,True,False,act,False,0.3567
sess_06205,usr_2140,widget,9,6,True,cellular,200.3,2,3.3,False,False,act,True,0.5937
sess_06206,usr_0475,organic,9,0,False,wifi,105.1,1,38.0,True,False,browse,False,0.3143
sess_06207,usr_0017,organic,8,4,False,wifi,334.6,2,168.0,True,False,browse,True,0.6427
sess_06208,usr_1274,organic,21,6,True,wifi,300.0,1,16.0,False,False,browse,False,0.3123
sess_06209,usr_0181,organic,5,5,True,cellular,330.0,1,8.6,True,False,browse,False,0.3141
sess_06210,usr_2435,organic,16,4,False,wifi,317.8,1,34.4,True,False,browse,False,0.4807
sess_06211,usr_0357,organic,12,5,True,cellular,236.5,1,4.8,False,False,browse,False,0.2892
sess_06212,usr_1366,organic,16,4,False,cellular,311.9,2,11.0,True,False,browse,False,0.5269
sess_06213,usr_1913,widget,13,4,False,wifi,153.6,2,6.7,False,True,act,False,0.4793
sess_06214,usr_0189,organic,22,4,False,cellular,269.7,1,5.1,False,False,browse,False,0.3693
sess_06215,usr_0423,widget,9,6,True,cellular,178.3,1,19.0,False,False,browse,False,0.3725
sess_06216,usr_2133,organic,12,3,False,wifi,264.4,2,6.4,True,False,browse,False,0.271
sess_06217,usr_1280,push_notification,7,5,True,wifi,124.7,1,0.7,True,False,act,False,0.5139
sess_06218,usr_0093,organic,11,1,False,wifi,143.1,4,3.6,True,False,browse,False,0.3368
sess_06219,usr_2366,widget,17,6,True,wifi,80.8,4,0.6,False,False,act,True,0.6005
sess_06220,usr_1279,organic,21,4,False,wifi,213.3,2,7.8,False,False,browse,False,0.4703
sess_06221,usr_0860,organic,20,3,False,cellular,234.8,1,29.1,True,True,browse,True,0.6458
sess_06222,usr_1315,widget,17,6,True,wifi,98.2,2,5.4,True,False,act,True,0.5337
sess_06223,usr_0822,widget,7,1,False,cellular,42.6,1,15.5,False,False,act,True,0.7755
sess_06224,usr_0789,push_notification,15,4,False,wifi,143.6,2,2.0,False,False,act,False,0.5555
sess_06225,usr_1174,widget,20,2,False,wifi,102.0,1,0.9,True,False,act,True,0.8331
sess_06226,usr_1134,organic,19,0,False,wifi,186.0,1,1.0,False,False,browse,False,0.3117
sess_06227,usr_2181,widget,8,6,True,wifi,337.0,2,25.7,False,False,browse,True,0.6535
sess_06228,usr_1308,organic,10,5,True,wifi,300.7,1,23.2,False,False,browse,False,0.2916
sess_06229,usr_1807,organic,10,5,True,cellular,364.9,3,2.8,True,False,browse,False,0.3367
sess_06230,usr_0482,push_notification,20,4,False,wifi,99.0,2,4.1,False,False,act,False,0.5277
sess_06231,usr_1117,organic,19,2,False,wifi,178.5,1,14.2,True,False,browse,False,0.516
sess_06232,usr_0612,organic,17,2,False,wifi,327.6,2,22.3,False,True,browse,False,0.2731
sess_06233,usr_0646,organic,17,1,False,wifi,250.5,1,21.6,False,True,browse,False,0.5326
sess_06234,usr_1121,organic,20,5,True,cellular,277.7,1,18.2,False,False,browse,False,0.2842
sess_06235,usr_0469,organic,14,2,False,cellular,327.2,1,5.7,True,True,browse,False,0.4831
sess_06236,usr_0063,organic,10,4,False,wifi,111.4,5,7.1,True,False,act,True,0.8653
sess_06237,usr_2293,push_notification,10,2,False,cellular,363.6,2,2.5,True,False,browse,False,0.5527
sess_06238,usr_2106,push_notification,9,3,False,wifi,154.9,1,6.7,False,False,act,True,0.8885
sess_06239,usr_0420,organic,14,4,False,wifi,246.8,1,24.0,False,False,browse,False,0.5581
sess_06240,usr_0847,organic,8,5,True,wifi,142.6,1,3.2,True,False,browse,False,0.309
sess_06241,usr_2223,widget,15,6,True,cellular,147.8,1,16.6,True,False,browse,False,0.2756
sess_06242,usr_1435,widget,17,0,False,cellular,267.9,3,47.3,True,False,browse,False,0.5407
sess_06243,usr_2251,organic,18,5,True,cellular,372.0,5,14.4,False,False,browse,False,0.3264
sess_06244,usr_1305,widget,12,3,False,cellular,147.1,1,0.4,True,False,browse,True,0.6265
sess_06245,usr_1111,organic,8,2,False,wifi,119.6,5,6.2,False,False,act,False,0.2966
sess_06246,usr_0580,organic,19,3,False,wifi,172.8,2,39.4,True,False,browse,False,0.4521
sess_06247,usr_1161,widget,10,4,False,cellular,95.3,1,1.6,False,False,act,True,0.8895
sess_06248,usr_2352,widget,11,0,False,wifi,155.6,3,160.9,True,False,act,True,0.5964
sess_06249,usr_1003,push_notification,6,4,False,cellular,145.8,1,8.8,False,False,act,True,0.8513
sess_06250,usr_0702,organic,14,0,False,wifi,101.1,2,9.9,False,False,act,True,0.7307
sess_06251,usr_0292,organic,15,0,False,cellular,323.8,1,19.7,False,False,browse,False,0.5495
sess_06252,usr_1276,push_notification,12,1,False,wifi,98.5,3,20.6,False,False,act,True,0.8421
sess_06253,usr_1388,widget,20,6,True,wifi,214.3,1,26.7,False,False,browse,False,0.3449
sess_06254,usr_2215,organic,7,3,False,wifi,256.0,1,6.9,False,False,browse,False,0.3011
sess_06255,usr_1818,organic,13,0,False,wifi,405.7,2,2.5,True,False,browse,False,0.473
sess_06256,usr_0208,organic,12,4,False,wifi,270.1,2,114.3,False,False,browse,True,0.6017
sess_06257,usr_0533,organic,21,4,False,cellular,395.3,1,37.1,False,True,browse,False,0.4757
sess_06258,usr_0119,widget,20,2,False,cellular,129.5,3,8.1,False,False,act,True,0.6195
sess_06259,usr_1929,organic,19,0,False,wifi,122.8,4,15.7,False,True,act,True,0.6248
sess_06260,usr_0207,push_notification,6,4,False,cellular,106.3,1,0.7,False,False,act,True,0.5769
sess_06261,usr_0434,organic,19,5,True,wifi,98.0,3,26.1,False,False,act,True,0.8605
sess_06262,usr_1572,widget,18,4,False,cellular,171.9,3,27.9,False,False,act,True,0.8082
sess_06263,usr_0221,push_notification,22,4,False,wifi,117.7,4,13.6,True,False,act,False,0.51
sess_06264,usr_0353,push_notification,21,5,True,wifi,284.0,1,9.9,False,True,browse,True,0.6503
sess_06265,usr_1747,push_notification,22,3,False,cellular,147.3,2,10.6,False,False,act,True,0.5926
sess_06266,usr_1606,push_notification,16,3,False,cellular,431.5,1,8.6,False,False,browse,False,0.3095
sess_06267,usr_0734,push_notification,9,5,True,wifi,173.9,2,28.9,False,False,act,True,0.8468
sess_06268,usr_2442,organic,19,5,True,cellular,312.9,1,4.2,False,True,browse,True,0.7969
sess_06269,usr_2428,organic,23,5,True,wifi,342.4,1,70.9,False,False,browse,False,0.5067
sess_06270,usr_1827,organic,14,4,False,wifi,325.3,1,1.1,True,True,browse,False,0.3059
sess_06271,usr_1457,organic,13,3,False,wifi,374.7,2,0.4,True,False,browse,True,0.7429
sess_06272,usr_1280,organic,3,6,True,cellular,168.9,3,4.3,True,False,act,True,0.7952
sess_06273,usr_1362,push_notification,8,5,True,wifi,236.3,3,1.0,False,False,browse,False,0.5025
sess_06274,usr_0812,widget,8,6,True,wifi,67.8,3,18.6,False,False,act,True,0.8263
sess_06275,usr_2186,push_notification,6,5,True,wifi,157.3,1,12.1,False,False,act,False,0.3263
sess_06276,usr_0322,organic,12,6,True,wifi,167.6,1,6.4,True,False,browse,False,0.2459
sess_06277,usr_1908,widget,7,4,False,cellular,366.9,2,12.8,False,False,browse,True,0.6699
sess_06278,usr_2326,organic,16,2,False,wifi,220.6,1,4.1,False,False,browse,True,0.8345
sess_06279,usr_0540,organic,0,6,True,wifi,331.7,5,38.8,False,False,browse,True,0.6272
sess_06280,usr_0381,widget,10,2,False,cellular,315.1,4,104.6,True,False,browse,True,0.6426
sess_06281,usr_1919,organic,10,4,False,wifi,272.4,1,168.0,True,False,browse,False,0.2645
sess_06282,usr_0399,widget,20,4,False,wifi,274.0,2,7.6,False,False,browse,False,0.4631
sess_06283,usr_1867,organic,6,0,False,cellular,408.7,2,18.2,False,True,browse,False,0.4629
sess_06284,usr_1272,push_notification,18,4,False,wifi,386.9,2,7.7,True,False,browse,False,0.3084
sess_06285,usr_1907,organic,8,6,True,wifi,369.1,2,11.4,True,False,browse,False,0.5215
sess_06286,usr_1928,widget,4,0,False,wifi,169.5,2,37.8,True,False,act,False,0.491
sess_06287,usr_0950,organic,5,0,False,wifi,245.2,2,3.8,False,False,browse,True,0.5717
sess_06288,usr_0917,organic,7,0,False,wifi,296.6,1,15.4,False,False,browse,True,0.8517
sess_06289,usr_0589,widget,18,5,True,wifi,82.0,2,32.4,False,False,act,True,0.62
sess_06290,usr_1057,push_notification,2,3,False,cellular,136.6,2,33.7,False,False,act,True,0.6897
sess_06291,usr_1489,widget,18,2,False,wifi,140.2,2,51.3,True,True,act,True,0.7898
sess_06292,usr_1606,widget,21,3,False,wifi,317.2,2,9.6,False,False,browse,False,0.3405
sess_06293,usr_0752,organic,20,0,False,cellular,99.8,2,5.1,False,False,act,False,0.2957
sess_06294,usr_1354,organic,19,6,True,wifi,328.9,1,17.7,False,False,browse,True,0.83
sess_06295,usr_1331,push_notification,18,6,True,cellular,105.1,1,6.4,False,False,act,True,0.877
sess_06296,usr_1857,organic,7,5,True,cellular,376.3,3,8.9,True,False,browse,True,0.5141
sess_06297,usr_1997,widget,18,0,False,cellular,79.8,2,15.5,False,False,act,True,0.6029
sess_06298,usr_0124,widget,16,0,False,wifi,352.1,1,13.4,True,False,browse,False,0.5402
sess_06299,usr_0268,organic,2,6,True,wifi,319.1,2,11.7,True,False,browse,False,0.5162
sess_06300,usr_1947,organic,20,2,False,cellular,71.9,2,1.7,False,False,act,True,0.5533
sess_06301,usr_0463,organic,8,3,False,wifi,125.7,3,32.6,False,False,act,True,0.9035
sess_06302,usr_1440,push_notification,7,2,False,wifi,391.4,1,8.4,False,False,browse,False,0.2492
sess_06303,usr_1961,organic,9,0,False,wifi,334.1,4,2.0,False,False,browse,False,0.2491
sess_06304,usr_1890,organic,20,3,False,wifi,408.4,2,168.0,True,False,browse,False,0.2908
sess_06305,usr_0700,organic,17,4,False,wifi,410.3,1,11.4,True,False,browse,False,0.3321
sess_06306,usr_1157,organic,9,6,True,wifi,177.9,1,2.3,False,False,browse,False,0.4202
sess_06307,usr_1428,push_notification,19,3,False,wifi,120.6,3,56.3,False,False,act,False,0.4449
sess_06308,usr_2476,widget,9,2,False,cellular,181.6,1,107.8,False,False,browse,False,0.5906
sess_06309,usr_2354,push_notification,13,2,False,cellular,318.4,3,6.6,False,False,browse,False,0.4864
sess_06310,usr_0522,organic,18,5,True,wifi,244.2,1,3.8,False,False,browse,False,0.301
sess_06311,usr_2081,organic,11,0,False,wifi,315.5,1,2.5,False,True,browse,False,0.3605
sess_06312,usr_0422,push_notification,7,1,False,wifi,142.9,2,1.5,True,False,act,False,0.3162
sess_06313,usr_1662,widget,19,2,False,cellular,77.0,5,168.0,False,False,act,False,0.2619
sess_06314,usr_0439,organic,18,3,False,wifi,214.3,1,15.0,False,False,browse,False,0.3621
sess_06315,usr_1335,organic,16,4,False,wifi,256.7,2,69.6,False,False,browse,False,0.3735
sess_06316,usr_2278,organic,10,6,True,wifi,372.9,1,18.2,False,False,browse,False,0.4526
sess_06317,usr_0291,organic,17,5,True,wifi,355.3,2,23.7,True,False,browse,True,0.7652
sess_06318,usr_1238,push_notification,10,3,False,wifi,229.8,3,3.3,False,False,browse,False,0.4789
sess_06319,usr_2183,organic,6,6,True,cellular,385.5,1,7.2,False,False,browse,False,0.3043
sess_06320,usr_1889,widget,15,0,False,wifi,35.7,2,3.2,False,False,act,False,0.3046
sess_06321,usr_1642,widget,12,0,False,cellular,338.5,2,128.0,False,False,browse,False,0.3524
sess_06322,usr_2419,push_notification,9,4,False,wifi,206.7,1,15.7,False,False,browse,False,0.5657
sess_06323,usr_1694,organic,10,4,False,cellular,103.7,3,1.7,False,False,act,True,0.8796
sess_06324,usr_0978,push_notification,20,6,True,cellular,286.1,1,5.4,True,False,browse,False,0.5339
sess_06325,usr_0999,push_notification,19,5,True,cellular,48.8,3,15.6,False,False,act,True,0.814
sess_06326,usr_2245,organic,12,0,False,wifi,465.1,2,21.9,False,False,browse,False,0.3514
sess_06327,usr_0652,push_notification,18,6,True,cellular,124.3,1,53.0,True,True,act,True,0.5824
sess_06328,usr_1976,widget,12,5,True,cellular,345.6,1,7.0,False,True,browse,False,0.484
sess_06329,usr_1573,widget,11,3,False,wifi,102.7,3,13.6,False,False,act,False,0.2912
sess_06330,usr_0271,push_notification,21,3,False,wifi,287.2,1,100.5,True,True,browse,False,0.2877
sess_06331,usr_1396,push_notification,22,5,True,wifi,98.7,1,27.6,True,False,act,False,0.5186
sess_06332,usr_0853,organic,7,0,False,wifi,128.0,2,14.6,False,False,act,False,0.4877
sess_06333,usr_2421,organic,5,6,True,wifi,128.2,1,96.8,True,True,browse,True,0.834
sess_06334,usr_1766,organic,20,4,False,cellular,133.6,1,5.2,False,False,act,True,0.5866
sess_06335,usr_1784,organic,16,6,True,wifi,102.7,3,6.9,False,False,act,True,0.8743
sess_06336,usr_2324,organic,4,6,True,wifi,279.1,1,4.8,False,False,browse,False,0.5357
sess_06337,usr_1402,organic,20,2,False,wifi,326.3,1,8.4,False,True,browse,True,0.5749
sess_06338,usr_2231,push_notification,9,3,False,wifi,200.8,4,74.5,False,False,act,False,0.3132
sess_06339,usr_0968,push_notification,13,2,False,cellular,194.2,2,124.9,False,False,act,False,0.5699
sess_06340,usr_0709,organic,7,6,True,cellular,255.5,1,14.2,False,False,browse,False,0.5693
sess_06341,usr_0320,organic,19,0,False,wifi,168.7,5,11.3,False,False,browse,False,0.4938
sess_06342,usr_2352,push_notification,14,0,False,cellular,112.7,2,1.9,True,False,act,True,0.8997
sess_06343,usr_1994,push_notification,11,3,False,cellular,360.9,3,8.5,False,False,browse,False,0.3413
sess_06344,usr_0469,push_notification,21,4,False,wifi,537.6,1,1.6,True,False,browse,False,0.5455
sess_06345,usr_2426,organic,21,1,False,wifi,144.1,2,23.0,True,False,act,False,0.2646
sess_06346,usr_2442,organic,17,4,False,wifi,162.2,3,8.0,True,False,act,False,0.3643
sess_06347,usr_1897,organic,17,5,True,cellular,321.8,1,26.8,False,False,browse,False,0.3318
sess_06348,usr_1333,push_notification,16,0,False,wifi,382.7,4,27.8,False,False,browse,False,0.5761
sess_06349,usr_2274,widget,20,6,True,wifi,38.2,3,17.5,False,False,act,True,0.5374
sess_06350,usr_0400,organic,11,4,False,cellular,233.8,2,66.8,False,True,browse,False,0.3017
sess_06351,usr_1824,push_notification,17,1,False,wifi,361.7,1,7.5,False,False,browse,True,0.6905
sess_06352,usr_0722,organic,17,2,False,wifi,385.5,1,53.7,True,False,browse,True,0.7213
sess_06353,usr_1262,organic,16,2,False,cellular,201.0,1,26.8,True,False,browse,False,0.3062
sess_06354,usr_1663,organic,11,2,False,wifi,252.0,1,5.6,False,False,browse,False,0.2994
sess_06355,usr_0286,widget,17,0,False,wifi,86.0,3,11.9,True,False,act,True,0.7653
sess_06356,usr_2451,organic,10,3,False,wifi,323.2,2,33.2,False,True,browse,False,0.5056
sess_06357,usr_0446,organic,21,2,False,wifi,273.8,2,3.0,True,False,browse,False,0.3865
sess_06358,usr_2443,organic,0,3,False,wifi,393.4,1,26.2,True,False,browse,False,0.5099
sess_06359,usr_1553,organic,18,5,True,cellular,302.3,2,82.8,True,False,browse,False,0.3489
sess_06360,usr_1342,widget,19,2,False,wifi,164.2,3,9.4,False,False,act,True,0.8369
sess_06361,usr_2025,organic,14,6,True,wifi,341.8,1,11.5,False,False,browse,False,0.2931
sess_06362,usr_0252,organic,9,1,False,wifi,328.1,1,0.7,True,False,browse,False,0.3606
sess_06363,usr_0371,organic,9,0,False,cellular,230.3,1,48.6,False,False,browse,False,0.511
sess_06364,usr_0892,widget,16,3,False,cellular,197.3,2,11.6,False,False,act,True,0.6586
sess_06365,usr_0570,push_notification,10,5,True,wifi,104.7,1,15.9,False,False,act,False,0.3668
sess_06366,usr_2379,organic,14,0,False,wifi,150.2,5,19.3,False,False,act,True,0.8379
sess_06367,usr_0001,push_notification,19,0,False,cellular,80.2,3,4.4,False,False,act,True,0.9001
sess_06368,usr_0601,organic,14,6,True,cellular,329.3,1,5.5,False,False,browse,True,0.7867
sess_06369,usr_0612,organic,16,2,False,cellular,289.5,1,5.8,False,False,browse,False,0.5593
sess_06370,usr_1856,push_notification,20,2,False,wifi,111.4,2,16.2,True,False,act,True,0.7553
sess_06371,usr_2177,widget,13,4,False,cellular,237.7,2,0.4,False,False,browse,False,0.3509
sess_06372,usr_1194,organic,20,3,False,wifi,253.0,2,9.6,True,False,browse,False,0.4978
sess_06373,usr_1598,push_notification,13,4,False,wifi,302.6,1,8.7,True,False,browse,False,0.541
sess_06374,usr_2368,organic,20,4,False,wifi,296.4,1,9.4,False,False,browse,True,0.6055
sess_06375,usr_1832,push_notification,7,5,True,wifi,306.8,2,20.1,False,False,browse,False,0.5708
sess_06376,usr_0802,widget,19,4,False,cellular,114.1,3,14.6,False,False,browse,False,0.3448
sess_06377,usr_0843,push_notification,18,6,True,wifi,72.2,3,1.4,False,False,act,True,0.6289
sess_06378,usr_1297,push_notification,18,3,False,wifi,70.1,2,0.4,True,False,act,True,0.6176
sess_06379,usr_1228,widget,7,1,False,cellular,184.3,1,9.7,True,False,browse,False,0.269
sess_06380,usr_2336,push_notification,11,0,False,wifi,204.5,1,9.6,False,False,browse,False,0.333
sess_06381,usr_1248,widget,11,5,True,wifi,368.0,1,4.9,False,False,browse,False,0.4817
sess_06382,usr_1781,widget,20,6,True,wifi,122.9,2,8.0,False,False,act,True,0.8288
sess_06383,usr_1411,organic,13,0,False,cellular,253.9,3,2.6,False,False,browse,False,0.5222
sess_06384,usr_0366,organic,11,6,True,wifi,271.3,1,71.9,True,False,browse,False,0.5539
sess_06385,usr_2387,organic,3,2,False,wifi,80.5,1,8.8,True,False,browse,True,0.5907
sess_06386,usr_0034,push_notification,19,5,True,wifi,88.6,4,41.1,False,False,act,True,0.7651
sess_06387,usr_2091,organic,8,2,False,cellular,441.1,1,6.6,False,True,browse,True,0.6688
sess_06388,usr_1656,push_notification,16,1,False,wifi,99.4,1,2.0,False,False,act,True,0.781
sess_06389,usr_0523,widget,13,2,False,cellular,295.6,1,29.9,False,False,browse,False,0.3303
sess_06390,usr_1205,organic,10,2,False,wifi,409.7,2,23.0,True,False,browse,True,0.5931
sess_06391,usr_0256,widget,9,5,True,wifi,211.2,2,1.1,True,False,browse,False,0.3384
sess_06392,usr_1513,push_notification,19,1,False,cellular,164.4,2,42.0,False,True,act,True,0.668
sess_06393,usr_2249,organic,11,4,False,wifi,363.2,1,8.3,False,False,browse,False,0.5715
sess_06394,usr_0218,organic,20,6,True,wifi,110.3,1,4.7,True,False,browse,False,0.3282
sess_06395,usr_0004,widget,17,6,True,wifi,289.0,1,10.7,True,False,browse,False,0.3136
sess_06396,usr_2294,push_notification,21,1,False,wifi,99.3,3,4.3,True,False,act,True,0.8642
sess_06397,usr_1472,widget,8,4,False,wifi,151.9,3,15.2,False,False,act,True,0.8476
sess_06398,usr_0450,widget,17,6,True,wifi,55.6,2,1.4,False,True,act,False,0.4866
sess_06399,usr_1156,organic,16,6,True,cellular,227.1,3,6.0,False,False,browse,False,0.2595
sess_06400,usr_0128,widget,23,5,True,wifi,365.6,2,14.7,False,False,browse,False,0.3854
sess_06401,usr_0964,widget,14,4,False,cellular,134.9,3,4.6,False,False,act,False,0.3261
sess_06402,usr_1769,push_notification,17,2,False,cellular,431.9,4,0.8,True,False,browse,False,0.3338
sess_06403,usr_2418,organic,5,0,False,cellular,314.1,2,13.9,True,False,browse,True,0.8596
sess_06404,usr_1615,push_notification,16,6,True,wifi,356.9,3,7.1,True,False,browse,False,0.4824
sess_06405,usr_1304,organic,19,1,False,wifi,271.3,1,13.0,False,False,browse,False,0.2762
sess_06406,usr_1568,push_notification,20,5,True,cellular,147.4,3,10.0,False,False,act,True,0.6895
sess_06407,usr_1664,organic,20,3,False,cellular,112.3,2,1.4,False,False,act,True,0.5879
sess_06408,usr_1563,organic,8,3,False,cellular,430.6,1,13.8,True,False,browse,False,0.4497
sess_06409,usr_1783,push_notification,13,2,False,cellular,277.0,2,3.2,False,False,browse,False,0.272
sess_06410,usr_2233,organic,11,3,False,wifi,189.6,2,14.1,False,True,browse,False,0.3438
sess_06411,usr_0866,organic,7,1,False,wifi,267.5,1,38.5,True,False,browse,False,0.5008
sess_06412,usr_0711,push_notification,10,3,False,wifi,292.0,1,4.7,True,False,browse,False,0.3207
sess_06413,usr_1946,push_notification,18,2,False,cellular,58.8,2,37.3,False,True,act,False,0.4737
sess_06414,usr_0570,organic,11,6,True,cellular,301.0,1,15.7,False,False,browse,True,0.6608
sess_06415,usr_0771,organic,20,2,False,cellular,97.4,3,16.7,True,False,browse,False,0.2901
sess_06416,usr_2276,push_notification,16,3,False,cellular,371.1,1,54.4,True,False,browse,True,0.5967
sess_06417,usr_1576,organic,23,1,False,cellular,151.3,2,1.4,False,False,act,True,0.6088
sess_06418,usr_1476,organic,17,4,False,wifi,402.2,2,62.1,False,True,browse,False,0.2433
sess_06419,usr_1709,organic,19,4,False,cellular,170.9,1,66.6,False,False,browse,True,0.5784
sess_06420,usr_0632,widget,14,6,True,cellular,223.9,5,5.0,False,False,browse,False,0.4752
sess_06421,usr_1182,push_notification,0,6,True,wifi,177.6,3,32.9,True,False,act,True,0.8214
sess_06422,usr_0515,widget,11,6,True,cellular,170.0,1,0.6,False,True,act,True,0.8414
sess_06423,usr_0551,organic,12,1,False,wifi,292.7,1,6.0,False,False,browse,False,0.2949
sess_06424,usr_0048,organic,13,2,False,wifi,317.9,1,37.6,True,True,browse,False,0.5007
sess_06425,usr_0294,organic,11,0,False,wifi,291.3,1,13.1,True,True,browse,False,0.4868
sess_06426,usr_0065,push_notification,13,3,False,wifi,225.2,1,13.1,False,False,browse,False,0.4838
sess_06427,usr_0590,push_notification,1,2,False,wifi,300.5,1,10.8,False,False,browse,False,0.342
sess_06428,usr_1994,organic,20,0,False,wifi,180.6,2,69.1,True,False,act,True,0.6094
sess_06429,usr_1789,organic,10,1,False,wifi,120.9,2,12.9,True,False,act,True,0.8229
sess_06430,usr_0557,widget,9,4,False,wifi,122.1,3,7.8,False,False,act,True,0.7867
sess_06431,usr_0347,push_notification,20,5,True,cellular,135.2,2,3.5,True,False,act,True,0.8246
sess_06432,usr_0563,organic,21,3,False,wifi,148.8,1,0.6,False,False,browse,False,0.3169
sess_06433,usr_1704,widget,9,2,False,wifi,264.1,1,45.8,True,False,browse,False,0.5338
sess_06434,usr_1868,widget,17,1,False,wifi,110.6,2,4.2,True,False,act,True,0.8005
sess_06435,usr_2476,organic,7,0,False,wifi,230.5,2,6.5,False,False,browse,True,0.6693
sess_06436,usr_1744,widget,6,4,False,wifi,133.3,4,2.0,False,False,browse,False,0.3232
sess_06437,usr_0737,organic,2,1,False,wifi,396.1,1,168.0,False,False,browse,True,0.5941
sess_06438,usr_1862,organic,12,5,True,cellular,184.3,1,7.5,False,False,browse,False,0.4423
sess_06439,usr_2087,organic,8,0,False,wifi,113.1,1,20.5,False,False,act,True,0.8749
sess_06440,usr_1738,widget,7,0,False,wifi,457.7,3,5.4,True,False,browse,False,0.2767
sess_06441,usr_2262,organic,3,6,True,cellular,215.2,4,10.1,False,False,browse,False,0.5034
sess_06442,usr_1844,widget,7,2,False,wifi,227.8,1,19.5,True,True,browse,False,0.525
sess_06443,usr_1576,push_notification,3,4,False,wifi,243.5,1,28.1,False,False,browse,True,0.8384
sess_06444,usr_1456,organic,18,6,True,cellular,217.9,1,4.2,False,False,browse,False,0.3586
sess_06445,usr_0925,push_notification,21,5,True,wifi,102.4,2,9.5,False,False,act,False,0.3811
sess_06446,usr_0762,widget,21,0,False,wifi,263.9,1,19.8,False,False,browse,False,0.3147
sess_06447,usr_1740,widget,12,1,False,cellular,259.0,5,2.4,True,False,browse,False,0.5008
sess_06448,usr_2477,organic,19,6,True,wifi,106.1,2,13.3,False,False,act,False,0.4698
sess_06449,usr_0031,push_notification,17,0,False,wifi,58.8,3,41.9,True,False,act,False,0.5605
sess_06450,usr_2368,push_notification,8,1,False,cellular,210.5,4,3.4,False,True,act,True,0.7888
sess_06451,usr_2041,organic,15,0,False,cellular,204.7,1,9.6,False,False,browse,False,0.3255
sess_06452,usr_0970,push_notification,19,1,False,wifi,276.3,1,5.1,True,False,browse,False,0.5702
sess_06453,usr_2056,push_notification,2,0,False,wifi,104.0,3,3.6,True,False,act,True,0.5625
sess_06454,usr_1103,organic,10,2,False,wifi,209.6,2,15.7,True,True,browse,False,0.5368
sess_06455,usr_1683,push_notification,10,2,False,wifi,54.4,3,52.3,True,True,act,True,0.5763
sess_06456,usr_2238,organic,13,2,False,cellular,253.2,1,14.4,True,False,browse,True,0.5894
sess_06457,usr_2361,push_notification,18,1,False,wifi,125.7,1,18.7,True,False,act,True,0.658
sess_06458,usr_1504,organic,20,0,False,wifi,334.2,1,10.1,True,False,browse,False,0.2674
sess_06459,usr_0138,push_notification,23,5,True,cellular,83.9,3,12.9,False,False,act,False,0.3067
sess_06460,usr_0156,push_notification,21,6,True,wifi,214.4,2,6.5,True,False,act,True,0.8604
sess_06461,usr_2328,organic,19,1,False,cellular,331.3,1,21.0,True,True,browse,False,0.3113
sess_06462,usr_1980,push_notification,19,1,False,cellular,132.3,2,5.3,False,False,act,True,0.8322
sess_06463,usr_1510,organic,8,0,False,cellular,119.2,1,1.5,True,False,act,True,0.8638
sess_06464,usr_0464,organic,14,6,True,wifi,207.8,1,31.4,True,False,browse,False,0.2609
sess_06465,usr_2377,organic,22,6,True,wifi,108.0,2,12.8,False,False,act,True,0.766
sess_06466,usr_1973,push_notification,17,1,False,wifi,81.1,2,28.7,True,False,act,True,0.8134
sess_06467,usr_0328,push_notification,13,4,False,cellular,262.8,1,16.6,True,False,browse,False,0.3053
sess_06468,usr_0582,organic,12,1,False,wifi,425.5,4,2.5,True,False,browse,False,0.5923
sess_06469,usr_2157,push_notification,18,1,False,cellular,265.4,2,13.5,True,False,browse,False,0.4995
sess_06470,usr_1145,push_notification,20,4,False,cellular,113.2,3,14.5,False,False,act,True,0.7922
sess_06471,usr_1905,organic,6,5,True,wifi,236.1,1,8.1,True,False,browse,False,0.5353
sess_06472,usr_2118,push_notification,21,2,False,cellular,171.1,2,1.6,False,False,act,True,0.8429
sess_06473,usr_0321,organic,14,3,False,cellular,97.5,1,14.8,True,False,act,True,0.6557
sess_06474,usr_2144,push_notification,8,0,False,wifi,268.4,3,16.2,False,False,browse,False,0.5346
sess_06475,usr_2499,widget,21,4,False,wifi,421.1,1,8.7,True,False,browse,False,0.3607
sess_06476,usr_0363,organic,8,6,True,wifi,352.4,2,19.4,False,False,browse,False,0.3612
sess_06477,usr_1005,widget,11,0,False,wifi,319.4,1,19.2,True,False,browse,False,0.4856
sess_06478,usr_1936,push_notification,8,6,True,cellular,435.6,1,0.4,True,False,browse,False,0.262
sess_06479,usr_0320,organic,13,4,False,wifi,142.7,2,78.8,False,False,act,True,0.8807
sess_06480,usr_2209,widget,17,0,False,wifi,200.8,1,17.4,True,False,browse,False,0.2297
sess_06481,usr_2375,push_notification,15,6,True,wifi,151.5,2,12.6,False,False,act,False,0.5191
sess_06482,usr_1280,push_notification,17,4,False,wifi,102.6,2,6.1,False,True,act,True,0.8386
sess_06483,usr_0217,organic,20,3,False,wifi,288.1,1,74.7,False,False,browse,False,0.2677
sess_06484,usr_1408,push_notification,22,0,False,cellular,181.1,1,7.6,False,False,browse,False,0.4217
sess_06485,usr_2192,widget,18,4,False,cellular,101.2,1,3.4,False,False,browse,False,0.3231
sess_06486,usr_0045,push_notification,7,6,True,wifi,94.0,3,5.7,False,False,act,True,0.8952
sess_06487,usr_1921,organic,22,6,True,cellular,306.6,2,25.6,True,False,browse,False,0.3515
sess_06488,usr_1860,organic,10,2,False,cellular,440.0,1,5.0,False,False,browse,False,0.5247
sess_06489,usr_2100,organic,17,4,False,wifi,159.9,2,32.0,True,False,browse,False,0.5105
sess_06490,usr_1922,widget,8,2,False,wifi,340.2,1,0.5,False,True,browse,False,0.533
sess_06491,usr_2351,organic,21,3,False,wifi,326.7,2,15.8,False,True,browse,False,0.4481
sess_06492,usr_1358,widget,14,1,False,wifi,139.6,2,5.5,True,True,act,False,0.4741
sess_06493,usr_1725,organic,19,0,False,wifi,387.9,1,5.3,False,False,browse,False,0.5478
sess_06494,usr_1446,organic,17,0,False,wifi,267.5,1,69.3,False,False,browse,True,0.5477
sess_06495,usr_1207,widget,18,0,False,cellular,322.0,2,77.8,False,False,browse,False,0.286
sess_06496,usr_1185,organic,23,5,True,wifi,264.4,1,8.4,False,False,browse,True,0.8258
sess_06497,usr_0687,organic,13,5,True,cellular,266.3,2,8.9,False,False,browse,False,0.3298
sess_06498,usr_0145,organic,16,6,True,wifi,201.9,2,4.5,False,False,browse,True,0.6501
sess_06499,usr_2448,organic,8,4,False,cellular,285.3,1,40.6,False,False,browse,False,0.5
sess_06500,usr_1246,push_notification,9,2,False,wifi,329.3,2,17.3,False,True,browse,False,0.4716
sess_06501,usr_2309,widget,18,3,False,cellular,250.0,1,53.9,True,False,browse,False,0.503
sess_06502,usr_1067,organic,23,0,False,wifi,285.3,4,10.5,True,False,browse,False,0.4936
sess_06503,usr_0252,push_notification,21,4,False,wifi,267.0,1,41.1,True,False,browse,False,0.5257
sess_06504,usr_1939,widget,21,5,True,wifi,106.1,1,0.5,True,False,browse,True,0.5806
sess_06505,usr_2369,organic,3,0,False,cellular,140.6,2,3.3,False,False,act,True,0.8118
sess_06506,usr_0693,push_notification,12,2,False,wifi,128.3,2,90.8,False,False,act,False,0.2263
sess_06507,usr_2347,widget,21,1,False,wifi,108.4,2,1.9,True,True,act,True,0.7752
sess_06508,usr_0212,widget,18,4,False,wifi,324.9,2,78.8,True,False,browse,False,0.3707
sess_06509,usr_1196,organic,20,2,False,cellular,337.2,5,2.9,False,False,browse,False,0.227
sess_06510,usr_0112,organic,18,0,False,cellular,303.1,1,23.2,False,True,browse,False,0.2908
sess_06511,usr_1175,organic,3,0,False,wifi,186.3,3,168.0,False,True,act,False,0.4623
sess_06512,usr_1986,widget,18,5,True,wifi,160.4,3,18.6,False,False,act,False,0.331
sess_06513,usr_0338,push_notification,22,5,True,wifi,169.7,2,16.4,True,False,act,False,0.5411
sess_06514,usr_0520,push_notification,12,6,True,wifi,150.1,1,13.6,False,False,act,True,0.7408
sess_06515,usr_2071,push_notification,20,3,False,cellular,146.6,3,19.3,False,False,act,False,0.5413
sess_06516,usr_0315,organic,16,6,True,wifi,316.2,3,9.4,True,False,browse,False,0.3541
sess_06517,usr_1139,push_notification,10,2,False,wifi,345.0,3,17.0,False,False,browse,False,0.2476
sess_06518,usr_1033,organic,13,2,False,cellular,285.6,2,0.7,False,False,browse,True,0.7957
sess_06519,usr_0543,organic,22,3,False,wifi,137.4,4,6.5,False,False,browse,False,0.3518
sess_06520,usr_1151,organic,6,6,True,wifi,338.1,2,19.5,True,False,browse,False,0.5251
sess_06521,usr_1128,push_notification,13,3,False,cellular,82.4,3,15.5,False,False,act,True,0.8266
sess_06522,usr_1053,organic,1,1,False,wifi,275.3,1,52.5,False,False,browse,False,0.2793
sess_06523,usr_0059,widget,18,2,False,cellular,193.7,3,21.0,False,False,browse,False,0.4877
sess_06524,usr_0457,organic,17,4,False,wifi,298.1,1,91.1,True,False,browse,False,0.3356
sess_06525,usr_2474,widget,17,6,True,cellular,136.7,3,2.9,True,True,act,False,0.3399
sess_06526,usr_0716,organic,13,4,False,wifi,180.2,4,52.4,False,False,act,True,0.8008
sess_06527,usr_2424,push_notification,8,0,False,cellular,95.1,2,3.2,False,False,act,False,0.3516
sess_06528,usr_0620,organic,22,1,False,wifi,372.8,1,20.9,False,False,browse,False,0.4714
sess_06529,usr_1830,push_notification,15,4,False,wifi,128.2,1,86.9,False,False,act,False,0.4929
sess_06530,usr_1515,organic,12,1,False,cellular,432.4,1,17.2,False,False,browse,False,0.2986
sess_06531,usr_0719,widget,8,4,False,wifi,102.2,3,15.8,True,True,act,False,0.2918
sess_06532,usr_1071,organic,17,6,True,wifi,234.5,1,3.1,False,False,browse,False,0.4983
sess_06533,usr_0968,push_notification,1,1,False,wifi,122.7,1,44.1,True,False,act,True,0.775
sess_06534,usr_1987,push_notification,8,1,False,cellular,120.2,2,19.1,True,False,act,False,0.2768
sess_06535,usr_0741,push_notification,19,3,False,wifi,88.7,1,31.4,False,False,act,False,0.303
sess_06536,usr_2161,organic,3,5,True,wifi,174.6,3,15.0,False,True,browse,False,0.2375
sess_06537,usr_0136,organic,8,3,False,cellular,333.6,1,26.9,False,False,browse,False,0.2475
sess_06538,usr_1405,organic,16,6,True,cellular,310.8,1,16.9,True,False,browse,True,0.6217
sess_06539,usr_0346,organic,9,6,True,wifi,123.3,4,69.6,True,False,act,True,0.5809
sess_06540,usr_0595,organic,4,0,False,wifi,122.7,2,13.3,False,False,act,True,0.7807
sess_06541,usr_2440,organic,5,0,False,wifi,360.6,1,21.1,False,False,browse,False,0.4696
sess_06542,usr_0632,push_notification,21,1,False,wifi,89.1,5,13.6,True,False,act,True,0.7667
sess_06543,usr_2032,push_notification,19,1,False,wifi,102.4,2,50.5,False,False,act,True,0.7125
sess_06544,usr_1692,push_notification,18,1,False,cellular,164.3,2,2.7,True,False,act,False,0.3474
sess_06545,usr_1570,organic,20,1,False,wifi,194.8,3,12.7,True,False,browse,False,0.2664
sess_06546,usr_0975,push_notification,7,4,False,wifi,215.7,2,34.3,False,False,browse,False,0.2723
sess_06547,usr_1803,organic,9,5,True,cellular,302.0,3,5.2,False,False,browse,True,0.5847
sess_06548,usr_0686,widget,1,4,False,cellular,100.3,3,7.1,False,False,act,True,0.8122
sess_06549,usr_0864,push_notification,13,3,False,wifi,128.0,5,7.9,False,False,act,True,0.6306
sess_06550,usr_2367,push_notification,20,3,False,wifi,328.1,1,2.8,False,False,browse,False,0.5176
sess_06551,usr_1414,push_notification,19,3,False,cellular,161.8,3,0.8,False,True,act,False,0.3001
sess_06552,usr_0223,organic,15,4,False,wifi,195.8,2,68.0,False,False,browse,False,0.2856
sess_06553,usr_1083,organic,13,1,False,wifi,339.3,1,19.4,True,False,browse,False,0.3022
sess_06554,usr_0476,organic,18,4,False,cellular,258.7,1,21.8,False,False,browse,False,0.2817
sess_06555,usr_0216,push_notification,10,1,False,cellular,235.4,1,57.3,True,False,browse,False,0.5283
sess_06556,usr_0687,organic,16,3,False,wifi,400.6,3,8.4,False,False,browse,False,0.4527
sess_06557,usr_1901,organic,18,1,False,wifi,177.1,4,20.8,False,False,browse,False,0.349
sess_06558,usr_1634,organic,11,0,False,cellular,179.0,1,3.8,True,False,browse,True,0.6094
sess_06559,usr_1951,organic,21,5,True,wifi,168.7,2,31.6,True,False,browse,True,0.7582
sess_06560,usr_1235,organic,7,4,False,cellular,146.6,2,2.5,False,False,act,False,0.5773
sess_06561,usr_1951,organic,19,2,False,wifi,70.9,1,6.1,False,False,act,True,0.6472
sess_06562,usr_2182,organic,15,1,False,wifi,206.8,1,60.2,False,True,browse,False,0.2882
sess_06563,usr_0958,organic,15,5,True,wifi,150.2,3,41.8,False,False,browse,True,0.5832
sess_06564,usr_1556,push_notification,9,5,True,cellular,345.4,1,2.0,False,True,browse,False,0.4695
sess_06565,usr_1598,push_notification,19,2,False,cellular,270.6,3,9.3,False,False,browse,False,0.5147
sess_06566,usr_1944,push_notification,16,1,False,wifi,137.7,4,21.7,False,False,act,False,0.3206
sess_06567,usr_1076,push_notification,22,4,False,wifi,83.9,2,32.8,False,False,act,True,0.9106
sess_06568,usr_0595,organic,12,0,False,cellular,286.0,1,10.4,False,False,browse,True,0.5802
sess_06569,usr_2173,push_notification,10,4,False,wifi,307.4,1,3.9,False,False,browse,False,0.2252
sess_06570,usr_1781,organic,17,6,True,wifi,391.7,2,23.9,False,False,browse,False,0.2622
sess_06571,usr_0049,widget,15,1,False,cellular,365.0,1,2.9,False,False,browse,False,0.4845
sess_06572,usr_1183,widget,20,6,True,cellular,148.9,3,56.5,False,False,browse,False,0.484
sess_06573,usr_1839,widget,11,6,True,wifi,367.9,1,4.7,True,False,browse,False,0.5131
sess_06574,usr_1565,organic,16,5,True,wifi,319.3,4,6.9,False,False,browse,True,0.5497
sess_06575,usr_1294,push_notification,20,3,False,wifi,336.5,2,36.4,False,False,browse,False,0.2809
sess_06576,usr_2172,widget,5,4,False,cellular,460.9,3,12.3,False,False,browse,False,0.2714
sess_06577,usr_0169,organic,13,6,True,cellular,171.8,3,2.1,True,False,browse,False,0.2163
sess_06578,usr_0399,organic,6,3,False,wifi,137.0,2,42.6,False,True,act,False,0.3789
sess_06579,usr_2177,push_notification,18,1,False,cellular,133.1,3,38.4,True,False,act,True,0.7934
sess_06580,usr_1450,organic,21,0,False,cellular,248.7,1,16.7,True,False,browse,True,0.8332
sess_06581,usr_1769,organic,13,2,False,wifi,172.3,1,33.3,False,False,browse,False,0.3423
sess_06582,usr_1117,widget,16,4,False,wifi,148.0,2,12.6,True,True,act,False,0.4628
sess_06583,usr_1373,push_notification,20,2,False,wifi,346.4,2,5.7,False,False,browse,False,0.3722
sess_06584,usr_1108,push_notification,10,0,False,wifi,255.1,1,3.6,False,False,browse,False,0.5577
sess_06585,usr_1094,push_notification,22,6,True,cellular,66.2,3,3.8,False,False,act,False,0.4746
sess_06586,usr_0403,widget,6,6,True,wifi,182.1,1,10.3,True,False,browse,False,0.5337
sess_06587,usr_1046,organic,15,1,False,cellular,352.3,1,106.0,False,True,browse,False,0.5028
sess_06588,usr_2393,organic,8,6,True,wifi,253.3,1,7.8,False,False,browse,False,0.5514
sess_06589,usr_1603,organic,6,0,False,cellular,378.3,1,5.6,True,False,browse,False,0.2563
sess_06590,usr_1889,organic,7,4,False,wifi,341.9,1,17.9,False,False,browse,False,0.2709
sess_06591,usr_0991,push_notification,20,6,True,wifi,129.7,2,2.8,False,False,act,True,0.8232
sess_06592,usr_2412,organic,20,1,False,wifi,445.1,3,3.2,True,False,browse,False,0.314
sess_06593,usr_0799,push_notification,20,2,False,wifi,56.7,1,39.1,True,False,act,True,0.8689
sess_06594,usr_2130,organic,13,1,False,wifi,472.8,2,6.1,False,False,browse,False,0.2722
sess_06595,usr_1383,push_notification,18,6,True,cellular,276.5,1,13.9,False,False,browse,False,0.3589
sess_06596,usr_0737,organic,8,6,True,wifi,245.7,1,13.7,True,True,browse,False,0.2841
sess_06597,usr_1284,widget,7,4,False,wifi,244.2,1,10.8,False,False,browse,False,0.3218
sess_06598,usr_2244,push_notification,21,5,True,wifi,155.1,2,9.3,True,False,act,True,0.5631
sess_06599,usr_0044,organic,17,4,False,wifi,347.0,1,16.3,False,False,browse,False,0.3231
sess_06600,usr_0035,widget,8,5,True,wifi,313.0,2,5.0,False,False,browse,False,0.2468
sess_06601,usr_0279,widget,22,0,False,wifi,111.7,1,3.0,False,True,act,True,0.6501
sess_06602,usr_0049,organic,8,3,False,wifi,464.1,1,2.8,False,False,browse,False,0.32
sess_06603,usr_1685,organic,21,1,False,wifi,305.3,1,51.5,False,False,browse,False,0.2808
sess_06604,usr_0401,push_notification,12,0,False,cellular,181.4,3,19.1,True,False,browse,False,0.262
sess_06605,usr_2152,organic,8,1,False,wifi,226.7,1,2.5,False,False,browse,False,0.2738
sess_06606,usr_0426,widget,17,6,True,cellular,225.9,1,3.9,False,False,act,True,0.8082
sess_06607,usr_1827,organic,17,3,False,wifi,212.8,1,1.8,False,False,browse,False,0.2774
sess_06608,usr_1440,push_notification,17,3,False,wifi,226.6,1,56.6,True,False,browse,False,0.55
sess_06609,usr_0899,push_notification,21,1,False,wifi,206.5,2,10.7,False,False,browse,False,0.3764
sess_06610,usr_1161,push_notification,11,2,False,wifi,177.5,3,2.6,False,True,act,False,0.4782
sess_06611,usr_1032,organic,21,6,True,wifi,217.9,4,3.3,False,False,browse,False,0.5689
sess_06612,usr_0791,organic,17,2,False,cellular,354.7,1,8.2,True,False,browse,False,0.3237
sess_06613,usr_0140,organic,10,2,False,wifi,223.6,1,9.3,False,False,browse,False,0.2638
sess_06614,usr_0098,organic,12,5,True,cellular,138.7,4,40.0,False,False,act,True,0.5851
sess_06615,usr_0377,organic,15,2,False,wifi,262.5,1,4.0,False,False,browse,True,0.8
sess_06616,usr_0233,push_notification,12,1,False,cellular,322.1,1,10.7,False,False,browse,False,0.4392
sess_06617,usr_2434,push_notification,13,3,False,wifi,73.9,1,28.4,True,False,act,True,0.8757
sess_06618,usr_0889,push_notification,19,2,False,cellular,122.7,1,15.3,True,False,act,True,0.6088
sess_06619,usr_2456,organic,15,6,True,wifi,275.5,1,1.2,True,False,browse,False,0.3453
sess_06620,usr_0499,organic,1,4,False,wifi,122.8,3,22.2,True,True,act,True,0.892
sess_06621,usr_0492,push_notification,19,5,True,cellular,122.8,3,64.1,False,False,act,True,0.6403
sess_06622,usr_0354,organic,5,3,False,wifi,180.4,1,109.0,False,False,browse,False,0.3184
sess_06623,usr_2477,widget,12,3,False,cellular,245.9,1,28.3,False,False,browse,False,0.3532
sess_06624,usr_0533,organic,12,3,False,wifi,344.7,1,31.9,False,False,browse,True,0.7925
sess_06625,usr_1540,push_notification,20,0,False,cellular,235.9,5,40.7,False,False,act,True,0.8123
sess_06626,usr_2319,widget,21,6,True,cellular,406.3,3,27.5,False,False,browse,False,0.308
sess_06627,usr_0757,widget,20,6,True,wifi,31.3,2,7.9,False,False,act,True,0.6358
sess_06628,usr_0455,organic,14,4,False,cellular,256.8,3,23.8,False,False,browse,False,0.4588
sess_06629,usr_0755,organic,17,1,False,wifi,419.2,4,21.4,False,False,browse,False,0.5435
sess_06630,usr_1038,push_notification,3,0,False,wifi,169.2,2,48.5,False,True,act,True,0.65
sess_06631,usr_1207,organic,19,0,False,cellular,139.1,1,168.0,False,False,act,True,0.8504
sess_06632,usr_1913,organic,5,3,False,cellular,166.7,2,1.9,False,False,act,True,0.8015
sess_06633,usr_0311,organic,15,4,False,cellular,164.5,2,83.2,True,False,browse,True,0.7399
sess_06634,usr_1858,organic,18,0,False,wifi,211.2,1,2.2,True,False,browse,False,0.4799
sess_06635,usr_1133,push_notification,18,2,False,wifi,123.4,1,27.8,True,False,act,False,0.4958
sess_06636,usr_1749,organic,9,6,True,wifi,259.6,1,56.7,False,False,browse,False,0.5446
sess_06637,usr_1325,push_notification,7,6,True,cellular,69.1,2,28.3,False,False,act,True,0.5848
sess_06638,usr_1055,organic,15,3,False,cellular,334.7,1,1.9,True,True,browse,False,0.2652
sess_06639,usr_0664,push_notification,2,1,False,cellular,68.2,2,3.8,True,True,act,True,0.7637
sess_06640,usr_0304,push_notification,17,6,True,wifi,248.2,1,7.5,True,False,browse,False,0.5183
sess_06641,usr_1136,widget,12,1,False,cellular,81.1,2,7.8,True,False,act,False,0.3073
sess_06642,usr_0256,organic,11,1,False,cellular,210.6,4,11.3,True,False,browse,False,0.5335
sess_06643,usr_1568,organic,11,6,True,cellular,227.1,1,15.4,False,False,browse,False,0.4596
sess_06644,usr_1592,widget,13,4,False,wifi,177.7,1,6.4,True,False,browse,False,0.3334
sess_06645,usr_1363,widget,10,1,False,wifi,100.7,4,8.2,True,False,act,True,0.8133
sess_06646,usr_0247,push_notification,21,5,True,wifi,119.4,3,7.0,False,False,act,True,0.8353
sess_06647,usr_1058,push_notification,18,2,False,wifi,239.7,2,24.0,False,True,browse,False,0.4764
sess_06648,usr_1085,push_notification,20,6,True,cellular,55.4,2,168.0,True,True,browse,False,0.5613
sess_06649,usr_0729,organic,7,4,False,wifi,101.5,4,57.7,False,False,act,False,0.286
sess_06650,usr_1805,organic,18,0,False,cellular,194.1,4,10.3,False,False,browse,False,0.32
sess_06651,usr_0285,push_notification,8,1,False,cellular,168.3,2,22.4,False,False,act,True,0.7509
sess_06652,usr_2015,organic,17,4,False,wifi,379.6,1,111.6,False,False,browse,False,0.3417
sess_06653,usr_0822,organic,8,5,True,cellular,253.7,1,11.6,True,False,browse,True,0.5974
sess_06654,usr_2500,widget,17,4,False,cellular,85.2,2,4.2,False,True,act,True,0.74
sess_06655,usr_1609,widget,15,1,False,wifi,76.0,3,4.1,True,False,act,True,0.6654
sess_06656,usr_0731,organic,11,0,False,wifi,312.3,1,20.8,True,False,browse,True,0.5779
sess_06657,usr_2016,widget,12,1,False,cellular,98.6,1,57.6,True,False,act,True,0.5554
sess_06658,usr_0445,push_notification,13,5,True,cellular,104.9,4,21.7,True,False,act,True,0.6799
sess_06659,usr_0590,organic,20,2,False,wifi,330.2,3,69.8,False,False,browse,False,0.3273
sess_06660,usr_2215,organic,7,3,False,cellular,301.9,2,7.8,False,True,browse,False,0.233
sess_06661,usr_1767,push_notification,8,1,False,cellular,128.4,3,81.4,False,True,act,True,0.8301
sess_06662,usr_0895,widget,20,5,True,wifi,252.7,2,22.9,False,False,browse,False,0.3334
sess_06663,usr_0436,organic,9,5,True,cellular,262.0,1,23.0,False,True,browse,True,0.8491
sess_06664,usr_1809,organic,18,2,False,wifi,192.0,5,20.3,False,True,browse,False,0.2395
sess_06665,usr_1061,organic,13,0,False,wifi,419.2,1,3.8,True,False,browse,True,0.6075
sess_06666,usr_0424,organic,21,5,True,cellular,307.5,1,3.6,False,False,browse,False,0.4794
sess_06667,usr_0143,push_notification,18,4,False,cellular,123.5,3,21.6,True,True,act,True,0.8539
sess_06668,usr_0299,organic,11,3,False,wifi,201.9,4,49.1,False,False,browse,False,0.4509
sess_06669,usr_0289,widget,13,2,False,wifi,78.9,1,18.6,True,False,act,False,0.5536
sess_06670,usr_2341,widget,17,4,False,cellular,170.1,3,6.4,True,False,act,False,0.4795
sess_06671,usr_1027,organic,15,1,False,cellular,171.5,4,27.1,False,True,browse,False,0.5017
sess_06672,usr_1827,push_notification,19,2,False,cellular,127.7,2,29.6,False,False,act,True,0.8158
sess_06673,usr_0077,organic,13,3,False,wifi,190.9,1,49.5,False,False,browse,True,0.8589
sess_06674,usr_2039,organic,14,0,False,wifi,249.2,1,12.2,False,False,browse,False,0.4657
sess_06675,usr_0610,organic,17,2,False,wifi,168.9,1,19.6,False,False,browse,False,0.3292
sess_06676,usr_0004,push_notification,18,0,False,wifi,118.6,4,1.4,True,False,act,True,0.8677
sess_06677,usr_0155,push_notification,14,2,False,wifi,76.0,3,5.3,False,False,browse,False,0.4601
sess_06678,usr_1600,push_notification,21,0,False,cellular,346.5,4,1.4,True,False,browse,False,0.31
sess_06679,usr_1092,organic,7,5,True,wifi,225.7,1,4.1,True,False,browse,False,0.5667
sess_06680,usr_0621,organic,21,2,False,wifi,235.6,2,4.7,True,False,browse,False,0.3626
sess_06681,usr_1351,widget,14,3,False,wifi,193.2,1,2.4,False,False,browse,True,0.8238
sess_06682,usr_1603,widget,15,4,False,wifi,198.7,3,27.6,False,False,act,False,0.5555
sess_06683,usr_2354,organic,17,4,False,cellular,208.1,2,5.7,True,True,browse,False,0.237
sess_06684,usr_0016,widget,7,5,True,wifi,138.0,1,11.4,False,True,act,True,0.8794
sess_06685,usr_2112,push_notification,8,1,False,wifi,132.9,3,38.5,False,True,act,False,0.3307
sess_06686,usr_2010,organic,17,1,False,cellular,247.6,1,2.2,True,False,browse,True,0.7769
sess_06687,usr_1959,push_notification,7,0,False,wifi,103.3,3,11.1,False,False,act,True,0.5783
sess_06688,usr_1787,widget,20,2,False,wifi,229.4,2,14.6,False,False,browse,False,0.4713
sess_06689,usr_1655,organic,14,3,False,cellular,336.3,1,16.2,True,False,browse,False,0.2571
sess_06690,usr_0288,push_notification,7,6,True,cellular,227.1,3,17.2,False,False,browse,False,0.4957
sess_06691,usr_2213,push_notification,19,2,False,cellular,406.4,1,46.7,False,False,browse,False,0.4962
sess_06692,usr_0926,widget,14,5,True,cellular,362.5,4,8.4,True,True,browse,False,0.5386
sess_06693,usr_0014,organic,20,4,False,wifi,111.0,3,7.3,False,False,act,True,0.6225
sess_06694,usr_1575,organic,10,2,False,wifi,213.4,1,58.7,False,False,browse,True,0.8904
sess_06695,usr_1975,organic,15,4,False,cellular,250.3,2,10.3,False,False,browse,True,0.6702
sess_06696,usr_0497,organic,19,2,False,wifi,248.4,2,22.0,False,False,browse,False,0.2644
sess_06697,usr_2324,organic,7,4,False,wifi,352.1,3,4.6,True,False,browse,False,0.2647
sess_06698,usr_2193,push_notification,21,5,True,cellular,83.0,2,71.8,False,False,act,True,0.6699
sess_06699,usr_1471,organic,13,6,True,cellular,215.8,1,5.8,False,False,browse,False,0.2576
sess_06700,usr_1366,organic,6,1,False,wifi,275.7,1,57.2,False,False,browse,False,0.3146
sess_06701,usr_1241,push_notification,7,1,False,wifi,112.1,5,106.9,False,False,act,False,0.4674
sess_06702,usr_1641,widget,5,5,True,cellular,78.2,2,13.0,True,False,act,True,0.8928
sess_06703,usr_0227,push_notification,17,0,False,wifi,130.1,1,8.6,True,True,act,True,0.649
sess_06704,usr_0372,push_notification,20,4,False,wifi,107.6,2,2.7,False,False,act,False,0.5905
sess_06705,usr_1497,organic,11,6,True,wifi,305.1,2,7.3,False,True,browse,False,0.3296
sess_06706,usr_2190,widget,15,0,False,wifi,340.3,2,61.5,False,True,browse,False,0.5006
sess_06707,usr_1393,widget,16,0,False,wifi,229.9,1,0.5,False,False,browse,False,0.229
sess_06708,usr_0330,organic,17,2,False,wifi,316.5,3,22.3,True,False,browse,True,0.5945
sess_06709,usr_1883,widget,3,5,True,cellular,383.7,1,4.3,False,False,browse,False,0.482
sess_06710,usr_1188,push_notification,18,2,False,wifi,141.7,4,18.6,True,False,act,True,0.8159
sess_06711,usr_0832,widget,19,0,False,wifi,264.6,1,2.4,True,False,browse,False,0.5367
sess_06712,usr_0724,organic,15,1,False,wifi,184.8,2,31.2,False,False,browse,False,0.4885
sess_06713,usr_2272,organic,12,3,False,wifi,459.9,2,2.5,False,False,browse,False,0.5304
sess_06714,usr_0162,organic,9,5,True,cellular,231.3,1,17.7,False,False,browse,False,0.3069
sess_06715,usr_1574,push_notification,19,4,False,cellular,389.8,3,11.0,False,False,browse,True,0.8134
sess_06716,usr_0783,organic,10,1,False,wifi,198.4,4,76.8,False,False,act,True,0.8552
sess_06717,usr_1225,organic,19,3,False,cellular,176.9,1,26.8,False,False,browse,False,0.488
sess_06718,usr_1598,push_notification,18,2,False,cellular,193.0,1,4.0,False,False,browse,False,0.5101
sess_06719,usr_0438,widget,17,0,False,cellular,100.6,2,2.4,False,True,act,False,0.3789
sess_06720,usr_1472,organic,6,1,False,wifi,161.5,5,66.0,False,False,browse,True,0.7847
sess_06721,usr_1993,organic,18,6,True,wifi,303.7,2,13.0,True,False,browse,False,0.361
sess_06722,usr_0348,organic,11,2,False,wifi,427.9,2,16.3,False,False,browse,False,0.4447
sess_06723,usr_1794,organic,21,2,False,cellular,182.5,3,33.9,True,True,act,False,0.3343
sess_06724,usr_0777,push_notification,20,1,False,wifi,181.4,3,9.4,False,False,act,True,0.7798
sess_06725,usr_0574,push_notification,14,2,False,cellular,126.1,4,13.4,False,False,act,True,0.7556
sess_06726,usr_0147,push_notification,6,1,False,wifi,102.1,3,7.3,False,False,act,True,0.8457
sess_06727,usr_0791,push_notification,19,4,False,wifi,147.5,2,1.3,False,False,act,False,0.3391
sess_06728,usr_0104,push_notification,6,0,False,wifi,267.3,2,6.5,False,False,browse,True,0.6348
sess_06729,usr_2429,organic,13,6,True,wifi,115.2,1,15.7,False,False,browse,False,0.5159
sess_06730,usr_0977,push_notification,18,2,False,wifi,119.4,4,13.2,True,False,act,True,0.7594
sess_06731,usr_2004,organic,19,5,True,wifi,308.3,1,3.7,False,False,browse,False,0.3343
sess_06732,usr_1593,push_notification,21,4,False,wifi,134.2,4,42.1,True,False,act,False,0.469
sess_06733,usr_0259,push_notification,16,5,True,cellular,190.6,2,3.4,False,False,act,True,0.5476
sess_06734,usr_2215,organic,7,3,False,wifi,213.2,2,40.3,False,False,browse,True,0.8795
sess_06735,usr_1261,organic,22,2,False,cellular,265.4,2,30.1,True,False,browse,True,0.6066
sess_06736,usr_2047,push_notification,13,4,False,wifi,135.6,2,19.5,False,False,act,True,0.5567
sess_06737,usr_2188,organic,15,3,False,cellular,253.2,1,20.9,False,True,browse,False,0.5908
sess_06738,usr_1841,organic,18,1,False,wifi,185.8,2,13.5,True,False,act,False,0.565
sess_06739,usr_0068,widget,15,2,False,wifi,129.6,2,7.7,False,False,act,True,0.592
sess_06740,usr_0152,push_notification,19,0,False,cellular,120.1,3,13.9,True,True,act,True,0.5813
sess_06741,usr_1390,push_notification,19,0,False,wifi,118.0,1,7.9,False,False,act,True,0.8011
sess_06742,usr_0230,push_notification,7,2,False,wifi,95.4,3,27.4,True,False,act,True,0.8152
sess_06743,usr_1384,organic,16,1,False,wifi,150.2,3,0.4,False,False,act,False,0.5519
sess_06744,usr_0176,push_notification,17,5,True,cellular,280.8,1,1.6,False,False,browse,False,0.3357
sess_06745,usr_1661,organic,20,4,False,cellular,292.0,1,66.5,True,False,browse,False,0.3025
sess_06746,usr_0485,widget,19,1,False,cellular,348.7,1,131.6,False,True,browse,False,0.4906
sess_06747,usr_0868,push_notification,12,6,True,wifi,138.4,2,3.3,False,False,act,False,0.5292
sess_06748,usr_2143,organic,17,4,False,wifi,228.0,2,54.0,True,True,browse,False,0.5345
sess_06749,usr_1878,push_notification,11,3,False,wifi,135.7,2,3.6,True,True,act,True,0.8336
sess_06750,usr_2198,organic,8,6,True,wifi,189.3,1,9.1,False,False,browse,False,0.4743
sess_06751,usr_0611,widget,15,2,False,cellular,75.1,4,40.3,False,True,act,False,0.3439
sess_06752,usr_2374,push_notification,7,3,False,cellular,92.0,2,13.7,False,True,act,True,0.8127
sess_06753,usr_0955,widget,17,2,False,wifi,251.8,2,15.7,False,False,browse,False,0.4955
sess_06754,usr_0296,push_notification,20,1,False,wifi,109.6,3,24.7,False,False,act,True,0.8352
sess_06755,usr_0152,widget,8,4,False,wifi,276.9,1,4.2,True,False,browse,True,0.7509
sess_06756,usr_0580,organic,8,6,True,wifi,121.7,5,0.6,True,False,act,False,0.3592
sess_06757,usr_2003,push_notification,20,4,False,cellular,279.9,1,15.0,False,False,browse,False,0.5114
sess_06758,usr_0079,organic,23,3,False,cellular,284.7,1,12.4,False,False,browse,False,0.4985
sess_06759,usr_1931,widget,12,1,False,cellular,226.0,3,133.7,False,False,browse,False,0.2925
sess_06760,usr_0188,widget,21,2,False,wifi,102.3,1,1.7,False,False,act,True,0.8502
sess_06761,usr_0995,push_notification,11,2,False,wifi,108.1,2,5.1,True,False,act,True,0.8355
sess_06762,usr_0535,organic,22,3,False,wifi,250.5,1,35.3,True,False,browse,False,0.3332
sess_06763,usr_0059,push_notification,8,0,False,cellular,81.6,1,1.3,True,False,act,True,0.7048
sess_06764,usr_0706,organic,18,3,False,wifi,254.9,1,1.9,False,False,browse,False,0.5897
sess_06765,usr_0205,push_notification,14,3,False,cellular,141.2,2,26.8,True,False,act,True,0.6336
sess_06766,usr_1259,widget,18,5,True,cellular,250.1,2,45.6,True,False,browse,False,0.5737
sess_06767,usr_0399,push_notification,3,3,False,wifi,288.7,3,61.4,False,False,browse,False,0.5494
sess_06768,usr_1869,push_notification,10,0,False,wifi,67.2,3,8.0,False,False,act,True,0.8865
sess_06769,usr_0700,push_notification,9,1,False,cellular,149.7,1,13.7,False,False,act,True,0.8601
sess_06770,usr_2421,push_notification,19,1,False,wifi,135.4,3,10.3,True,False,act,False,0.5133
sess_06771,usr_0262,organic,20,6,True,wifi,237.4,1,2.1,False,False,browse,False,0.4832
sess_06772,usr_0436,push_notification,6,4,False,cellular,380.9,1,16.0,True,False,browse,False,0.5072
sess_06773,usr_0468,push_notification,9,0,False,wifi,68.1,3,18.1,False,False,act,False,0.4655
sess_06774,usr_2037,organic,12,5,True,wifi,213.7,5,60.1,True,False,browse,False,0.4619
sess_06775,usr_2438,push_notification,0,5,True,wifi,268.7,1,32.6,False,False,browse,False,0.508
sess_06776,usr_0904,organic,13,4,False,wifi,270.0,2,18.0,True,True,browse,False,0.3917
sess_06777,usr_0259,widget,17,1,False,wifi,435.8,2,25.5,False,False,browse,False,0.3438
sess_06778,usr_0831,organic,8,2,False,cellular,126.7,4,40.3,False,False,act,True,0.8041
sess_06779,usr_1746,organic,7,6,True,wifi,150.7,1,1.0,True,False,browse,False,0.3729
sess_06780,usr_1382,organic,8,6,True,cellular,255.9,2,126.7,True,False,browse,False,0.5209
sess_06781,usr_1647,organic,12,0,False,wifi,393.5,1,21.1,False,False,browse,False,0.3178
sess_06782,usr_1329,push_notification,12,1,False,wifi,157.9,2,4.5,True,True,act,True,0.8116
sess_06783,usr_0495,push_notification,12,4,False,wifi,145.8,2,2.2,False,False,act,True,0.755
sess_06784,usr_2360,organic,12,0,False,wifi,69.2,2,7.2,True,False,act,True,0.5808
sess_06785,usr_2236,organic,19,1,False,cellular,294.5,3,61.0,False,False,browse,False,0.5644
sess_06786,usr_0563,organic,20,4,False,cellular,193.5,1,3.1,False,False,browse,False,0.5234
sess_06787,usr_1318,organic,18,5,True,wifi,245.5,2,4.6,False,False,browse,False,0.3053
sess_06788,usr_0874,push_notification,14,6,True,cellular,164.3,3,10.1,True,False,act,True,0.8169
sess_06789,usr_0187,organic,9,0,False,cellular,224.6,1,16.3,True,False,browse,False,0.5467
sess_06790,usr_2430,organic,19,6,True,wifi,41.4,1,66.6,False,True,act,True,0.7644
sess_06791,usr_0711,widget,3,2,False,cellular,65.4,1,17.4,False,True,act,True,0.8191
sess_06792,usr_1375,organic,12,1,False,wifi,125.5,4,3.8,True,False,act,True,0.8332
sess_06793,usr_0259,push_notification,9,2,False,wifi,102.3,3,22.2,True,True,act,True,0.6471
sess_06794,usr_0495,push_notification,13,6,True,wifi,304.5,1,30.2,False,False,browse,False,0.5446
sess_06795,usr_1122,push_notification,15,2,False,cellular,416.8,1,5.0,False,False,browse,False,0.2516
sess_06796,usr_0579,organic,23,2,False,wifi,318.4,2,5.0,False,False,browse,False,0.5548
sess_06797,usr_1701,push_notification,19,0,False,wifi,109.9,2,49.9,True,False,act,True,0.8813
sess_06798,usr_0689,push_notification,6,6,True,wifi,96.4,3,3.3,False,True,act,False,0.3289
sess_06799,usr_1516,widget,8,3,False,wifi,274.8,1,76.7,True,False,browse,False,0.3807
sess_06800,usr_2267,organic,11,2,False,wifi,241.0,1,93.8,False,False,browse,True,0.7685
sess_06801,usr_0676,push_notification,12,2,False,wifi,290.6,1,2.9,True,False,browse,False,0.5014
sess_06802,usr_1797,widget,7,4,False,cellular,277.3,2,3.5,False,False,browse,False,0.3196
sess_06803,usr_0998,push_notification,15,5,True,wifi,341.2,2,35.2,False,False,browse,True,0.7669
sess_06804,usr_2384,push_notification,19,2,False,wifi,182.6,2,2.6,False,False,act,True,0.7833
sess_06805,usr_0167,organic,8,4,False,wifi,393.7,1,39.3,False,False,browse,False,0.5341
sess_06806,usr_0547,organic,20,3,False,cellular,350.7,2,10.0,False,False,browse,True,0.5734
sess_06807,usr_0410,push_notification,11,6,True,cellular,192.3,2,17.0,False,False,browse,False,0.4829
sess_06808,usr_1541,widget,12,0,False,cellular,142.4,2,25.6,True,False,browse,False,0.5828
sess_06809,usr_0647,organic,9,2,False,wifi,316.9,1,11.7,False,False,browse,False,0.5199
sess_06810,usr_0065,organic,6,5,True,cellular,307.9,1,4.0,False,False,browse,True,0.8727
sess_06811,usr_1995,push_notification,5,5,True,wifi,122.9,2,168.0,True,False,act,False,0.5274
sess_06812,usr_0331,widget,19,3,False,wifi,121.5,2,7.3,True,True,act,True,0.5337
sess_06813,usr_0027,push_notification,12,4,False,cellular,282.6,1,5.2,False,False,browse,False,0.3118
sess_06814,usr_0030,organic,14,4,False,wifi,373.7,1,32.1,False,True,browse,True,0.5956
sess_06815,usr_0735,push_notification,8,1,False,wifi,285.6,1,48.0,False,False,browse,False,0.5641
sess_06816,usr_0366,organic,8,4,False,wifi,338.2,1,17.5,True,False,browse,False,0.5037
sess_06817,usr_2432,organic,7,0,False,wifi,139.0,2,39.9,True,False,browse,False,0.2888
sess_06818,usr_1163,organic,16,4,False,wifi,234.8,4,5.9,True,False,browse,False,0.5294
sess_06819,usr_1705,push_notification,23,0,False,wifi,94.2,3,8.6,True,False,act,True,0.607
sess_06820,usr_1950,widget,12,1,False,wifi,144.3,3,52.6,False,False,act,False,0.5522
sess_06821,usr_0520,widget,20,0,False,wifi,172.5,3,12.1,True,True,act,False,0.3721
sess_06822,usr_0845,push_notification,20,0,False,wifi,76.7,4,31.6,True,True,act,True,0.7918
sess_06823,usr_0587,push_notification,9,1,False,cellular,229.8,1,11.6,False,False,browse,True,0.871
sess_06824,usr_1110,widget,9,5,True,cellular,348.3,2,85.0,True,False,browse,False,0.3718
sess_06825,usr_2143,push_notification,16,3,False,cellular,317.4,1,75.7,True,True,browse,False,0.2864
sess_06826,usr_1845,push_notification,16,3,False,wifi,99.3,1,0.8,True,False,act,True,0.6917
sess_06827,usr_1688,organic,15,6,True,wifi,151.4,1,6.1,False,False,browse,False,0.445
sess_06828,usr_0980,organic,16,6,True,wifi,241.8,3,12.3,True,False,browse,False,0.5937
sess_06829,usr_0715,organic,11,1,False,wifi,306.4,1,32.8,True,False,browse,False,0.4929
sess_06830,usr_0155,organic,9,4,False,wifi,424.0,2,19.8,False,False,browse,False,0.2916
sess_06831,usr_2443,organic,14,4,False,wifi,74.1,2,10.5,False,False,act,True,0.8008
sess_06832,usr_0738,widget,9,4,False,cellular,258.5,1,2.7,False,False,browse,False,0.2892
sess_06833,usr_2048,push_notification,23,5,True,wifi,110.8,3,48.4,False,False,act,True,0.8941
sess_06834,usr_0361,widget,11,6,True,wifi,251.5,1,50.4,True,False,browse,False,0.474
sess_06835,usr_1234,organic,7,5,True,cellular,147.6,1,97.2,False,False,act,False,0.5166
sess_06836,usr_1425,push_notification,19,5,True,wifi,110.9,2,11.7,False,False,act,True,0.7824
sess_06837,usr_1716,organic,0,4,False,cellular,319.0,1,12.8,False,False,browse,False,0.3571
sess_06838,usr_0019,organic,17,5,True,cellular,317.6,1,2.4,True,False,browse,True,0.7801
sess_06839,usr_2285,widget,9,0,False,cellular,313.9,1,14.4,False,False,browse,False,0.4834
sess_06840,usr_0966,push_notification,2,0,False,cellular,251.6,1,41.0,True,False,browse,False,0.2345
sess_06841,usr_0787,organic,18,6,True,wifi,54.4,2,34.8,False,False,act,True,0.6025
sess_06842,usr_0482,organic,5,1,False,wifi,421.8,1,12.7,True,False,browse,False,0.3076
sess_06843,usr_2172,widget,6,1,False,wifi,135.6,2,20.9,False,False,act,True,0.9017
sess_06844,usr_0392,organic,13,5,True,wifi,96.0,2,20.3,False,False,act,True,0.5289
sess_06845,usr_1483,organic,19,0,False,cellular,276.3,1,10.4,False,False,browse,False,0.4979
sess_06846,usr_2211,push_notification,17,4,False,cellular,82.4,2,31.2,False,False,act,False,0.3498
sess_06847,usr_2079,organic,13,4,False,cellular,130.5,3,13.2,False,False,act,True,0.8322
sess_06848,usr_0899,organic,8,6,True,wifi,328.9,2,8.3,True,False,browse,False,0.5232
sess_06849,usr_1902,widget,3,3,False,wifi,198.9,4,8.7,False,False,browse,True,0.8784
sess_06850,usr_0853,push_notification,13,4,False,wifi,293.6,4,2.0,True,False,browse,False,0.2629
sess_06851,usr_1133,organic,15,1,False,wifi,224.3,1,32.0,False,False,browse,False,0.3609
sess_06852,usr_0218,organic,20,6,True,cellular,295.5,1,132.8,False,False,browse,False,0.2678
sess_06853,usr_0794,widget,12,4,False,wifi,10.0,3,60.0,False,False,act,False,0.5663
sess_06854,usr_0462,organic,23,1,False,cellular,288.3,2,55.3,True,False,browse,False,0.5125
sess_06855,usr_0612,organic,17,0,False,wifi,184.1,1,20.2,False,True,browse,False,0.2985
sess_06856,usr_1944,organic,12,3,False,wifi,371.8,2,9.2,False,False,browse,False,0.4242
sess_06857,usr_2038,widget,17,6,True,wifi,244.8,1,20.0,False,False,browse,False,0.3613
sess_06858,usr_0723,push_notification,9,1,False,wifi,205.3,4,18.0,False,False,browse,False,0.3005
sess_06859,usr_0655,push_notification,12,6,True,cellular,167.4,1,13.0,False,False,act,False,0.5489
sess_06860,usr_0177,widget,0,2,False,wifi,71.7,2,0.7,False,False,browse,False,0.3226
sess_06861,usr_0222,push_notification,11,4,False,wifi,364.5,1,5.9,True,False,browse,False,0.5571
sess_06862,usr_1492,organic,17,0,False,cellular,211.0,4,2.3,True,False,browse,False,0.4268
sess_06863,usr_1168,organic,18,1,False,wifi,351.5,1,7.3,False,False,browse,False,0.5293
sess_06864,usr_0859,organic,9,2,False,wifi,349.3,3,168.0,False,True,browse,False,0.2393
sess_06865,usr_1781,widget,7,1,False,wifi,347.6,5,4.9,False,False,browse,False,0.2772
sess_06866,usr_1030,push_notification,14,5,True,wifi,85.1,2,22.7,True,False,act,True,0.7762
sess_06867,usr_1370,organic,14,6,True,wifi,387.7,2,6.2,False,True,browse,False,0.5733
sess_06868,usr_1857,widget,11,6,True,wifi,194.8,3,7.6,True,True,act,True,0.685
sess_06869,usr_0178,organic,19,2,False,wifi,131.4,3,4.6,True,True,act,True,0.588
sess_06870,usr_0428,organic,16,3,False,wifi,248.7,2,43.1,False,False,browse,True,0.8097
sess_06871,usr_0215,organic,8,2,False,wifi,394.7,1,13.9,False,False,browse,False,0.2978
sess_06872,usr_2202,push_notification,21,3,False,cellular,107.1,1,28.4,True,False,act,True,0.8686
sess_06873,usr_0721,widget,14,1,False,wifi,78.5,3,9.8,False,False,act,True,0.8194
sess_06874,usr_0648,organic,21,2,False,wifi,372.6,3,10.1,False,False,browse,False,0.5285
sess_06875,usr_0120,organic,14,5,True,wifi,353.1,2,5.6,False,False,browse,False,0.3225
sess_06876,usr_1987,organic,8,1,False,cellular,111.5,2,8.9,True,False,act,True,0.8556
sess_06877,usr_2110,organic,22,0,False,cellular,444.8,1,5.9,False,False,browse,True,0.632
sess_06878,usr_0476,organic,13,3,False,cellular,370.1,1,11.9,False,False,browse,False,0.2986
sess_06879,usr_0291,push_notification,21,5,True,cellular,150.2,2,16.9,False,True,act,False,0.5275
sess_06880,usr_0964,organic,19,2,False,wifi,355.8,1,2.3,False,False,browse,False,0.3307
sess_06881,usr_1822,organic,17,2,False,wifi,290.4,1,31.1,False,False,browse,False,0.5245
sess_06882,usr_2428,organic,7,5,True,wifi,132.0,1,38.4,False,False,browse,True,0.5762
sess_06883,usr_2375,push_notification,20,6,True,cellular,192.2,4,6.8,False,False,act,True,0.8984
sess_06884,usr_1336,push_notification,8,5,True,wifi,130.4,3,134.0,True,False,act,True,0.8828
sess_06885,usr_1717,organic,11,3,False,cellular,139.4,3,11.0,False,True,act,True,0.8341
sess_06886,usr_0815,organic,8,1,False,wifi,345.1,3,8.7,False,False,browse,False,0.4772
sess_06887,usr_1335,organic,15,2,False,cellular,376.6,1,15.8,True,False,browse,False,0.2671
sess_06888,usr_0943,push_notification,9,1,False,cellular,215.1,4,71.6,False,False,browse,False,0.3145
sess_06889,usr_0452,push_notification,18,5,True,wifi,298.5,1,10.1,False,False,browse,False,0.3963
sess_06890,usr_1336,organic,15,4,False,wifi,140.8,1,3.9,True,True,act,True,0.6715
sess_06891,usr_0933,organic,20,3,False,wifi,436.7,1,53.5,False,False,browse,False,0.5406
sess_06892,usr_0402,organic,6,3,False,cellular,233.7,1,10.6,False,False,browse,True,0.8174
sess_06893,usr_0972,push_notification,20,1,False,wifi,252.7,2,16.8,True,False,browse,False,0.2735
sess_06894,usr_1690,organic,13,6,True,wifi,329.2,2,5.8,False,False,browse,False,0.5616
sess_06895,usr_0820,organic,15,4,False,wifi,323.0,1,12.1,False,False,browse,False,0.3098
sess_06896,usr_1539,organic,8,2,False,wifi,123.9,4,13.6,False,False,act,True,0.8248
sess_06897,usr_0904,organic,19,6,True,wifi,273.3,1,20.5,True,False,browse,False,0.2748
sess_06898,usr_0302,push_notification,19,1,False,wifi,68.3,3,20.4,False,True,act,True,0.6194
sess_06899,usr_1930,widget,8,0,False,cellular,316.5,1,4.4,False,False,browse,False,0.294
sess_06900,usr_2397,organic,7,2,False,wifi,292.8,1,30.3,True,False,browse,False,0.446
sess_06901,usr_1985,push_notification,19,1,False,cellular,119.6,4,21.6,False,False,act,True,0.8813
sess_06902,usr_0223,organic,12,6,True,wifi,209.8,3,4.3,False,False,browse,False,0.4854
sess_06903,usr_1786,organic,17,4,False,cellular,295.6,2,13.0,False,False,browse,False,0.505
sess_06904,usr_0594,organic,20,1,False,cellular,264.5,1,8.8,False,False,browse,False,0.3763
sess_06905,usr_0886,organic,23,5,True,wifi,501.1,1,62.2,False,False,browse,False,0.5695
sess_06906,usr_2497,organic,16,6,True,wifi,226.8,3,1.4,False,False,browse,False,0.5595
sess_06907,usr_1864,organic,20,6,True,wifi,149.4,3,11.9,True,True,browse,False,0.4576
sess_06908,usr_0730,organic,10,1,False,wifi,266.8,1,15.4,False,False,browse,True,0.5737
sess_06909,usr_1587,organic,21,2,False,cellular,310.4,1,55.4,False,False,browse,True,0.6123
sess_06910,usr_1530,widget,21,4,False,wifi,297.4,1,11.6,False,False,browse,False,0.4879
sess_06911,usr_0559,organic,13,0,False,cellular,231.3,2,1.4,False,True,browse,False,0.2887
sess_06912,usr_1875,push_notification,13,6,True,cellular,365.4,1,2.3,False,False,browse,True,0.8138
sess_06913,usr_0796,widget,8,1,False,cellular,367.2,2,14.4,True,False,browse,False,0.3028
sess_06914,usr_1469,push_notification,20,3,False,wifi,179.3,3,3.0,False,False,act,True,0.8383
sess_06915,usr_1105,push_notification,3,3,False,wifi,15.3,3,5.3,True,False,act,True,0.8845
sess_06916,usr_0829,widget,19,5,True,wifi,337.0,2,50.5,True,False,browse,True,0.6683
sess_06917,usr_1376,organic,20,1,False,cellular,407.7,2,0.7,False,False,browse,False,0.2698
sess_06918,usr_0522,widget,17,1,False,wifi,102.8,3,2.3,False,False,act,True,0.6434
sess_06919,usr_0132,organic,13,5,True,wifi,326.2,2,6.7,False,False,browse,True,0.6936
sess_06920,usr_2330,widget,9,4,False,cellular,113.6,2,14.6,False,False,act,True,0.8031
sess_06921,usr_0245,push_notification,16,6,True,cellular,56.4,3,7.1,False,False,act,True,0.7774
sess_06922,usr_1150,push_notification,11,2,False,wifi,86.4,1,6.2,False,False,act,True,0.7825
sess_06923,usr_0560,push_notification,9,3,False,wifi,155.6,3,0.8,False,False,act,False,0.4883
sess_06924,usr_0456,widget,16,1,False,wifi,374.6,1,25.6,True,True,browse,False,0.2413
sess_06925,usr_1907,push_notification,8,1,False,cellular,423.4,1,16.1,True,False,browse,True,0.6841
sess_06926,usr_1879,push_notification,16,6,True,wifi,190.9,2,9.9,False,False,act,True,0.8715
sess_06927,usr_1714,organic,11,1,False,wifi,223.6,2,10.3,True,False,browse,False,0.5262
sess_06928,usr_0702,push_notification,7,1,False,cellular,118.9,2,75.4,True,False,act,True,0.8082
sess_06929,usr_1408,organic,20,3,False,wifi,290.9,1,34.2,True,False,browse,True,0.8045
sess_06930,usr_0901,push_notification,19,2,False,wifi,92.9,3,7.3,False,False,act,True,0.5621
sess_06931,usr_1209,organic,22,1,False,wifi,185.9,3,4.0,True,False,act,True,0.8078
sess_06932,usr_2473,push_notification,16,4,False,wifi,257.0,1,19.4,False,False,browse,False,0.2368
sess_06933,usr_0643,push_notification,6,6,True,wifi,244.7,5,38.5,False,False,browse,False,0.2962
sess_06934,usr_0697,organic,4,6,True,wifi,408.1,2,5.9,False,False,browse,False,0.3404
sess_06935,usr_2368,widget,15,0,False,wifi,325.7,1,17.7,False,False,browse,False,0.4763
sess_06936,usr_2265,push_notification,22,4,False,wifi,97.4,2,2.2,False,False,act,False,0.5147
sess_06937,usr_0941,push_notification,15,6,True,cellular,305.6,1,15.4,False,False,browse,True,0.6357
sess_06938,usr_0355,organic,14,3,False,wifi,516.0,2,23.5,False,False,browse,True,0.5478
sess_06939,usr_1687,push_notification,10,1,False,cellular,137.5,2,37.9,True,False,act,False,0.5911
sess_06940,usr_2138,widget,23,0,False,wifi,362.0,1,1.2,False,False,browse,False,0.5505
sess_06941,usr_2004,widget,22,5,True,cellular,246.6,1,21.4,True,False,browse,True,0.6234
sess_06942,usr_0887,organic,21,1,False,wifi,412.7,3,8.7,True,False,browse,False,0.3332
sess_06943,usr_2424,organic,6,1,False,cellular,305.8,4,168.0,True,False,browse,False,0.5674
sess_06944,usr_1940,organic,5,0,False,cellular,206.6,1,20.2,True,False,browse,False,0.3568
sess_06945,usr_1896,widget,8,4,False,cellular,166.8,3,11.9,False,True,act,True,0.8008
sess_06946,usr_1144,organic,9,1,False,wifi,293.7,3,8.4,True,False,browse,False,0.2639
sess_06947,usr_0060,organic,13,5,True,cellular,202.1,4,6.4,False,False,browse,False,0.2412
sess_06948,usr_1754,push_notification,20,2,False,cellular,108.6,2,4.1,False,False,act,False,0.5221
sess_06949,usr_1011,widget,15,1,False,cellular,266.5,2,58.6,True,True,act,True,0.8126
sess_06950,usr_1016,push_notification,15,5,True,cellular,319.3,5,37.5,False,False,browse,False,0.2485
sess_06951,usr_1341,push_notification,21,1,False,cellular,81.5,5,12.2,False,False,act,False,0.3569
sess_06952,usr_1779,organic,9,2,False,wifi,106.3,3,160.7,False,False,act,True,0.7782
sess_06953,usr_2374,push_notification,6,4,False,cellular,314.2,1,13.2,False,True,browse,False,0.3141
sess_06954,usr_0911,organic,17,4,False,wifi,259.4,2,2.5,True,False,browse,False,0.4536
sess_06955,usr_2424,organic,7,2,False,cellular,120.2,1,168.0,True,True,act,True,0.806
sess_06956,usr_0611,push_notification,17,2,False,wifi,118.9,4,51.0,False,False,act,False,0.5429
sess_06957,usr_2350,push_notification,12,2,False,wifi,113.9,3,10.3,False,True,act,True,0.8613
sess_06958,usr_0021,organic,22,3,False,wifi,281.6,1,29.3,True,False,browse,False,0.3525
sess_06959,usr_1712,organic,11,0,False,wifi,299.4,1,63.0,True,False,browse,False,0.5261
sess_06960,usr_0182,push_notification,17,6,True,cellular,293.8,3,19.0,False,False,browse,True,0.6296
sess_06961,usr_0165,organic,14,5,True,cellular,259.7,3,18.9,True,False,browse,True,0.5721
sess_06962,usr_1928,widget,21,0,False,wifi,76.2,3,24.6,True,False,act,True,0.8297
sess_06963,usr_2066,widget,19,1,False,wifi,364.1,1,14.0,False,False,browse,False,0.582
sess_06964,usr_0138,widget,7,0,False,cellular,254.5,1,21.1,False,False,browse,False,0.3763
sess_06965,usr_1744,organic,18,1,False,wifi,227.9,1,7.7,False,False,browse,False,0.4756
sess_06966,usr_2176,organic,7,4,False,wifi,190.9,2,55.4,True,False,browse,False,0.3056
sess_06967,usr_1616,organic,11,3,False,cellular,308.6,2,1.3,True,False,browse,False,0.5018
sess_06968,usr_1964,organic,15,4,False,wifi,456.0,1,18.1,True,False,browse,False,0.3192
sess_06969,usr_0402,push_notification,9,1,False,wifi,124.7,3,3.6,False,False,act,True,0.5842
sess_06970,usr_1854,organic,13,5,True,cellular,95.8,1,0.1,False,False,act,True,0.8148
sess_06971,usr_2029,push_notification,8,6,True,cellular,362.1,1,16.7,False,True,browse,True,0.7946
sess_06972,usr_0986,push_notification,20,2,False,wifi,66.6,5,21.1,False,True,act,True,0.7946
sess_06973,usr_0341,push_notification,17,6,True,wifi,300.4,1,51.9,False,False,browse,False,0.3482
sess_06974,usr_2288,widget,20,2,False,wifi,119.6,2,0.6,True,True,act,True,0.7659
sess_06975,usr_0051,organic,15,4,False,wifi,316.4,1,1.7,False,False,browse,False,0.3355
sess_06976,usr_1666,widget,14,0,False,wifi,101.2,2,13.3,False,True,act,True,0.6356
sess_06977,usr_0893,organic,20,1,False,cellular,105.6,2,28.9,True,False,act,False,0.5092
sess_06978,usr_0544,organic,21,6,True,wifi,213.7,1,132.5,False,False,browse,True,0.7195
sess_06979,usr_1469,organic,4,6,True,wifi,230.3,1,1.6,False,True,browse,True,0.7561
sess_06980,usr_1212,organic,10,6,True,wifi,301.6,1,5.4,True,False,browse,True,0.8043
sess_06981,usr_0980,organic,12,5,True,wifi,313.3,1,3.4,True,False,browse,True,0.5477
sess_06982,usr_0372,organic,8,6,True,wifi,83.9,2,7.1,False,False,act,True,0.8037
sess_06983,usr_0066,push_notification,19,6,True,wifi,180.6,4,35.2,False,False,act,True,0.7792
sess_06984,usr_1966,widget,22,3,False,wifi,168.4,3,11.3,False,False,act,True,0.6377
sess_06985,usr_1249,organic,14,5,True,wifi,311.9,4,19.8,False,False,browse,False,0.5042
sess_06986,usr_0663,push_notification,8,4,False,wifi,146.1,2,4.7,True,False,act,True,0.605
sess_06987,usr_1882,organic,20,3,False,wifi,142.7,1,2.0,False,False,browse,False,0.2545
sess_06988,usr_2337,push_notification,18,3,False,cellular,121.9,2,21.8,True,False,act,True,0.6222
sess_06989,usr_2391,organic,8,5,True,wifi,261.5,2,11.8,True,False,browse,False,0.2964
sess_06990,usr_0100,organic,10,0,False,cellular,390.7,2,16.8,False,False,browse,False,0.3187
sess_06991,usr_1864,organic,16,2,False,wifi,120.8,2,17.8,True,False,act,False,0.377
sess_06992,usr_1900,organic,16,4,False,wifi,307.2,1,46.0,True,False,browse,False,0.3683
sess_06993,usr_0568,push_notification,14,3,False,wifi,110.9,2,27.6,False,True,act,False,0.5802
sess_06994,usr_1661,push_notification,19,0,False,wifi,270.0,5,29.4,False,False,browse,False,0.3015
sess_06995,usr_0758,organic,10,6,True,cellular,401.0,1,2.3,True,False,browse,False,0.2464
sess_06996,usr_1518,widget,16,0,False,cellular,139.3,1,95.0,False,True,browse,True,0.5624
sess_06997,usr_1902,push_notification,14,2,False,cellular,137.2,1,56.1,False,True,browse,False,0.5322
sess_06998,usr_0006,push_notification,14,1,False,cellular,148.4,3,34.1,False,False,act,True,0.8293
sess_06999,usr_0290,organic,15,2,False,wifi,282.8,2,7.4,False,False,browse,True,0.6066
sess_07000,usr_1577,widget,20,6,True,wifi,258.7,1,4.9,False,False,browse,False,0.3904
sess_07001,usr_1364,organic,18,3,False,wifi,153.3,2,10.8,False,False,act,True,0.8208
sess_07002,usr_2175,organic,13,0,False,wifi,84.1,1,29.6,False,False,browse,True,0.7675
sess_07003,usr_0134,organic,17,0,False,cellular,183.8,1,57.7,False,False,browse,False,0.5026
sess_07004,usr_1215,push_notification,18,1,False,cellular,85.1,3,0.9,True,False,act,True,0.838
sess_07005,usr_1745,organic,8,2,False,wifi,184.5,2,1.9,True,False,browse,False,0.489
sess_07006,usr_1106,organic,2,3,False,wifi,74.7,3,12.7,False,False,act,True,0.6881
sess_07007,usr_2222,organic,15,1,False,cellular,324.8,2,5.9,True,False,browse,False,0.5323
sess_07008,usr_2357,organic,11,2,False,wifi,282.5,1,41.9,False,True,browse,False,0.2928
sess_07009,usr_0849,push_notification,8,2,False,cellular,212.0,1,12.2,False,False,browse,False,0.3257
sess_07010,usr_0332,organic,6,0,False,cellular,380.5,3,5.9,True,False,browse,False,0.4994
sess_07011,usr_1376,widget,19,1,False,wifi,319.1,1,15.2,False,False,browse,True,0.7928
sess_07012,usr_0225,organic,4,4,False,wifi,120.9,2,14.7,False,False,act,True,0.5673
sess_07013,usr_2109,push_notification,7,5,True,wifi,418.3,4,6.1,False,False,browse,False,0.511
sess_07014,usr_1491,organic,13,2,False,wifi,180.6,1,18.9,False,False,browse,False,0.5937
sess_07015,usr_0212,push_notification,11,6,True,cellular,154.4,3,21.8,False,False,act,False,0.2409
sess_07016,usr_0455,organic,18,5,True,cellular,279.3,2,5.8,True,False,browse,False,0.3158
sess_07017,usr_1569,organic,15,3,False,cellular,145.2,3,1.7,True,False,act,True,0.8301
sess_07018,usr_1498,organic,3,2,False,cellular,279.3,1,10.7,False,False,browse,False,0.3494
sess_07019,usr_1907,organic,23,4,False,cellular,239.6,1,43.6,False,False,browse,False,0.5394
sess_07020,usr_0168,organic,13,4,False,cellular,102.3,2,24.8,True,False,browse,True,0.7347
sess_07021,usr_1498,push_notification,18,6,True,wifi,240.2,2,29.9,True,False,act,True,0.6536
sess_07022,usr_1501,organic,7,2,False,wifi,332.0,1,6.4,False,False,browse,True,0.5768
sess_07023,usr_0718,organic,20,3,False,wifi,144.0,2,14.5,False,False,act,True,0.6198
sess_07024,usr_2289,widget,15,2,False,cellular,148.1,3,28.1,False,False,act,True,0.5551
sess_07025,usr_0275,organic,9,5,True,cellular,262.7,1,82.7,False,False,browse,True,0.6991
sess_07026,usr_2297,push_notification,20,6,True,wifi,168.3,2,3.2,False,False,act,True,0.8029
sess_07027,usr_0839,push_notification,18,3,False,cellular,209.6,2,61.6,False,False,act,False,0.3871
sess_07028,usr_0567,organic,12,4,False,cellular,418.4,2,2.0,False,False,browse,True,0.6114
sess_07029,usr_1372,organic,12,1,False,cellular,357.8,1,2.2,True,False,browse,True,0.6589
sess_07030,usr_0978,organic,8,1,False,wifi,267.4,1,19.0,True,False,browse,False,0.3255
sess_07031,usr_2211,widget,22,3,False,cellular,247.3,1,39.4,True,False,browse,False,0.2695
sess_07032,usr_0466,organic,14,2,False,cellular,356.5,1,4.5,True,False,browse,True,0.607
sess_07033,usr_1960,organic,20,3,False,cellular,157.8,1,50.1,False,False,browse,False,0.5394
sess_07034,usr_2377,organic,18,3,False,cellular,195.2,2,1.4,False,False,browse,False,0.5055
sess_07035,usr_0860,organic,15,3,False,wifi,276.0,2,1.7,True,True,browse,False,0.4598
sess_07036,usr_0924,widget,21,3,False,cellular,196.1,3,27.3,True,False,browse,False,0.5528
sess_07037,usr_1313,organic,22,1,False,wifi,201.1,2,23.0,True,False,browse,False,0.4609
sess_07038,usr_1445,organic,5,2,False,wifi,310.1,1,31.2,True,False,browse,True,0.5332
sess_07039,usr_1096,organic,13,0,False,cellular,398.8,1,30.8,False,False,browse,False,0.5661
sess_07040,usr_2063,widget,3,1,False,wifi,280.7,1,7.2,False,False,browse,False,0.267
sess_07041,usr_1733,organic,14,3,False,wifi,389.8,2,106.1,False,True,browse,False,0.46
sess_07042,usr_1136,organic,9,2,False,wifi,237.7,1,7.1,False,False,browse,True,0.6562
sess_07043,usr_0224,widget,13,0,False,cellular,253.1,1,4.8,True,False,browse,False,0.4445
sess_07044,usr_0260,organic,10,2,False,cellular,306.0,3,4.4,False,False,browse,True,0.6313
sess_07045,usr_1528,widget,9,5,True,wifi,151.4,4,16.2,False,False,act,False,0.5695
sess_07046,usr_1415,organic,22,6,True,wifi,199.7,3,22.3,False,False,act,True,0.5945
sess_07047,usr_1854,push_notification,18,6,True,wifi,141.9,4,18.3,True,False,act,True,0.8438
sess_07048,usr_1992,push_notification,17,1,False,wifi,18.4,2,168.0,True,False,act,True,0.8818
sess_07049,usr_2054,organic,14,5,True,wifi,213.5,3,1.8,False,False,browse,False,0.5184
sess_07050,usr_2158,organic,9,1,False,cellular,179.6,1,78.2,False,False,browse,True,0.527
sess_07051,usr_0503,organic,4,0,False,cellular,417.2,1,6.5,False,True,browse,False,0.5038
sess_07052,usr_1926,push_notification,20,1,False,cellular,175.1,1,9.2,False,False,act,False,0.4228
sess_07053,usr_2179,widget,10,0,False,cellular,128.4,1,4.6,False,True,act,False,0.462
sess_07054,usr_2183,push_notification,7,4,False,wifi,162.0,4,9.8,True,False,act,True,0.8372
sess_07055,usr_1198,organic,11,5,True,cellular,227.6,1,8.6,False,False,browse,False,0.4812
sess_07056,usr_1852,push_notification,11,1,False,cellular,168.9,2,23.6,True,False,act,True,0.7949
sess_07057,usr_1508,widget,8,6,True,cellular,241.2,1,10.1,False,False,browse,False,0.2168
sess_07058,usr_0269,organic,1,0,False,cellular,242.6,2,168.0,False,False,browse,False,0.2564
sess_07059,usr_0772,push_notification,22,2,False,wifi,85.3,2,15.1,True,False,act,True,0.7957
sess_07060,usr_1876,push_notification,23,1,False,wifi,105.4,3,44.8,False,True,act,False,0.4389
sess_07061,usr_0358,push_notification,9,1,False,cellular,344.5,2,3.7,True,False,browse,False,0.2891
sess_07062,usr_0329,organic,15,4,False,wifi,313.5,2,7.7,False,False,browse,False,0.4951
sess_07063,usr_1601,organic,19,5,True,cellular,214.3,1,27.0,False,False,browse,False,0.3117
sess_07064,usr_0733,push_notification,12,6,True,cellular,216.0,1,27.8,False,False,browse,False,0.2662
sess_07065,usr_1182,push_notification,18,2,False,wifi,175.2,3,19.9,True,False,act,True,0.8525
sess_07066,usr_0316,organic,9,0,False,wifi,250.5,1,7.7,True,False,browse,False,0.3884
sess_07067,usr_0448,push_notification,17,2,False,wifi,213.1,1,5.4,False,False,browse,False,0.271
sess_07068,usr_0675,organic,18,6,True,wifi,419.8,1,7.7,False,True,browse,False,0.51
sess_07069,usr_1131,push_notification,22,1,False,wifi,118.5,2,38.1,False,False,act,False,0.3064
sess_07070,usr_0459,organic,17,3,False,wifi,291.6,3,4.3,False,False,browse,True,0.8565
sess_07071,usr_0607,organic,19,2,False,wifi,88.9,5,8.2,False,False,act,True,0.7571
sess_07072,usr_2033,widget,13,0,False,wifi,152.1,2,11.9,False,False,act,True,0.7891
sess_07073,usr_0617,widget,8,1,False,cellular,422.9,1,51.0,False,True,browse,False,0.4676
sess_07074,usr_0837,push_notification,18,3,False,cellular,234.1,2,5.9,False,False,act,True,0.8189
sess_07075,usr_2133,organic,7,6,True,wifi,232.1,1,38.6,False,False,browse,False,0.3179
sess_07076,usr_0093,organic,18,0,False,wifi,277.0,3,7.8,True,False,browse,False,0.382
sess_07077,usr_1201,push_notification,11,5,True,wifi,193.4,1,8.0,True,False,browse,False,0.4685
sess_07078,usr_1707,organic,16,5,True,cellular,293.5,1,4.5,True,False,browse,False,0.305
sess_07079,usr_2218,widget,15,6,True,wifi,191.8,3,33.3,False,True,act,False,0.2605
sess_07080,usr_0541,push_notification,8,6,True,cellular,350.4,4,6.3,True,False,browse,False,0.2633
sess_07081,usr_1942,widget,13,2,False,wifi,232.2,1,2.3,False,True,browse,False,0.4716
sess_07082,usr_1421,organic,11,0,False,wifi,342.7,3,18.1,False,False,browse,False,0.5392
sess_07083,usr_1721,push_notification,19,5,True,wifi,166.6,2,9.3,False,False,act,True,0.7411
sess_07084,usr_1819,push_notification,23,2,False,cellular,105.0,4,1.8,False,False,act,True,0.5376
sess_07085,usr_0088,push_notification,19,5,True,wifi,146.9,2,5.8,True,False,act,True,0.8143
sess_07086,usr_1195,organic,13,3,False,cellular,232.5,1,11.1,False,True,browse,False,0.3341
sess_07087,usr_0775,push_notification,6,4,False,cellular,156.5,2,1.5,False,True,act,True,0.8446
sess_07088,usr_0258,push_notification,14,6,True,cellular,132.7,3,27.1,False,True,act,True,0.8245
sess_07089,usr_0091,push_notification,21,1,False,wifi,111.8,2,30.0,True,False,act,True,0.813
sess_07090,usr_0952,push_notification,1,6,True,wifi,111.8,3,5.9,False,False,act,True,0.6218
sess_07091,usr_2129,organic,8,3,False,wifi,282.5,1,17.5,False,False,browse,False,0.5529
sess_07092,usr_1376,organic,11,4,False,cellular,105.7,2,8.0,False,False,act,False,0.3278
sess_07093,usr_1687,organic,10,5,True,cellular,157.2,2,25.7,True,False,act,False,0.413
sess_07094,usr_2371,organic,10,1,False,cellular,137.4,2,13.7,False,False,act,True,0.614
sess_07095,usr_1405,push_notification,19,5,True,cellular,108.5,3,10.8,True,True,act,True,0.7295
sess_07096,usr_1337,push_notification,12,5,True,wifi,290.3,3,36.5,True,False,browse,False,0.526
sess_07097,usr_1992,organic,8,4,False,cellular,358.2,1,56.0,False,False,browse,False,0.2784
sess_07098,usr_2431,organic,23,0,False,cellular,269.1,1,9.1,False,False,browse,False,0.3414
sess_07099,usr_2172,organic,19,3,False,wifi,262.9,2,16.6,True,False,browse,False,0.5472
sess_07100,usr_2247,push_notification,23,5,True,cellular,93.5,3,10.9,True,False,act,True,0.8601
sess_07101,usr_1824,organic,8,6,True,cellular,299.3,2,6.8,False,False,browse,False,0.2773
sess_07102,usr_1876,organic,19,5,True,wifi,192.5,2,19.6,False,False,browse,True,0.7777
sess_07103,usr_1246,push_notification,23,3,False,wifi,74.1,2,116.2,True,False,act,True,0.752
sess_07104,usr_2324,push_notification,12,4,False,wifi,187.3,1,17.7,False,False,browse,False,0.5019
sess_07105,usr_0541,push_notification,11,0,False,cellular,152.2,2,3.0,False,False,act,True,0.8384
sess_07106,usr_1256,push_notification,21,6,True,wifi,84.4,5,168.0,False,False,act,False,0.3501
sess_07107,usr_0704,push_notification,20,1,False,cellular,190.1,3,3.5,True,False,act,True,0.8429
sess_07108,usr_1065,organic,20,4,False,cellular,277.0,1,30.1,True,False,browse,False,0.3141
sess_07109,usr_0929,push_notification,10,2,False,cellular,76.3,1,15.8,False,True,act,True,0.8392
sess_07110,usr_1984,widget,0,6,True,wifi,305.9,1,3.4,False,False,browse,True,0.5653
sess_07111,usr_1524,widget,19,2,False,cellular,301.5,1,7.1,False,False,browse,False,0.4908
sess_07112,usr_1181,organic,8,3,False,cellular,117.1,2,17.3,False,False,act,False,0.3951
sess_07113,usr_0194,organic,22,2,False,wifi,276.2,2,8.1,True,False,browse,False,0.2752
sess_07114,usr_0608,widget,20,6,True,wifi,96.6,3,7.5,False,False,act,False,0.5093
sess_07115,usr_1447,push_notification,7,6,True,wifi,32.7,3,8.7,False,True,act,True,0.6035
sess_07116,usr_1165,organic,14,2,False,wifi,245.5,2,22.6,False,False,browse,False,0.479
sess_07117,usr_1868,push_notification,18,0,False,wifi,72.4,2,10.0,True,False,act,True,0.8479
sess_07118,usr_0682,organic,15,2,False,wifi,237.2,3,5.1,False,False,browse,False,0.5792
sess_07119,usr_0659,widget,21,3,False,wifi,382.0,1,45.5,False,True,browse,False,0.5484
sess_07120,usr_2193,organic,18,4,False,wifi,147.7,1,41.9,False,False,act,False,0.3574
sess_07121,usr_1169,organic,14,5,True,wifi,95.3,3,3.3,False,False,act,True,0.7423
sess_07122,usr_0747,push_notification,12,6,True,wifi,155.4,3,8.0,True,False,browse,True,0.632
sess_07123,usr_0719,push_notification,15,4,False,cellular,61.6,1,9.6,False,False,act,False,0.5435
sess_07124,usr_0629,organic,17,0,False,wifi,201.6,1,12.6,False,False,browse,False,0.3084
sess_07125,usr_0661,widget,9,2,False,wifi,278.0,1,7.4,False,False,browse,False,0.5466
sess_07126,usr_0975,push_notification,15,0,False,wifi,117.1,1,4.2,True,False,act,True,0.8206
sess_07127,usr_0479,push_notification,1,4,False,cellular,82.9,3,12.2,False,False,act,True,0.6719
sess_07128,usr_0169,organic,19,3,False,wifi,404.3,3,20.8,False,True,browse,True,0.6074
sess_07129,usr_1297,organic,6,1,False,cellular,355.7,1,12.5,False,False,browse,False,0.3432
sess_07130,usr_2354,widget,7,2,False,cellular,125.7,1,7.0,False,True,act,True,0.9005
sess_07131,usr_0519,push_notification,9,6,True,cellular,233.3,3,1.2,True,False,act,True,0.6633
sess_07132,usr_1806,push_notification,20,6,True,wifi,48.9,1,7.4,True,False,act,True,0.8033
sess_07133,usr_1067,widget,17,4,False,wifi,340.9,2,11.6,False,False,browse,False,0.5063
sess_07134,usr_1515,push_notification,13,0,False,wifi,228.1,1,32.3,False,False,browse,True,0.7963
sess_07135,usr_0756,widget,18,4,False,wifi,98.8,5,16.8,False,False,act,True,0.6051
sess_07136,usr_0841,push_notification,7,5,True,wifi,79.8,1,2.5,False,False,act,True,0.8127
sess_07137,usr_2304,widget,8,5,True,wifi,193.9,1,8.4,False,False,browse,True,0.7802
sess_07138,usr_0143,organic,10,1,False,wifi,276.5,1,59.4,False,False,browse,False,0.2586
sess_07139,usr_1299,organic,21,0,False,wifi,299.1,1,4.6,False,False,browse,False,0.2798
sess_07140,usr_1409,organic,8,6,True,wifi,193.6,1,23.8,False,False,browse,False,0.3542
sess_07141,usr_0606,organic,15,3,False,wifi,257.0,1,40.2,False,False,browse,False,0.2789
sess_07142,usr_1528,organic,8,4,False,wifi,292.6,1,11.2,True,False,browse,False,0.5338
sess_07143,usr_1837,organic,18,6,True,cellular,301.6,2,9.4,True,True,browse,False,0.3431
sess_07144,usr_2212,organic,10,2,False,cellular,311.4,4,8.6,False,False,browse,True,0.6564
sess_07145,usr_0666,organic,8,3,False,cellular,359.3,1,23.2,False,False,browse,False,0.5462
sess_07146,usr_2186,widget,7,2,False,cellular,185.4,3,3.2,True,False,act,True,0.855
sess_07147,usr_1236,organic,11,5,True,cellular,268.1,2,6.8,False,False,browse,True,0.7916
sess_07148,usr_0498,push_notification,23,6,True,cellular,117.5,2,19.0,True,False,act,True,0.7871
sess_07149,usr_0103,organic,18,3,False,wifi,176.9,2,16.8,True,False,browse,False,0.5461
sess_07150,usr_1658,organic,9,5,True,cellular,298.6,1,2.4,True,False,browse,False,0.5055
sess_07151,usr_2046,organic,20,4,False,cellular,440.1,2,6.8,False,False,browse,False,0.5014
sess_07152,usr_0596,organic,18,0,False,cellular,334.6,3,9.0,False,False,browse,False,0.468
sess_07153,usr_1877,organic,19,0,False,wifi,177.9,1,2.6,True,False,browse,False,0.2249
sess_07154,usr_1312,push_notification,8,4,False,wifi,438.8,1,73.9,True,False,browse,False,0.3482
sess_07155,usr_0640,organic,14,0,False,cellular,142.1,3,11.6,False,False,act,True,0.8303
sess_07156,usr_0018,push_notification,5,3,False,wifi,90.0,2,1.2,True,False,act,True,0.9107
sess_07157,usr_2238,organic,21,5,True,wifi,364.8,1,20.1,False,False,browse,True,0.9012
sess_07158,usr_2079,widget,1,0,False,cellular,292.1,1,2.7,False,True,browse,False,0.2957
sess_07159,usr_1357,push_notification,16,3,False,wifi,75.0,4,13.6,False,False,act,False,0.3033
sess_07160,usr_1211,organic,8,4,False,wifi,176.0,2,3.4,True,False,act,False,0.569
sess_07161,usr_1942,organic,19,3,False,wifi,297.1,4,81.9,False,True,browse,False,0.5331
sess_07162,usr_1188,widget,18,3,False,wifi,123.3,2,27.6,False,False,act,True,0.7231
sess_07163,usr_2350,organic,11,1,False,cellular,276.7,2,28.8,False,True,browse,True,0.647
sess_07164,usr_0603,push_notification,8,0,False,cellular,114.8,3,70.2,True,False,act,False,0.3578
sess_07165,usr_2316,organic,7,2,False,cellular,346.3,3,19.0,False,False,browse,False,0.4756
sess_07166,usr_1811,widget,7,5,True,wifi,139.7,1,108.8,False,False,act,True,0.7749
sess_07167,usr_1388,push_notification,0,0,False,cellular,122.3,3,10.8,False,False,browse,False,0.5363
sess_07168,usr_0461,organic,12,4,False,wifi,327.0,2,1.2,False,False,browse,False,0.2903
sess_07169,usr_1962,push_notification,11,6,True,cellular,307.5,1,22.8,False,False,browse,False,0.5232
sess_07170,usr_0165,organic,17,3,False,cellular,368.2,1,12.6,True,False,browse,False,0.5066
sess_07171,usr_0572,push_notification,8,0,False,wifi,118.4,3,6.0,False,False,act,False,0.4478
sess_07172,usr_2257,organic,16,1,False,cellular,342.4,4,4.1,False,False,browse,False,0.2301
sess_07173,usr_0479,organic,12,1,False,wifi,138.8,1,43.8,True,True,browse,False,0.2844
sess_07174,usr_1262,widget,16,2,False,cellular,363.9,3,7.2,True,True,browse,False,0.4534
sess_07175,usr_0102,organic,18,0,False,wifi,386.8,2,1.4,False,False,browse,False,0.2403
sess_07176,usr_1646,push_notification,16,1,False,wifi,114.0,2,3.8,False,False,act,True,0.7039
sess_07177,usr_0903,widget,20,0,False,wifi,359.1,1,108.5,True,False,browse,False,0.2764
sess_07178,usr_1827,organic,19,1,False,wifi,251.9,3,106.2,True,False,browse,False,0.455
sess_07179,usr_1464,push_notification,12,3,False,wifi,332.1,2,18.5,False,False,browse,True,0.5452
sess_07180,usr_0379,organic,18,3,False,cellular,190.6,1,40.6,False,False,browse,False,0.2479
sess_07181,usr_1337,organic,9,0,False,wifi,161.8,1,9.4,True,False,browse,False,0.2826
sess_07182,usr_0226,push_notification,10,6,True,wifi,284.9,1,24.8,True,False,browse,False,0.3128
sess_07183,usr_2491,push_notification,16,3,False,wifi,154.7,2,131.0,True,True,act,True,0.8841
sess_07184,usr_0800,push_notification,11,5,True,wifi,83.2,2,9.9,True,False,act,True,0.6195
sess_07185,usr_2390,push_notification,16,2,False,wifi,313.6,1,1.3,False,False,browse,False,0.3027
sess_07186,usr_2157,organic,10,2,False,cellular,413.5,1,4.3,False,False,browse,False,0.3747
sess_07187,usr_0910,organic,10,5,True,cellular,192.1,3,2.0,True,False,browse,True,0.5779
sess_07188,usr_1139,organic,7,1,False,wifi,389.8,1,7.0,False,False,browse,False,0.5104
sess_07189,usr_0802,organic,10,0,False,wifi,115.7,2,11.0,False,False,act,True,0.8122
sess_07190,usr_0093,push_notification,9,1,False,cellular,110.7,3,1.7,False,True,act,False,0.3645
sess_07191,usr_0343,push_notification,17,3,False,wifi,244.1,2,13.3,True,False,browse,False,0.3138
sess_07192,usr_2206,organic,14,1,False,wifi,304.2,3,4.7,False,False,browse,False,0.2899
sess_07193,usr_1825,push_notification,20,2,False,wifi,40.6,3,2.0,True,False,act,False,0.5431
sess_07194,usr_0358,push_notification,7,6,True,cellular,148.2,2,18.2,False,False,act,False,0.2726
sess_07195,usr_2097,push_notification,20,0,False,wifi,112.2,3,2.1,False,False,act,True,0.7932
sess_07196,usr_1616,push_notification,5,2,False,wifi,79.8,2,168.0,True,False,act,True,0.8253
sess_07197,usr_0797,push_notification,8,3,False,cellular,93.8,2,24.4,False,False,act,True,0.8257
sess_07198,usr_2009,push_notification,5,1,False,wifi,487.4,1,14.7,False,False,browse,False,0.5296
sess_07199,usr_1302,organic,16,6,True,wifi,170.2,1,15.4,False,False,browse,False,0.2999
sess_07200,usr_2471,organic,17,0,False,cellular,244.6,5,20.4,False,False,browse,True,0.8212
sess_07201,usr_2479,organic,13,4,False,cellular,433.0,1,13.2,False,False,browse,False,0.3637
sess_07202,usr_2096,widget,21,4,False,wifi,238.4,3,2.6,True,False,browse,True,0.8512
sess_07203,usr_0230,organic,18,5,True,wifi,136.3,3,2.0,False,False,act,True,0.8047
sess_07204,usr_1479,organic,22,6,True,wifi,339.9,1,18.5,True,False,browse,False,0.4715
sess_07205,usr_1629,organic,6,2,False,wifi,321.7,1,21.8,False,True,browse,False,0.5356
sess_07206,usr_0606,organic,20,4,False,wifi,359.2,1,3.5,True,False,browse,False,0.2514
sess_07207,usr_1752,push_notification,14,2,False,wifi,334.1,1,32.3,False,False,browse,False,0.5283
sess_07208,usr_1515,organic,19,4,False,wifi,99.9,4,13.1,False,False,act,True,0.7635
sess_07209,usr_1582,push_notification,22,5,True,wifi,123.6,4,32.3,False,False,act,True,0.8036
sess_07210,usr_1528,organic,19,1,False,cellular,121.4,1,8.9,False,False,act,True,0.6001
sess_07211,usr_0050,widget,18,3,False,wifi,161.7,1,21.0,False,False,browse,False,0.2686
sess_07212,usr_1166,push_notification,3,5,True,wifi,143.1,3,6.9,False,False,act,True,0.5694
sess_07213,usr_1413,push_notification,4,3,False,wifi,152.3,3,4.7,True,False,act,True,0.6132
sess_07214,usr_1440,organic,13,3,False,wifi,404.9,1,24.5,False,False,browse,False,0.4344
sess_07215,usr_1262,widget,19,1,False,wifi,103.2,3,5.1,True,False,act,True,0.7662
sess_07216,usr_1826,organic,21,0,False,cellular,205.4,2,18.1,False,False,browse,False,0.3884
sess_07217,usr_2298,widget,18,1,False,wifi,372.8,1,17.9,False,True,browse,False,0.4866
sess_07218,usr_0359,organic,9,5,True,wifi,238.2,1,31.8,False,False,browse,True,0.6618
sess_07219,usr_0884,push_notification,15,6,True,wifi,150.3,3,5.0,True,False,act,True,0.5382
sess_07220,usr_1820,push_notification,7,1,False,wifi,192.6,1,9.6,False,False,browse,False,0.2857
sess_07221,usr_1703,organic,15,0,False,wifi,284.5,2,10.4,True,False,browse,False,0.2763
sess_07222,usr_1813,widget,21,5,True,cellular,143.3,4,63.6,False,False,act,True,0.7963
sess_07223,usr_1183,widget,6,4,False,cellular,356.6,3,10.0,True,False,browse,False,0.3417
sess_07224,usr_0671,organic,21,0,False,cellular,310.8,1,1.2,True,False,browse,False,0.3469
sess_07225,usr_1737,widget,7,5,True,wifi,161.2,1,7.1,False,False,act,True,0.7959
sess_07226,usr_1697,widget,18,5,True,wifi,344.7,1,47.2,False,False,browse,False,0.4816
sess_07227,usr_0572,push_notification,4,0,False,wifi,103.7,2,5.7,False,True,act,True,0.8945
sess_07228,usr_2406,organic,14,0,False,wifi,305.8,1,40.9,True,False,browse,False,0.5288
sess_07229,usr_2450,organic,11,3,False,wifi,276.8,1,7.2,True,False,browse,False,0.4862
sess_07230,usr_0353,organic,18,0,False,cellular,199.3,3,168.0,False,False,browse,False,0.4624
sess_07231,usr_0589,push_notification,21,1,False,cellular,167.6,4,33.1,True,True,act,True,0.5913
sess_07232,usr_0852,push_notification,18,2,False,wifi,120.8,3,26.7,False,False,act,True,0.8509
sess_07233,usr_1243,push_notification,14,1,False,cellular,146.2,4,2.9,False,False,act,True,0.8369
sess_07234,usr_1945,widget,14,1,False,cellular,87.1,2,19.6,True,False,act,True,0.8538
sess_07235,usr_2152,organic,21,3,False,cellular,328.8,1,25.3,True,False,browse,False,0.2865
sess_07236,usr_1374,push_notification,21,2,False,wifi,145.0,2,11.3,True,False,act,True,0.8582
sess_07237,usr_0271,push_notification,11,5,True,cellular,175.1,2,15.2,True,True,act,True,0.8531
sess_07238,usr_2420,organic,9,6,True,cellular,204.2,1,2.1,False,False,browse,False,0.2439
sess_07239,usr_1540,push_notification,12,1,False,wifi,255.3,2,8.9,False,False,browse,False,0.2967
sess_07240,usr_0363,widget,12,1,False,cellular,278.9,1,1.3,False,True,browse,False,0.5015
sess_07241,usr_0028,widget,13,3,False,cellular,420.1,1,93.3,False,False,browse,False,0.2524
sess_07242,usr_1678,organic,8,1,False,wifi,160.4,2,33.5,True,False,browse,False,0.3187
sess_07243,usr_1120,organic,21,5,True,wifi,145.1,1,5.7,False,False,browse,False,0.5178
sess_07244,usr_1698,push_notification,6,5,True,wifi,181.8,2,16.8,False,False,act,False,0.5389
sess_07245,usr_0717,organic,15,1,False,cellular,213.9,4,8.1,False,True,browse,True,0.7803
sess_07246,usr_2277,organic,20,5,True,wifi,197.7,1,20.2,False,True,browse,False,0.2651
sess_07247,usr_1893,organic,20,4,False,cellular,341.9,2,4.7,False,False,browse,False,0.366
sess_07248,usr_2327,organic,19,4,False,cellular,233.8,1,30.5,False,False,browse,False,0.4249
sess_07249,usr_0561,push_notification,11,3,False,wifi,109.9,3,26.0,False,True,act,False,0.5583
sess_07250,usr_0817,organic,19,6,True,wifi,318.3,2,8.5,False,False,browse,False,0.3675
sess_07251,usr_0762,organic,15,4,False,cellular,256.6,2,4.7,False,False,browse,True,0.5775
sess_07252,usr_1564,organic,6,2,False,wifi,190.2,1,4.3,False,False,browse,False,0.3048
sess_07253,usr_1186,push_notification,16,1,False,wifi,258.6,2,14.7,False,False,browse,False,0.5106
sess_07254,usr_2269,push_notification,10,6,True,cellular,271.0,1,37.8,True,False,browse,True,0.8749
sess_07255,usr_2010,push_notification,18,4,False,wifi,342.2,1,17.4,True,False,browse,True,0.8901
sess_07256,usr_0173,organic,14,6,True,wifi,289.2,2,6.5,False,True,browse,False,0.5885
sess_07257,usr_1237,push_notification,20,5,True,wifi,34.4,3,1.6,False,False,act,True,0.7807
sess_07258,usr_2398,organic,9,3,False,cellular,152.3,2,6.0,False,True,browse,False,0.5072
sess_07259,usr_1245,push_notification,18,3,False,cellular,106.9,2,25.0,False,False,act,True,0.7754
sess_07260,usr_2024,push_notification,10,3,False,cellular,195.9,2,20.2,False,False,browse,False,0.2517
sess_07261,usr_2291,push_notification,7,6,True,wifi,295.3,2,8.7,False,False,browse,False,0.3189
sess_07262,usr_1899,push_notification,20,5,True,wifi,141.8,1,166.1,False,False,act,False,0.5423
sess_07263,usr_0920,organic,7,6,True,wifi,324.9,1,60.6,False,False,browse,False,0.298
sess_07264,usr_0110,push_notification,7,1,False,wifi,291.0,1,3.9,False,False,browse,False,0.557
sess_07265,usr_0011,widget,18,0,False,wifi,281.1,4,28.5,True,False,browse,False,0.5172
sess_07266,usr_0631,widget,5,1,False,cellular,235.7,1,19.5,False,True,browse,False,0.3626
sess_07267,usr_1076,widget,17,2,False,cellular,87.7,1,2.7,False,False,act,True,0.7947
sess_07268,usr_1230,widget,20,3,False,wifi,132.0,3,168.0,False,False,act,True,0.8163
sess_07269,usr_1936,organic,13,5,True,wifi,147.8,3,8.8,False,False,browse,False,0.4958
sess_07270,usr_0509,push_notification,6,0,False,wifi,109.0,2,2.2,False,False,act,True,0.7806
sess_07271,usr_1179,push_notification,15,0,False,cellular,135.3,4,19.6,False,False,act,True,0.6102
sess_07272,usr_1709,organic,23,5,True,wifi,254.4,2,124.8,False,False,browse,False,0.2333
sess_07273,usr_0735,push_notification,23,6,True,cellular,127.3,3,61.1,False,False,act,True,0.6839
sess_07274,usr_2015,organic,20,5,True,wifi,237.9,2,11.7,False,False,browse,False,0.5018
sess_07275,usr_1003,push_notification,17,3,False,cellular,98.4,3,19.2,True,True,act,True,0.7708
sess_07276,usr_0117,push_notification,19,0,False,cellular,105.8,2,33.2,False,False,act,True,0.8299
sess_07277,usr_0489,push_notification,21,1,False,cellular,121.2,2,8.1,True,False,act,True,0.6159
sess_07278,usr_1136,organic,19,0,False,cellular,215.2,1,9.7,False,False,browse,True,0.5983
sess_07279,usr_2020,widget,18,3,False,wifi,113.0,1,1.1,False,False,act,True,0.8267
sess_07280,usr_0274,widget,20,6,True,cellular,278.9,5,14.8,False,False,browse,False,0.2765
sess_07281,usr_2454,push_notification,8,2,False,wifi,151.2,2,26.8,False,False,act,True,0.8522
sess_07282,usr_1482,organic,19,2,False,cellular,365.9,1,11.3,True,False,browse,False,0.3317
sess_07283,usr_2381,organic,8,0,False,wifi,383.9,1,8.4,False,False,browse,False,0.4273
sess_07284,usr_1969,organic,13,1,False,wifi,227.7,3,8.1,True,False,browse,False,0.3284
sess_07285,usr_2317,push_notification,23,6,True,wifi,137.4,2,6.9,False,False,act,True,0.8434
sess_07286,usr_1787,push_notification,7,0,False,wifi,48.3,1,31.5,False,False,act,True,0.829
sess_07287,usr_1057,push_notification,19,1,False,wifi,94.2,3,58.9,False,False,act,False,0.5163
sess_07288,usr_1950,organic,18,4,False,cellular,374.5,1,22.4,True,True,browse,False,0.4926
sess_07289,usr_0490,organic,9,5,True,cellular,406.2,1,6.5,False,False,browse,True,0.6441
sess_07290,usr_1529,organic,13,4,False,cellular,225.6,1,96.6,False,False,browse,False,0.3038
sess_07291,usr_2100,push_notification,20,2,False,wifi,100.9,3,20.4,True,False,act,False,0.4652
sess_07292,usr_2357,organic,7,2,False,wifi,270.1,2,11.0,False,False,browse,False,0.3132
sess_07293,usr_0072,organic,16,6,True,cellular,125.1,3,74.2,False,False,act,True,0.6005
sess_07294,usr_1064,widget,6,2,False,wifi,140.4,3,165.0,False,False,act,False,0.4528
sess_07295,usr_0668,widget,17,6,True,wifi,121.3,3,5.0,False,True,act,True,0.8534
sess_07296,usr_2383,push_notification,13,1,False,wifi,297.3,1,4.4,False,False,browse,False,0.3858
sess_07297,usr_0240,organic,9,1,False,cellular,261.6,1,4.6,False,False,browse,False,0.4883
sess_07298,usr_0599,organic,8,5,True,wifi,198.4,2,22.4,False,False,browse,False,0.4652
sess_07299,usr_1310,push_notification,19,6,True,cellular,177.8,4,2.6,False,False,act,True,0.6044
sess_07300,usr_1889,organic,7,6,True,wifi,305.7,4,6.2,True,True,browse,False,0.3756
sess_07301,usr_0555,push_notification,18,3,False,wifi,174.8,4,69.9,False,False,act,True,0.5885
sess_07302,usr_1464,organic,20,6,True,wifi,267.2,1,15.8,False,False,browse,False,0.3347
sess_07303,usr_0669,organic,23,6,True,wifi,386.9,1,14.2,False,False,browse,False,0.5346
sess_07304,usr_0217,widget,13,5,True,wifi,188.2,3,9.3,False,False,act,True,0.8074
sess_07305,usr_1117,organic,21,4,False,wifi,357.8,1,16.2,True,False,browse,False,0.2295
sess_07306,usr_1480,organic,10,5,True,wifi,244.6,2,15.4,False,False,browse,False,0.2785
sess_07307,usr_1719,push_notification,9,5,True,cellular,108.3,3,6.4,False,False,act,True,0.8565
sess_07308,usr_1459,push_notification,14,5,True,wifi,79.8,4,1.7,False,False,act,False,0.4841
sess_07309,usr_0200,organic,6,5,True,wifi,353.6,3,8.9,False,False,browse,False,0.3164
sess_07310,usr_1188,widget,19,3,False,cellular,261.3,1,7.1,True,False,browse,False,0.2596
sess_07311,usr_1195,organic,16,3,False,cellular,245.8,1,35.1,False,True,browse,False,0.2675
sess_07312,usr_2170,widget,16,0,False,wifi,226.2,2,58.2,False,False,browse,False,0.4797
sess_07313,usr_0315,widget,8,2,False,wifi,348.7,1,5.7,False,False,browse,False,0.5502
sess_07314,usr_2105,widget,13,5,True,cellular,387.6,2,18.3,True,True,browse,False,0.5048
sess_07315,usr_0794,organic,15,4,False,cellular,139.8,3,20.6,False,True,act,False,0.6095
sess_07316,usr_0751,push_notification,21,1,False,wifi,133.6,1,10.8,False,False,browse,False,0.3131
sess_07317,usr_0388,organic,7,2,False,cellular,360.2,1,5.0,True,True,browse,False,0.3184
sess_07318,usr_2453,organic,14,2,False,cellular,340.5,2,20.4,True,False,browse,False,0.5123
sess_07319,usr_0685,organic,20,4,False,wifi,314.9,1,23.1,True,False,browse,False,0.2975
sess_07320,usr_2228,push_notification,9,5,True,cellular,118.4,2,7.1,True,False,act,True,0.7566
sess_07321,usr_1322,push_notification,6,1,False,cellular,180.6,2,0.4,False,True,browse,False,0.2819
sess_07322,usr_1296,organic,19,1,False,wifi,297.5,1,7.6,False,False,browse,True,0.52
sess_07323,usr_1234,push_notification,17,4,False,wifi,163.6,2,2.4,False,False,act,True,0.8231
sess_07324,usr_1112,organic,11,1,False,cellular,150.0,3,2.4,True,False,act,True,0.6709
sess_07325,usr_1485,push_notification,14,5,True,wifi,168.4,3,4.7,True,False,act,False,0.4866
sess_07326,usr_0393,widget,20,4,False,wifi,210.2,1,13.1,True,True,browse,True,0.572
sess_07327,usr_2189,organic,14,0,False,cellular,263.1,1,1.4,True,False,browse,False,0.4776
sess_07328,usr_2376,organic,6,6,True,wifi,148.0,2,102.0,False,False,act,True,0.9043
sess_07329,usr_1441,push_notification,20,3,False,cellular,144.3,3,3.9,True,False,act,True,0.6548
sess_07330,usr_0589,organic,18,0,False,cellular,66.3,1,5.0,True,False,act,False,0.2573
sess_07331,usr_0053,push_notification,13,3,False,cellular,38.0,2,2.7,False,True,act,True,0.8216
sess_07332,usr_0561,organic,13,6,True,cellular,289.8,3,6.7,False,False,browse,False,0.3432
sess_07333,usr_2123,organic,11,1,False,wifi,139.2,2,4.7,False,False,act,True,0.7589
sess_07334,usr_1153,widget,19,5,True,cellular,142.9,3,10.4,False,False,act,True,0.7909
sess_07335,usr_1528,organic,9,0,False,wifi,270.4,1,4.3,True,False,browse,False,0.4164
sess_07336,usr_1987,organic,18,4,False,wifi,320.7,2,23.3,False,False,browse,True,0.6442
sess_07337,usr_1688,organic,20,3,False,wifi,320.0,1,14.0,False,False,browse,False,0.4827
sess_07338,usr_1394,push_notification,18,4,False,wifi,41.5,5,3.7,False,True,act,True,0.8771
sess_07339,usr_0668,push_notification,5,0,False,wifi,94.0,2,24.5,False,True,act,True,0.8416
sess_07340,usr_0420,push_notification,6,5,True,cellular,43.4,3,3.3,False,False,act,True,0.6638
sess_07341,usr_0893,organic,13,6,True,wifi,143.1,1,53.7,False,True,browse,False,0.2269
sess_07342,usr_0634,organic,15,1,False,wifi,318.8,1,33.6,False,False,browse,False,0.4994
sess_07343,usr_2062,push_notification,18,0,False,wifi,93.7,2,13.1,True,False,act,True,0.6596
sess_07344,usr_0906,organic,7,3,False,cellular,242.7,1,28.3,False,False,browse,True,0.5947
sess_07345,usr_0772,push_notification,21,2,False,wifi,130.3,2,14.9,True,False,act,True,0.5783
sess_07346,usr_2289,organic,21,5,True,wifi,366.0,1,5.7,False,False,browse,False,0.585
sess_07347,usr_2154,push_notification,19,3,False,cellular,133.7,2,5.7,True,False,act,False,0.4897
sess_07348,usr_2180,widget,22,2,False,wifi,261.3,1,56.9,True,False,browse,False,0.5176
sess_07349,usr_2258,organic,14,4,False,wifi,198.7,1,4.6,False,False,browse,False,0.2612
sess_07350,usr_0467,push_notification,14,0,False,cellular,198.5,2,27.4,True,False,act,False,0.2772
sess_07351,usr_1710,organic,19,0,False,wifi,102.8,2,37.6,False,False,act,True,0.8135
sess_07352,usr_1887,push_notification,13,5,True,wifi,71.8,2,1.3,False,False,act,False,0.4467
sess_07353,usr_0313,widget,16,1,False,wifi,91.4,2,15.7,False,False,act,True,0.8001
sess_07354,usr_0478,organic,8,5,True,wifi,325.1,2,19.2,True,False,browse,False,0.2854
sess_07355,usr_0538,push_notification,9,0,False,cellular,117.7,2,48.7,False,False,act,False,0.568
sess_07356,usr_0072,organic,6,5,True,wifi,358.6,1,28.3,False,False,browse,False,0.3306
sess_07357,usr_1965,push_notification,5,5,True,cellular,137.0,2,6.4,False,False,act,True,0.5482
sess_07358,usr_1427,widget,8,0,False,cellular,147.5,3,25.8,False,False,act,True,0.8328
sess_07359,usr_1277,organic,21,1,False,wifi,355.1,1,13.3,True,False,browse,True,0.7862
sess_07360,usr_1486,push_notification,18,0,False,cellular,140.3,5,31.0,False,False,act,True,0.7907
sess_07361,usr_0570,push_notification,18,1,False,wifi,139.3,2,6.4,True,False,act,False,0.3615
sess_07362,usr_1811,organic,6,1,False,wifi,170.3,1,109.3,False,False,act,False,0.4842
sess_07363,usr_2448,organic,16,2,False,wifi,122.7,3,13.6,False,False,act,True,0.5231
sess_07364,usr_2143,push_notification,8,4,False,wifi,60.6,2,51.9,True,False,act,True,0.849
sess_07365,usr_1402,organic,12,5,True,wifi,327.2,1,15.9,True,True,browse,False,0.5594
sess_07366,usr_0706,organic,9,4,False,cellular,261.9,3,23.2,True,False,browse,False,0.4765
sess_07367,usr_1248,push_notification,23,6,True,wifi,188.7,1,9.3,False,False,act,False,0.4899
sess_07368,usr_0118,organic,13,3,False,wifi,264.4,1,2.7,True,False,browse,False,0.4925
sess_07369,usr_0486,widget,21,2,False,cellular,334.1,1,32.5,False,False,browse,False,0.3401
sess_07370,usr_0911,push_notification,9,5,True,wifi,146.7,3,18.3,False,False,act,False,0.2918
sess_07371,usr_0528,push_notification,7,5,True,cellular,192.5,1,3.7,False,False,browse,False,0.4587
sess_07372,usr_0584,push_notification,18,4,False,wifi,102.5,5,3.7,False,False,act,True,0.5864
sess_07373,usr_0929,organic,21,3,False,cellular,292.9,2,78.0,True,False,browse,False,0.2606
sess_07374,usr_1260,organic,16,5,True,cellular,421.5,5,18.8,False,True,browse,False,0.3725
sess_07375,usr_0514,widget,8,6,True,wifi,158.0,1,11.6,False,False,act,True,0.7819
sess_07376,usr_0860,organic,1,0,False,cellular,150.1,1,11.7,False,False,browse,False,0.5555
sess_07377,usr_0534,push_notification,14,4,False,wifi,140.6,3,17.5,True,True,act,True,0.6468
sess_07378,usr_0322,widget,20,1,False,cellular,115.8,3,14.0,False,False,act,False,0.3134
sess_07379,usr_1741,push_notification,17,5,True,wifi,68.2,2,1.7,True,False,act,True,0.6153
sess_07380,usr_0458,organic,9,1,False,wifi,244.8,3,15.8,True,False,browse,False,0.5251
sess_07381,usr_0319,widget,10,2,False,wifi,80.5,2,3.1,False,False,act,True,0.9023
sess_07382,usr_0078,widget,18,3,False,wifi,185.4,3,5.3,False,False,act,True,0.7968
sess_07383,usr_1984,push_notification,2,6,True,cellular,171.7,3,25.5,True,False,act,True,0.7678
sess_07384,usr_1767,push_notification,13,3,False,wifi,224.7,1,7.1,False,False,browse,False,0.2763
sess_07385,usr_0175,organic,7,0,False,wifi,133.6,3,13.9,True,False,act,True,0.6477
sess_07386,usr_0805,organic,3,3,False,cellular,94.1,4,2.6,True,False,act,False,0.4741
sess_07387,usr_0442,organic,12,1,False,wifi,174.0,1,1.2,False,False,browse,False,0.4586
sess_07388,usr_0135,organic,19,6,True,cellular,158.9,2,12.3,False,False,browse,True,0.5499
sess_07389,usr_2104,organic,18,3,False,cellular,102.4,1,3.4,False,False,browse,False,0.4627
sess_07390,usr_2430,organic,20,0,False,wifi,99.1,2,31.1,True,False,act,True,0.8509
sess_07391,usr_0243,organic,17,1,False,cellular,110.4,1,42.7,False,True,act,False,0.5127
sess_07392,usr_1922,organic,5,0,False,cellular,377.3,2,102.1,False,False,browse,False,0.4849
sess_07393,usr_0488,organic,17,5,True,cellular,391.2,1,6.5,False,False,browse,False,0.4988
sess_07394,usr_1037,widget,13,0,False,wifi,80.4,2,4.5,True,False,act,True,0.6512
sess_07395,usr_0178,push_notification,8,5,True,cellular,311.5,1,12.8,True,False,browse,False,0.5566
sess_07396,usr_0272,push_notification,16,5,True,wifi,99.5,3,3.3,False,False,act,True,0.9085
sess_07397,usr_1236,organic,5,1,False,wifi,259.1,2,2.2,False,False,browse,True,0.8881
sess_07398,usr_0043,widget,9,4,False,wifi,61.0,3,26.3,True,False,act,True,0.7614
sess_07399,usr_0396,organic,14,4,False,cellular,267.5,1,9.4,False,False,browse,False,0.5491
sess_07400,usr_0508,organic,16,6,True,wifi,167.9,2,168.0,False,False,browse,False,0.23
sess_07401,usr_2465,organic,20,6,True,cellular,369.7,1,101.8,False,True,browse,False,0.5788
sess_07402,usr_0842,organic,8,0,False,wifi,343.5,2,51.9,True,False,browse,False,0.5191
sess_07403,usr_2407,organic,23,5,True,cellular,234.9,1,21.1,False,False,browse,True,0.6078
sess_07404,usr_0820,organic,20,4,False,wifi,290.4,3,4.8,True,False,browse,False,0.2609
sess_07405,usr_0757,organic,21,1,False,wifi,256.0,1,5.4,False,False,browse,False,0.2934
sess_07406,usr_1440,widget,19,4,False,cellular,100.3,3,24.7,False,False,act,True,0.8411
sess_07407,usr_0120,widget,14,0,False,wifi,321.9,3,168.0,False,False,browse,True,0.837
sess_07408,usr_0372,organic,20,5,True,wifi,387.6,3,11.7,True,False,browse,False,0.3267
sess_07409,usr_0597,push_notification,10,0,False,wifi,107.0,2,30.6,True,False,act,False,0.2402
sess_07410,usr_1137,push_notification,16,6,True,wifi,337.7,2,9.1,False,True,browse,True,0.5812
sess_07411,usr_2375,organic,0,2,False,wifi,122.5,4,4.7,True,False,act,True,0.812
sess_07412,usr_1425,push_notification,20,3,False,wifi,116.7,1,2.9,True,False,act,True,0.7929
sess_07413,usr_1443,organic,11,2,False,wifi,276.3,1,1.2,True,False,browse,True,0.8139
sess_07414,usr_0658,push_notification,11,6,True,wifi,235.8,1,40.5,False,False,browse,False,0.2504
sess_07415,usr_2051,push_notification,16,0,False,cellular,196.0,1,3.5,False,False,browse,False,0.3963
sess_07416,usr_0991,widget,15,1,False,wifi,351.6,1,3.8,False,False,browse,False,0.4972
sess_07417,usr_2069,widget,12,1,False,wifi,105.9,3,4.1,False,True,act,True,0.8048
sess_07418,usr_2336,organic,16,6,True,wifi,378.8,1,12.0,True,False,browse,True,0.5997
sess_07419,usr_0280,push_notification,20,5,True,cellular,122.3,2,61.6,True,False,act,True,0.5827
sess_07420,usr_0406,organic,19,1,False,wifi,235.2,3,13.0,True,False,browse,False,0.4507
sess_07421,usr_2369,organic,9,1,False,wifi,156.6,3,2.2,False,True,act,True,0.634
sess_07422,usr_0058,push_notification,10,6,True,wifi,108.0,1,6.3,False,False,act,True,0.7818
sess_07423,usr_2167,organic,20,4,False,cellular,237.4,2,6.4,False,False,browse,True,0.773
sess_07424,usr_0889,widget,14,1,False,wifi,127.8,3,5.3,False,False,act,True,0.7314
sess_07425,usr_0785,widget,20,3,False,wifi,267.8,2,1.2,False,False,browse,True,0.5905
sess_07426,usr_1155,push_notification,21,3,False,cellular,128.8,2,56.9,True,False,act,True,0.5754
sess_07427,usr_0704,widget,7,5,True,wifi,93.9,3,41.3,False,False,browse,False,0.5458
sess_07428,usr_2201,push_notification,18,4,False,cellular,165.6,2,14.3,True,False,act,True,0.7302
sess_07429,usr_0018,organic,13,2,False,cellular,211.2,2,25.4,True,False,browse,False,0.5806
sess_07430,usr_0405,widget,21,6,True,wifi,343.1,2,8.5,False,False,browse,False,0.4501
sess_07431,usr_0877,organic,15,5,True,wifi,177.0,4,14.2,False,False,browse,False,0.56
sess_07432,usr_2066,organic,12,0,False,wifi,314.4,2,168.0,True,False,browse,True,0.6298
sess_07433,usr_1945,push_notification,11,0,False,wifi,67.5,3,28.3,True,True,act,True,0.8424
sess_07434,usr_1502,organic,16,6,True,cellular,114.2,3,3.1,False,False,act,False,0.4649
sess_07435,usr_2415,organic,21,0,False,cellular,328.5,5,2.4,False,False,browse,False,0.3078
sess_07436,usr_0759,widget,9,0,False,wifi,243.0,2,2.3,False,False,browse,False,0.4883
sess_07437,usr_1801,widget,8,2,False,wifi,239.1,4,30.4,False,False,browse,False,0.4733
sess_07438,usr_0440,organic,10,1,False,wifi,143.8,2,24.1,True,False,act,False,0.3239
sess_07439,usr_0741,organic,15,2,False,cellular,189.5,1,10.8,False,False,browse,True,0.8413
sess_07440,usr_1454,widget,20,3,False,wifi,198.4,1,54.0,False,False,browse,False,0.4809
sess_07441,usr_1555,push_notification,10,6,True,cellular,136.4,2,5.1,False,True,act,False,0.565
sess_07442,usr_1738,widget,20,1,False,wifi,146.7,1,13.8,False,False,browse,False,0.4606
sess_07443,usr_0878,push_notification,14,1,False,wifi,286.5,2,10.9,True,False,browse,False,0.5265
sess_07444,usr_2107,push_notification,7,5,True,cellular,134.0,2,28.1,True,False,act,True,0.8477
sess_07445,usr_0933,organic,19,1,False,wifi,476.5,3,11.2,True,False,browse,False,0.3284
sess_07446,usr_1670,organic,14,2,False,wifi,165.3,2,10.1,False,True,browse,False,0.2649
sess_07447,usr_0463,widget,4,4,False,wifi,164.8,3,90.6,False,False,act,True,0.6104
sess_07448,usr_1288,organic,10,4,False,wifi,134.2,2,7.0,False,False,browse,False,0.2877
sess_07449,usr_0507,widget,21,6,True,wifi,225.4,4,21.3,False,False,browse,False,0.379
sess_07450,usr_1909,organic,23,2,False,wifi,212.0,4,14.1,False,False,browse,False,0.5666
sess_07451,usr_0452,organic,9,0,False,wifi,105.0,1,7.9,False,False,act,True,0.8428
sess_07452,usr_2129,organic,19,0,False,wifi,108.9,1,14.9,False,False,browse,False,0.52
sess_07453,usr_0557,organic,22,5,True,cellular,17.0,2,38.6,False,False,act,True,0.8403
sess_07454,usr_2031,push_notification,6,0,False,wifi,179.8,2,19.1,False,True,act,True,0.8561
sess_07455,usr_1480,widget,15,1,False,wifi,244.6,2,11.5,False,False,browse,True,0.5682
sess_07456,usr_1181,organic,18,1,False,cellular,337.9,1,13.1,True,False,browse,False,0.5105
sess_07457,usr_2283,organic,19,5,True,wifi,164.2,2,3.3,False,False,browse,False,0.5286
sess_07458,usr_0167,organic,23,6,True,cellular,127.2,3,27.1,False,True,act,False,0.5212
sess_07459,usr_0337,push_notification,18,4,False,wifi,86.7,1,5.1,True,False,act,True,0.8857
sess_07460,usr_1344,organic,3,5,True,wifi,205.9,1,52.0,False,False,browse,False,0.5515
sess_07461,usr_2023,push_notification,19,2,False,wifi,120.9,2,12.7,False,False,act,True,0.8144
sess_07462,usr_0474,widget,2,4,False,cellular,467.5,2,14.4,False,False,browse,False,0.5341
sess_07463,usr_1577,organic,9,5,True,wifi,353.6,1,99.9,True,True,browse,False,0.467
sess_07464,usr_1162,widget,17,6,True,cellular,260.2,1,6.1,False,False,browse,False,0.3353
sess_07465,usr_1872,push_notification,18,6,True,wifi,52.2,2,17.9,False,False,act,True,0.8392
sess_07466,usr_2460,push_notification,14,2,False,cellular,82.9,2,5.5,True,False,act,False,0.5264
sess_07467,usr_1278,organic,8,1,False,wifi,343.1,3,29.5,True,False,browse,False,0.593
sess_07468,usr_1819,push_notification,11,6,True,cellular,172.5,1,23.3,True,False,browse,False,0.2176
sess_07469,usr_0926,organic,14,1,False,wifi,129.9,1,43.2,False,False,browse,False,0.3255
sess_07470,usr_2269,widget,16,6,True,cellular,146.0,5,22.0,False,False,act,True,0.7738
sess_07471,usr_1669,push_notification,5,3,False,wifi,28.2,4,1.9,False,False,act,False,0.5068
sess_07472,usr_1191,push_notification,19,4,False,wifi,207.8,1,49.4,False,False,act,False,0.5096
sess_07473,usr_1753,push_notification,17,1,False,wifi,107.0,2,9.9,False,False,act,True,0.8321
sess_07474,usr_0774,organic,11,2,False,wifi,207.1,2,4.6,False,False,browse,True,0.642
sess_07475,usr_0286,widget,14,5,True,wifi,140.3,1,6.0,False,False,act,False,0.3238
sess_07476,usr_1949,push_notification,16,4,False,wifi,418.0,1,18.1,False,False,browse,False,0.5565
sess_07477,usr_1506,push_notification,12,5,True,cellular,84.1,2,24.5,False,False,act,True,0.5663
sess_07478,usr_0735,push_notification,17,3,False,cellular,163.3,5,12.8,False,False,act,True,0.8514
sess_07479,usr_0053,organic,8,6,True,cellular,120.7,2,4.0,False,False,act,True,0.8265
sess_07480,usr_2014,organic,12,2,False,wifi,276.6,1,3.7,True,False,browse,True,0.8316
sess_07481,usr_0431,organic,8,3,False,wifi,202.6,3,35.1,True,False,act,True,0.6158
sess_07482,usr_1624,organic,12,1,False,wifi,287.5,5,22.1,False,False,browse,False,0.3368
sess_07483,usr_1795,widget,16,5,True,cellular,150.5,3,34.0,False,False,act,True,0.6037
sess_07484,usr_2141,push_notification,15,3,False,cellular,100.8,3,7.2,True,False,act,True,0.5767
sess_07485,usr_0349,push_notification,7,1,False,wifi,202.0,1,42.1,False,False,browse,False,0.2902
sess_07486,usr_0489,push_notification,13,6,True,cellular,176.4,4,24.1,True,False,browse,True,0.8156
sess_07487,usr_0588,widget,11,4,False,wifi,302.6,3,22.0,True,False,browse,False,0.3981
sess_07488,usr_1618,widget,8,4,False,wifi,149.8,2,6.5,False,True,act,False,0.5119
sess_07489,usr_1641,push_notification,11,3,False,wifi,156.4,2,20.8,True,False,act,True,0.6673
sess_07490,usr_2419,widget,14,6,True,wifi,115.9,1,14.1,False,False,act,True,0.6107
sess_07491,usr_0417,organic,22,1,False,cellular,307.4,1,25.7,False,False,browse,False,0.3572
sess_07492,usr_0692,organic,13,4,False,wifi,120.4,1,2.1,True,False,act,True,0.5859
sess_07493,usr_0266,widget,7,5,True,wifi,263.6,1,30.6,False,False,browse,False,0.4415
sess_07494,usr_1490,organic,14,2,False,wifi,198.1,1,7.5,True,False,browse,False,0.4803
sess_07495,usr_0816,organic,0,0,False,wifi,188.9,3,6.4,True,False,browse,True,0.8713
sess_07496,usr_1388,push_notification,14,0,False,wifi,111.2,2,0.6,False,False,act,True,0.6269
sess_07497,usr_0821,organic,15,0,False,cellular,107.9,3,4.3,False,False,act,True,0.7968
sess_07498,usr_2437,organic,16,1,False,wifi,43.2,2,24.6,True,True,act,False,0.531
sess_07499,usr_1656,push_notification,4,4,False,wifi,101.1,3,8.7,True,True,act,True,0.7785
sess_07500,usr_0503,push_notification,1,5,True,cellular,149.4,3,32.1,False,False,act,False,0.25
sess_07501,usr_0954,widget,12,4,False,wifi,144.7,3,8.9,False,True,act,True,0.656
sess_07502,usr_1740,push_notification,13,4,False,cellular,168.8,2,6.2,False,False,act,True,0.8574
sess_07503,usr_2045,push_notification,16,3,False,wifi,81.0,3,41.1,False,False,act,True,0.6691
sess_07504,usr_1141,organic,11,1,False,wifi,328.0,1,9.6,False,False,browse,False,0.5544
sess_07505,usr_2384,organic,5,5,True,cellular,185.1,3,75.8,False,False,act,True,0.8873
sess_07506,usr_2432,widget,16,1,False,wifi,332.8,1,4.7,False,False,browse,False,0.4352
sess_07507,usr_1119,widget,20,2,False,wifi,122.6,4,23.5,True,True,act,True,0.6429
sess_07508,usr_1640,push_notification,20,4,False,wifi,106.1,4,12.0,False,False,act,False,0.5107
sess_07509,usr_1459,organic,23,4,False,wifi,282.4,3,16.9,False,True,browse,False,0.5122
sess_07510,usr_1949,organic,8,0,False,cellular,150.7,4,11.0,False,False,act,True,0.7719
sess_07511,usr_2471,organic,18,1,False,cellular,305.4,2,4.3,False,False,browse,True,0.5926
sess_07512,usr_1657,widget,18,6,True,cellular,218.3,3,26.5,True,False,browse,False,0.5008
sess_07513,usr_1985,widget,22,6,True,wifi,123.8,3,59.6,False,False,act,True,0.8258
sess_07514,usr_2095,organic,20,5,True,wifi,91.2,3,27.2,False,True,act,True,0.8391
sess_07515,usr_1143,widget,7,4,False,wifi,304.9,3,14.4,False,False,browse,False,0.4559
sess_07516,usr_0604,push_notification,18,0,False,wifi,146.1,3,11.0,True,False,act,True,0.8035
sess_07517,usr_1863,organic,7,6,True,cellular,220.0,1,65.7,True,False,browse,False,0.2893
sess_07518,usr_0443,organic,11,6,True,wifi,364.0,1,4.6,False,True,browse,False,0.3599
sess_07519,usr_0501,widget,16,4,False,wifi,371.9,2,41.3,True,False,browse,False,0.3769
sess_07520,usr_1027,widget,15,2,False,cellular,170.5,2,8.9,False,True,act,True,0.7441
sess_07521,usr_2005,organic,17,5,True,wifi,287.4,3,5.4,True,False,browse,False,0.4915
sess_07522,usr_2037,widget,18,1,False,wifi,218.3,1,7.0,False,False,browse,False,0.3263
sess_07523,usr_0946,organic,22,6,True,cellular,243.2,1,168.0,True,False,browse,True,0.8344
sess_07524,usr_0552,organic,19,3,False,wifi,358.3,2,18.9,True,False,browse,False,0.2803
sess_07525,usr_0122,widget,20,2,False,wifi,111.0,2,3.0,True,False,act,True,0.8336
sess_07526,usr_0408,push_notification,16,1,False,wifi,135.0,1,9.8,False,False,act,True,0.8759
sess_07527,usr_0217,widget,19,5,True,cellular,124.6,1,17.2,True,False,browse,True,0.647
sess_07528,usr_0280,widget,23,4,False,cellular,110.8,2,11.0,False,True,act,False,0.3504
sess_07529,usr_2041,push_notification,11,2,False,cellular,117.8,3,12.2,True,False,act,True,0.8175
sess_07530,usr_0110,push_notification,16,3,False,cellular,130.1,2,8.8,True,False,act,True,0.8418
sess_07531,usr_0734,push_notification,7,1,False,wifi,64.4,3,2.8,True,True,act,True,0.8101
sess_07532,usr_1568,organic,17,2,False,cellular,146.7,5,2.3,False,False,act,True,0.7744
sess_07533,usr_2477,push_notification,19,1,False,wifi,127.5,1,64.6,True,False,act,False,0.5055
sess_07534,usr_1340,widget,9,3,False,cellular,103.2,3,51.9,False,False,act,True,0.7668
sess_07535,usr_0626,widget,8,4,False,cellular,122.0,1,11.0,True,False,browse,False,0.2645
sess_07536,usr_1241,organic,16,2,False,wifi,303.1,2,39.8,False,False,browse,False,0.4509
sess_07537,usr_0395,push_notification,21,1,False,cellular,123.5,2,87.9,True,False,act,False,0.2838
sess_07538,usr_0314,push_notification,10,1,False,wifi,38.5,2,72.4,False,False,act,True,0.8387
sess_07539,usr_2130,organic,20,1,False,cellular,262.4,2,24.5,False,False,browse,True,0.6712
sess_07540,usr_2017,organic,14,5,True,wifi,299.0,1,13.3,False,False,browse,False,0.3061
sess_07541,usr_1909,organic,19,3,False,cellular,423.7,1,4.6,True,False,browse,True,0.5904
sess_07542,usr_0828,push_notification,21,6,True,wifi,66.6,1,5.2,False,False,act,True,0.8458
sess_07543,usr_1203,organic,20,6,True,cellular,214.3,2,4.2,False,True,browse,False,0.4666
sess_07544,usr_2040,widget,10,1,False,wifi,385.0,2,1.0,True,False,browse,False,0.5861
sess_07545,usr_2009,organic,19,2,False,wifi,386.1,1,13.5,True,False,browse,False,0.528
sess_07546,usr_2068,organic,20,0,False,wifi,103.6,2,18.8,False,False,act,True,0.812
sess_07547,usr_1072,organic,18,2,False,wifi,325.1,1,8.4,False,False,browse,False,0.3578
sess_07548,usr_2222,organic,5,4,False,wifi,255.4,1,12.3,False,False,browse,False,0.5298
sess_07549,usr_1408,organic,8,1,False,wifi,59.3,2,2.2,False,False,act,True,0.6314
sess_07550,usr_2215,organic,8,0,False,wifi,210.3,1,25.3,False,False,browse,False,0.2954
sess_07551,usr_2239,push_notification,3,4,False,wifi,109.6,2,10.3,False,False,act,True,0.8478
sess_07552,usr_0073,push_notification,18,2,False,cellular,76.7,2,2.0,False,False,act,True,0.8206
sess_07553,usr_0130,organic,16,3,False,wifi,136.5,4,29.2,False,False,act,False,0.5194
sess_07554,usr_1763,widget,21,5,True,cellular,360.1,1,4.5,True,True,browse,False,0.5702
sess_07555,usr_0488,push_notification,8,1,False,wifi,141.8,2,40.1,True,True,act,True,0.6656
sess_07556,usr_1572,organic,22,3,False,wifi,349.3,1,22.5,False,False,browse,True,0.668
sess_07557,usr_1844,push_notification,10,1,False,cellular,79.6,2,47.1,True,False,act,True,0.6307
sess_07558,usr_1289,organic,9,1,False,wifi,217.4,1,26.3,True,False,browse,False,0.5157
sess_07559,usr_1542,widget,5,2,False,cellular,216.4,1,26.7,True,False,browse,False,0.284
sess_07560,usr_1813,push_notification,21,3,False,cellular,75.0,4,5.3,False,False,act,True,0.6268
sess_07561,usr_1883,organic,8,6,True,cellular,370.9,1,168.0,True,False,browse,True,0.8573
sess_07562,usr_0148,organic,22,2,False,wifi,177.6,2,48.0,False,True,act,False,0.5336
sess_07563,usr_0135,organic,14,6,True,cellular,287.3,1,5.9,False,False,browse,False,0.4744
sess_07564,usr_0725,push_notification,17,4,False,wifi,291.0,2,13.1,False,False,browse,False,0.2869
sess_07565,usr_2281,widget,12,4,False,cellular,108.7,3,2.5,True,True,act,True,0.6946
sess_07566,usr_1242,push_notification,15,3,False,wifi,111.6,1,20.8,False,False,act,True,0.636
sess_07567,usr_0673,organic,20,1,False,wifi,46.9,2,88.7,False,True,act,False,0.6164
sess_07568,usr_2014,organic,15,0,False,cellular,344.2,1,8.1,True,True,browse,False,0.2427
sess_07569,usr_1765,push_notification,19,2,False,cellular,102.8,3,11.5,True,False,act,True,0.7162
sess_07570,usr_0551,organic,7,4,False,wifi,298.0,1,5.5,False,True,browse,False,0.3031
sess_07571,usr_1280,push_notification,3,1,False,wifi,256.3,3,5.5,True,False,browse,False,0.3036
sess_07572,usr_1594,organic,15,5,True,wifi,146.4,2,2.2,False,False,act,True,0.8686
sess_07573,usr_1997,organic,18,1,False,wifi,257.8,3,16.4,False,False,browse,False,0.5152
sess_07574,usr_0449,widget,17,6,True,cellular,369.5,3,4.3,True,False,browse,False,0.2538
sess_07575,usr_2331,push_notification,12,2,False,cellular,111.1,1,68.1,True,False,act,True,0.8438
sess_07576,usr_2010,push_notification,9,4,False,wifi,154.0,3,149.3,True,False,act,True,0.63
sess_07577,usr_2269,organic,13,6,True,cellular,395.0,1,127.0,False,False,browse,False,0.3243
sess_07578,usr_2210,organic,13,2,False,wifi,356.6,2,8.7,True,False,browse,False,0.4857
sess_07579,usr_2344,widget,7,6,True,cellular,213.4,1,2.1,True,False,browse,True,0.7499
sess_07580,usr_1925,widget,15,3,False,wifi,222.3,1,14.4,False,False,browse,False,0.5942
sess_07581,usr_1950,push_notification,19,4,False,wifi,111.8,4,3.3,False,True,act,True,0.7674
sess_07582,usr_2303,push_notification,22,4,False,cellular,220.4,1,62.1,True,False,browse,False,0.2653
sess_07583,usr_0641,push_notification,20,4,False,cellular,211.1,1,26.5,False,False,act,True,0.8697
sess_07584,usr_2076,organic,10,4,False,wifi,323.7,1,7.2,False,False,browse,True,0.644
sess_07585,usr_0229,organic,19,3,False,wifi,275.2,4,9.3,False,False,browse,False,0.3039
sess_07586,usr_1604,widget,16,2,False,wifi,122.6,3,4.9,False,True,act,True,0.8349
sess_07587,usr_1079,widget,3,5,True,wifi,94.2,4,168.0,False,False,act,True,0.7996
sess_07588,usr_2027,widget,12,3,False,wifi,304.5,2,121.7,True,False,browse,False,0.3892
sess_07589,usr_2421,organic,17,2,False,wifi,284.5,1,5.4,False,False,browse,False,0.2401
sess_07590,usr_1548,push_notification,21,5,True,wifi,116.7,3,80.6,False,False,act,True,0.854
sess_07591,usr_1445,widget,16,4,False,wifi,298.8,1,15.3,True,False,browse,False,0.2545
sess_07592,usr_1166,organic,19,5,True,cellular,257.6,1,31.6,True,False,browse,False,0.3296
sess_07593,usr_1313,push_notification,17,3,False,cellular,378.3,1,9.7,False,False,browse,True,0.7682
sess_07594,usr_0252,organic,18,5,True,wifi,463.3,3,7.2,True,False,browse,False,0.3275
sess_07595,usr_0116,organic,18,3,False,wifi,445.5,1,2.1,False,False,browse,False,0.3504
sess_07596,usr_2419,widget,0,0,False,wifi,197.6,1,2.2,True,False,browse,False,0.326
sess_07597,usr_0185,organic,12,3,False,cellular,301.1,1,1.5,False,False,browse,False,0.3281
sess_07598,usr_0526,organic,10,0,False,cellular,309.6,1,42.4,False,False,browse,False,0.5625
sess_07599,usr_1501,organic,18,0,False,wifi,168.8,1,45.6,False,False,browse,False,0.5035
sess_07600,usr_1429,organic,22,5,True,wifi,254.7,1,15.6,False,False,browse,False,0.6049
sess_07601,usr_2392,push_notification,11,4,False,wifi,106.8,2,5.5,False,False,act,True,0.8144
sess_07602,usr_0111,organic,22,5,True,cellular,240.7,1,56.4,True,False,browse,False,0.2622
sess_07603,usr_1398,organic,8,4,False,wifi,238.5,1,4.3,True,False,browse,True,0.5885
sess_07604,usr_1559,push_notification,20,0,False,wifi,174.8,1,21.3,True,False,browse,False,0.5273
sess_07605,usr_0399,push_notification,13,1,False,cellular,293.2,2,9.9,False,False,browse,False,0.4907
sess_07606,usr_1754,widget,20,1,False,cellular,50.8,2,3.7,True,False,act,False,0.5705
sess_07607,usr_1414,widget,8,0,False,wifi,360.6,3,30.0,True,True,browse,False,0.3336
sess_07608,usr_1464,widget,5,2,False,wifi,170.4,2,8.5,False,False,browse,False,0.4762
sess_07609,usr_1688,push_notification,9,6,True,wifi,150.0,2,4.9,True,False,act,True,0.8647
sess_07610,usr_1439,organic,6,2,False,cellular,321.9,4,34.3,True,False,browse,False,0.273
sess_07611,usr_0232,widget,22,0,False,cellular,197.2,3,5.9,False,False,act,False,0.3748
sess_07612,usr_1001,push_notification,7,2,False,cellular,253.6,2,8.4,False,True,browse,False,0.5584
sess_07613,usr_1015,widget,18,3,False,wifi,177.3,1,10.1,False,False,browse,False,0.4934
sess_07614,usr_0962,widget,21,6,True,wifi,394.7,1,7.5,False,False,browse,False,0.3153
sess_07615,usr_1279,push_notification,6,3,False,wifi,133.8,2,30.4,False,False,act,True,0.7986
sess_07616,usr_2428,widget,12,3,False,wifi,201.1,3,168.0,True,False,act,False,0.5517
sess_07617,usr_0348,organic,8,5,True,wifi,250.8,1,10.3,True,False,browse,False,0.5359
sess_07618,usr_0269,widget,23,2,False,wifi,93.1,4,35.5,True,False,act,True,0.7966
sess_07619,usr_1249,widget,12,1,False,wifi,202.9,1,46.7,False,False,browse,False,0.2508
sess_07620,usr_0469,push_notification,20,1,False,wifi,193.7,3,9.8,False,False,act,False,0.3827
sess_07621,usr_1383,widget,18,2,False,cellular,307.9,1,30.5,False,False,browse,False,0.3371
sess_07622,usr_0696,push_notification,14,2,False,cellular,138.8,2,12.7,False,False,browse,False,0.25
sess_07623,usr_0081,widget,15,5,True,wifi,314.0,3,40.0,False,False,browse,False,0.3542
sess_07624,usr_2206,organic,6,1,False,wifi,188.4,1,13.3,True,False,browse,False,0.5218
sess_07625,usr_1336,widget,19,3,False,wifi,253.4,3,2.3,True,False,browse,False,0.3411
sess_07626,usr_0154,push_notification,16,3,False,wifi,246.0,1,5.1,False,True,browse,False,0.3461
sess_07627,usr_1888,push_notification,14,0,False,cellular,101.0,1,4.9,True,True,act,True,0.8731
sess_07628,usr_1731,organic,19,2,False,wifi,161.6,2,7.1,True,False,act,False,0.4913
sess_07629,usr_2327,organic,7,3,False,cellular,107.3,2,12.6,True,False,act,True,0.6503
sess_07630,usr_2109,widget,18,1,False,wifi,262.6,1,13.1,True,False,browse,False,0.5053
sess_07631,usr_1726,organic,21,1,False,cellular,97.9,1,4.8,True,True,act,True,0.775
sess_07632,usr_1093,organic,18,0,False,wifi,276.5,1,8.2,False,False,browse,False,0.5255
sess_07633,usr_0084,push_notification,14,1,False,wifi,92.3,2,22.8,True,False,act,False,0.525
sess_07634,usr_1924,organic,22,3,False,cellular,340.6,1,12.5,False,False,browse,False,0.5118
sess_07635,usr_2409,push_notification,19,5,True,cellular,79.2,4,43.9,False,False,act,True,0.6943
sess_07636,usr_0092,push_notification,9,5,True,cellular,151.5,1,85.5,False,False,act,True,0.5989
sess_07637,usr_1297,organic,7,1,False,cellular,374.1,5,17.0,False,True,browse,False,0.3025
sess_07638,usr_1548,organic,7,3,False,wifi,210.8,2,20.2,True,False,browse,True,0.7835
sess_07639,usr_2337,organic,13,5,True,cellular,318.3,1,115.9,True,True,browse,True,0.8213
sess_07640,usr_1599,organic,13,4,False,cellular,171.4,1,13.8,True,False,browse,False,0.2854
sess_07641,usr_1321,push_notification,18,4,False,cellular,338.9,2,62.8,False,False,browse,True,0.7771
sess_07642,usr_2346,push_notification,19,6,True,wifi,79.9,3,21.5,True,False,act,True,0.6618
sess_07643,usr_0401,push_notification,22,2,False,wifi,181.1,3,2.3,False,False,act,True,0.7711
sess_07644,usr_2001,push_notification,16,0,False,wifi,282.0,3,2.6,False,False,browse,False,0.5544
sess_07645,usr_0410,organic,23,5,True,wifi,343.4,2,83.0,False,False,browse,False,0.4343
sess_07646,usr_0844,organic,19,5,True,wifi,386.6,3,48.7,False,False,browse,False,0.244
sess_07647,usr_1377,push_notification,19,1,False,wifi,142.9,5,10.7,True,False,act,False,0.4759
sess_07648,usr_2035,organic,11,2,False,wifi,268.2,3,14.3,False,False,browse,False,0.2308
sess_07649,usr_2060,organic,18,5,True,cellular,326.6,1,3.0,True,False,browse,False,0.3847
sess_07650,usr_1391,widget,2,5,True,cellular,245.4,1,168.0,False,False,browse,False,0.3194
sess_07651,usr_0683,organic,6,1,False,cellular,286.9,1,5.5,False,False,browse,False,0.5349
sess_07652,usr_1227,push_notification,20,6,True,wifi,359.9,1,28.7,True,False,browse,False,0.5725
sess_07653,usr_1489,organic,20,3,False,wifi,219.2,4,64.8,False,False,browse,False,0.5317
sess_07654,usr_1786,push_notification,15,1,False,wifi,282.5,1,12.5,False,False,browse,True,0.859
sess_07655,usr_0827,push_notification,17,5,True,wifi,144.2,1,19.6,True,False,browse,False,0.5019
sess_07656,usr_2036,push_notification,14,6,True,cellular,197.1,1,10.7,False,False,browse,False,0.3157
sess_07657,usr_0309,widget,10,5,True,wifi,150.1,2,21.2,False,False,act,True,0.8143
sess_07658,usr_2195,organic,9,6,True,wifi,227.0,2,33.2,False,False,browse,False,0.2799
sess_07659,usr_0877,organic,11,3,False,cellular,269.0,1,14.9,False,False,browse,False,0.3091
sess_07660,usr_1178,organic,13,3,False,cellular,201.0,1,17.0,False,False,browse,False,0.5139
sess_07661,usr_1087,push_notification,10,5,True,cellular,104.9,3,12.4,True,False,act,True,0.5823
sess_07662,usr_0195,organic,9,5,True,cellular,194.7,1,14.1,False,False,browse,False,0.5381
sess_07663,usr_1218,organic,16,6,True,cellular,368.7,1,8.2,False,False,browse,False,0.3423
sess_07664,usr_2350,widget,1,2,False,wifi,350.8,4,11.5,True,False,browse,False,0.3672
sess_07665,usr_1647,widget,17,5,True,wifi,398.1,5,6.0,False,True,browse,False,0.5118
sess_07666,usr_0926,widget,18,1,False,cellular,115.9,1,4.9,False,False,act,True,0.7899
sess_07667,usr_0377,organic,21,6,True,wifi,339.8,4,65.1,False,False,browse,False,0.3595
sess_07668,usr_2369,organic,16,3,False,wifi,136.7,1,25.9,False,False,browse,False,0.5559
sess_07669,usr_0389,organic,17,2,False,wifi,189.8,2,33.0,False,False,browse,False,0.3225
sess_07670,usr_2425,push_notification,20,0,False,cellular,144.2,2,3.9,False,False,act,False,0.5878
sess_07671,usr_1380,push_notification,16,5,True,wifi,108.7,2,3.2,False,False,act,True,0.6009
sess_07672,usr_1120,organic,10,1,False,wifi,303.3,3,50.1,True,False,browse,False,0.2666
sess_07673,usr_0276,organic,6,4,False,wifi,190.7,1,33.5,False,True,browse,False,0.4677
sess_07674,usr_2321,organic,3,6,True,wifi,202.0,1,19.2,False,False,browse,True,0.8691
sess_07675,usr_2176,push_notification,7,4,False,wifi,162.7,2,72.1,False,False,act,True,0.7962
sess_07676,usr_1947,organic,18,6,True,cellular,491.5,3,16.6,False,False,browse,False,0.4956
sess_07677,usr_1750,organic,9,5,True,wifi,321.9,1,29.0,True,False,browse,True,0.8094
sess_07678,usr_0860,push_notification,11,5,True,cellular,73.9,3,5.7,False,False,act,True,0.6138
sess_07679,usr_1423,organic,4,4,False,wifi,268.7,1,2.6,True,False,browse,False,0.3332
sess_07680,usr_0315,widget,11,2,False,wifi,286.4,2,17.8,False,False,browse,False,0.5045
sess_07681,usr_1237,widget,6,1,False,wifi,205.1,2,79.9,False,False,act,True,0.7627
sess_07682,usr_2068,push_notification,10,6,True,wifi,301.0,1,168.0,True,False,browse,False,0.3761
sess_07683,usr_1229,organic,18,2,False,cellular,317.3,1,8.9,False,False,browse,False,0.5297
sess_07684,usr_1774,widget,13,2,False,wifi,421.2,1,5.0,False,False,browse,False,0.3469
sess_07685,usr_2212,organic,9,0,False,cellular,185.2,2,11.9,True,False,browse,False,0.2965
sess_07686,usr_1284,organic,14,1,False,wifi,324.1,2,22.3,False,False,browse,False,0.3008
sess_07687,usr_0820,push_notification,19,5,True,cellular,62.8,2,13.6,False,False,act,True,0.6394
sess_07688,usr_1698,push_notification,18,2,False,cellular,156.0,3,20.0,True,False,act,False,0.358
sess_07689,usr_1648,widget,18,5,True,wifi,223.3,3,20.7,False,False,browse,False,0.4523
sess_07690,usr_1030,widget,14,2,False,cellular,111.2,4,4.1,False,True,act,True,0.7902
sess_07691,usr_2111,organic,5,6,True,cellular,303.8,2,24.3,False,False,browse,False,0.3614
sess_07692,usr_1857,organic,14,4,False,wifi,85.4,4,3.3,False,False,act,True,0.5648
sess_07693,usr_2243,push_notification,13,1,False,wifi,176.9,2,11.8,True,False,act,True,0.6209
sess_07694,usr_0740,widget,21,0,False,wifi,124.4,2,104.8,False,False,act,True,0.6536
sess_07695,usr_0077,push_notification,18,4,False,wifi,163.7,3,6.6,False,False,act,False,0.4597
sess_07696,usr_2115,widget,17,5,True,wifi,424.0,1,53.3,False,False,browse,False,0.4592
sess_07697,usr_0765,push_notification,19,2,False,cellular,93.3,3,10.3,True,False,act,True,0.7954
sess_07698,usr_2363,widget,19,0,False,cellular,292.6,1,28.1,True,False,browse,True,0.5469
sess_07699,usr_2045,widget,18,3,False,wifi,122.4,2,1.1,False,False,act,True,0.6033
sess_07700,usr_0873,organic,14,1,False,cellular,316.9,3,137.7,True,False,browse,False,0.5298
sess_07701,usr_1915,push_notification,17,5,True,cellular,349.7,2,2.4,True,False,browse,False,0.2769
sess_07702,usr_1098,organic,10,2,False,wifi,197.0,3,4.3,True,False,act,True,0.5435
sess_07703,usr_2183,organic,16,5,True,cellular,305.6,1,138.8,True,False,browse,False,0.2583
sess_07704,usr_1777,push_notification,19,6,True,wifi,91.1,2,46.4,True,False,act,True,0.8186
sess_07705,usr_2319,organic,5,4,False,cellular,209.9,5,25.1,False,False,browse,True,0.6231
sess_07706,usr_0246,push_notification,17,3,False,wifi,146.5,1,80.4,False,False,act,True,0.8061
sess_07707,usr_2140,organic,16,3,False,wifi,345.1,2,74.3,True,False,browse,False,0.3222
sess_07708,usr_0822,widget,20,2,False,cellular,148.7,2,10.3,False,True,act,True,0.8267
sess_07709,usr_1493,widget,20,1,False,wifi,245.2,2,7.0,False,False,browse,False,0.5166
sess_07710,usr_1895,organic,11,5,True,wifi,131.1,4,9.6,False,False,act,False,0.4758
sess_07711,usr_0606,push_notification,11,1,False,wifi,129.7,3,18.5,False,False,act,True,0.801
sess_07712,usr_0985,push_notification,14,1,False,wifi,232.7,3,5.7,False,False,browse,False,0.4054
sess_07713,usr_0617,organic,20,4,False,cellular,157.8,1,19.1,True,True,browse,False,0.5893
sess_07714,usr_1230,push_notification,8,3,False,cellular,307.5,1,7.1,False,False,browse,False,0.4514
sess_07715,usr_1784,push_notification,23,1,False,cellular,137.0,1,21.8,False,True,act,True,0.65
sess_07716,usr_1681,push_notification,20,6,True,wifi,174.6,2,1.1,True,True,act,True,0.8364
sess_07717,usr_1306,organic,8,6,True,wifi,42.2,1,2.9,False,False,browse,False,0.5383
sess_07718,usr_0264,push_notification,14,3,False,cellular,60.5,2,143.2,True,True,act,True,0.8504
sess_07719,usr_0834,push_notification,12,1,False,cellular,121.0,4,5.2,False,True,act,True,0.8868
sess_07720,usr_1690,organic,13,1,False,wifi,269.6,1,10.6,False,False,browse,False,0.575
sess_07721,usr_1094,organic,19,1,False,wifi,352.0,1,114.5,False,True,browse,False,0.3402
sess_07722,usr_1176,organic,17,4,False,cellular,277.9,2,30.3,False,False,browse,False,0.533
sess_07723,usr_0658,widget,2,5,True,cellular,86.4,3,1.3,False,False,act,True,0.7376
sess_07724,usr_1051,organic,18,1,False,wifi,221.3,1,8.0,True,False,browse,False,0.3481
sess_07725,usr_2463,organic,0,6,True,cellular,369.6,2,27.4,False,False,browse,False,0.4724
sess_07726,usr_0968,push_notification,8,5,True,wifi,84.1,2,15.2,False,False,act,False,0.5579
sess_07727,usr_1663,push_notification,7,4,False,wifi,172.8,2,34.6,False,True,act,True,0.8219
sess_07728,usr_0977,widget,17,3,False,cellular,147.9,3,4.8,False,False,act,False,0.2715
sess_07729,usr_0466,push_notification,19,6,True,wifi,257.7,2,13.0,False,False,browse,False,0.5316
sess_07730,usr_0615,organic,14,0,False,cellular,335.6,1,41.4,False,True,browse,True,0.7945
sess_07731,usr_0787,organic,8,1,False,cellular,77.9,2,6.3,True,True,act,True,0.8672
sess_07732,usr_0114,push_notification,19,4,False,wifi,105.9,2,3.3,False,True,act,False,0.449
sess_07733,usr_1006,widget,13,5,True,wifi,45.0,2,13.2,False,False,act,True,0.8997
sess_07734,usr_1272,organic,21,6,True,cellular,272.7,1,9.9,True,False,browse,False,0.2707
sess_07735,usr_1902,organic,11,0,False,wifi,272.4,3,13.1,False,False,browse,False,0.2875
sess_07736,usr_1989,organic,13,0,False,cellular,213.0,1,18.7,True,True,browse,False,0.5025
sess_07737,usr_2294,widget,15,6,True,wifi,359.3,2,93.0,False,False,browse,False,0.5199
sess_07738,usr_1787,widget,16,0,False,wifi,399.7,1,1.6,False,False,browse,False,0.5819
sess_07739,usr_1729,organic,17,5,True,cellular,376.7,1,14.7,True,False,browse,False,0.5039
sess_07740,usr_0152,widget,14,1,False,cellular,192.1,3,4.1,False,False,browse,False,0.2632
sess_07741,usr_0828,organic,11,0,False,wifi,278.9,2,23.1,True,True,browse,False,0.5773
sess_07742,usr_0653,organic,13,0,False,cellular,220.7,2,34.4,False,False,browse,True,0.7675
sess_07743,usr_1118,widget,16,4,False,wifi,130.1,2,13.0,True,True,act,False,0.5121
sess_07744,usr_0559,organic,17,6,True,cellular,257.7,1,3.4,True,False,browse,False,0.5169
sess_07745,usr_0120,organic,15,1,False,wifi,260.5,3,57.2,True,False,browse,False,0.5008
sess_07746,usr_1059,push_notification,21,3,False,wifi,148.2,1,71.3,False,True,act,False,0.4781
sess_07747,usr_1138,organic,8,5,True,cellular,131.0,2,21.3,False,False,act,True,0.7515
sess_07748,usr_2256,organic,17,2,False,wifi,66.0,4,33.2,True,False,act,True,0.7798
sess_07749,usr_0721,widget,5,3,False,wifi,223.6,3,2.1,False,True,act,True,0.5334
sess_07750,usr_0173,push_notification,23,5,True,cellular,42.0,2,168.0,True,False,act,True,0.7594
sess_07751,usr_1991,push_notification,9,2,False,cellular,86.9,2,11.3,False,True,act,True,0.8537
sess_07752,usr_0082,organic,14,4,False,wifi,150.0,1,19.9,False,False,browse,False,0.5235
sess_07753,usr_0227,widget,13,3,False,wifi,113.0,3,7.2,False,False,act,True,0.7952
sess_07754,usr_0344,organic,14,2,False,wifi,331.9,1,5.4,False,False,browse,False,0.3283
sess_07755,usr_1286,organic,15,1,False,wifi,357.9,4,3.6,False,True,browse,False,0.3379
sess_07756,usr_2465,push_notification,20,0,False,wifi,153.9,1,11.7,False,False,act,True,0.8062
sess_07757,usr_1221,push_notification,7,1,False,wifi,188.9,1,41.0,True,False,browse,False,0.4197
sess_07758,usr_0261,organic,12,1,False,cellular,272.1,1,60.6,True,False,browse,False,0.3508
sess_07759,usr_1668,organic,21,3,False,wifi,316.5,3,6.1,False,False,browse,False,0.2636
sess_07760,usr_1489,organic,21,3,False,wifi,292.5,1,27.3,False,False,browse,True,0.6144
sess_07761,usr_0370,push_notification,20,5,True,cellular,113.2,1,3.0,False,False,act,True,0.8656
sess_07762,usr_1626,widget,14,0,False,wifi,278.7,1,11.2,True,False,browse,True,0.6242
sess_07763,usr_0576,push_notification,13,1,False,wifi,176.4,2,2.7,True,False,browse,False,0.5222
sess_07764,usr_0967,push_notification,19,2,False,wifi,117.0,3,24.9,True,False,act,True,0.9187
sess_07765,usr_0459,push_notification,20,3,False,wifi,133.7,3,16.2,False,False,act,True,0.831
sess_07766,usr_2339,widget,21,2,False,cellular,166.8,3,3.5,False,True,act,False,0.4985
sess_07767,usr_2050,push_notification,7,0,False,wifi,253.7,1,20.8,True,False,browse,True,0.5154
sess_07768,usr_0495,push_notification,8,2,False,cellular,62.9,2,2.4,True,False,act,True,0.8185
sess_07769,usr_2138,organic,19,0,False,cellular,381.6,1,1.2,False,False,browse,False,0.3015
sess_07770,usr_2378,push_notification,20,4,False,cellular,109.2,2,10.4,False,True,act,True,0.5491
sess_07771,usr_2152,push_notification,20,2,False,cellular,280.5,1,6.6,True,False,browse,False,0.3343
sess_07772,usr_1032,push_notification,20,5,True,cellular,127.2,2,4.0,False,False,act,True,0.6432
sess_07773,usr_2034,widget,9,0,False,wifi,98.9,5,1.5,False,False,act,True,0.8445
sess_07774,usr_0370,push_notification,17,0,False,cellular,70.3,3,9.7,True,True,act,True,0.8409
sess_07775,usr_0976,push_notification,16,4,False,wifi,370.1,2,16.8,True,False,browse,False,0.2947
sess_07776,usr_2457,organic,8,1,False,cellular,202.7,1,40.6,True,False,browse,False,0.5794
sess_07777,usr_0501,organic,12,0,False,wifi,172.9,2,22.6,True,False,browse,False,0.3277
sess_07778,usr_1284,organic,4,5,True,wifi,323.2,3,7.1,False,False,browse,False,0.504
sess_07779,usr_1349,organic,6,0,False,wifi,196.9,2,96.5,False,False,act,True,0.8088
sess_07780,usr_2394,organic,11,4,False,wifi,40.4,4,38.1,False,False,act,False,0.2863
sess_07781,usr_1598,organic,11,5,True,wifi,292.8,3,2.5,True,False,browse,False,0.4772
sess_07782,usr_0967,push_notification,20,4,False,cellular,189.8,2,58.9,True,False,act,True,0.9084
sess_07783,usr_1733,organic,17,4,False,cellular,259.4,1,3.0,False,False,browse,False,0.4979
sess_07784,usr_0893,organic,6,6,True,wifi,214.6,3,12.4,True,False,browse,False,0.4846
sess_07785,usr_0591,push_notification,14,2,False,wifi,171.1,3,13.3,False,False,act,True,0.7861
sess_07786,usr_0438,widget,14,3,False,wifi,151.6,5,2.3,False,False,act,True,0.8134
sess_07787,usr_0718,organic,22,4,False,cellular,226.4,1,108.4,False,False,browse,False,0.5416
sess_07788,usr_0877,organic,19,4,False,wifi,163.3,1,19.2,False,False,browse,False,0.278
sess_07789,usr_1125,push_notification,8,0,False,wifi,54.7,2,1.7,True,True,act,True,0.8175
sess_07790,usr_1801,push_notification,17,1,False,wifi,64.2,3,6.7,True,True,act,False,0.3204
sess_07791,usr_1673,widget,0,3,False,cellular,129.8,4,2.6,True,False,act,True,0.8505
sess_07792,usr_1042,push_notification,9,6,True,wifi,137.5,2,8.1,False,False,act,True,0.7802
sess_07793,usr_2415,push_notification,14,0,False,wifi,51.4,3,10.9,True,False,act,True,0.8388
sess_07794,usr_0230,organic,20,3,False,cellular,107.6,3,6.0,True,False,act,True,0.8115
sess_07795,usr_2009,organic,21,3,False,wifi,208.4,3,8.9,False,True,act,False,0.5273
sess_07796,usr_2186,organic,12,1,False,wifi,142.8,1,10.2,False,False,browse,False,0.5706
sess_07797,usr_1535,organic,9,3,False,cellular,120.1,3,18.1,False,True,act,True,0.6116
sess_07798,usr_0463,push_notification,15,1,False,cellular,158.8,3,43.1,False,False,act,True,0.7493
sess_07799,usr_1297,organic,11,1,False,cellular,368.6,1,14.4,False,False,browse,False,0.3055
sess_07800,usr_2236,organic,17,0,False,wifi,291.0,1,5.1,True,False,browse,True,0.8431
sess_07801,usr_1736,widget,19,3,False,wifi,327.2,2,12.0,False,True,browse,False,0.4933
sess_07802,usr_1946,widget,9,3,False,cellular,325.7,2,5.9,True,False,browse,True,0.8197
sess_07803,usr_1010,organic,11,6,True,wifi,400.7,1,1.9,False,False,browse,False,0.331
sess_07804,usr_1138,widget,5,6,True,cellular,288.8,2,168.0,True,False,browse,False,0.5867
sess_07805,usr_0594,push_notification,18,5,True,cellular,94.0,3,40.4,False,False,act,True,0.7909
sess_07806,usr_1487,organic,18,6,True,wifi,222.7,2,42.2,True,False,browse,False,0.3363
sess_07807,usr_1947,widget,20,0,False,wifi,178.2,1,30.1,True,False,act,True,0.8333
sess_07808,usr_1507,organic,11,4,False,wifi,384.6,4,12.7,True,False,browse,True,0.6066
sess_07809,usr_1263,organic,20,3,False,wifi,312.6,3,14.7,False,False,browse,True,0.6431
sess_07810,usr_0087,push_notification,11,0,False,cellular,194.3,1,33.9,False,True,browse,False,0.4861
sess_07811,usr_2482,push_notification,8,3,False,wifi,180.1,2,3.0,True,False,act,False,0.4786
sess_07812,usr_0143,push_notification,18,6,True,cellular,126.7,3,16.6,True,True,act,True,0.8735
sess_07813,usr_0224,push_notification,10,3,False,cellular,341.9,1,26.0,False,False,browse,False,0.2823
sess_07814,usr_0982,organic,9,3,False,wifi,326.3,4,33.1,False,False,browse,False,0.5314
sess_07815,usr_1037,widget,16,6,True,cellular,300.2,4,28.5,False,False,browse,False,0.4817
sess_07816,usr_2264,organic,19,2,False,wifi,323.3,1,9.0,True,False,browse,False,0.3604
sess_07817,usr_1576,widget,18,0,False,wifi,258.8,1,12.9,False,False,browse,False,0.254
sess_07818,usr_1267,widget,15,6,True,wifi,163.4,2,62.3,False,False,act,True,0.5673
sess_07819,usr_1487,widget,14,1,False,cellular,457.5,2,12.1,False,False,browse,True,0.7984
sess_07820,usr_0500,organic,9,2,False,wifi,238.5,2,2.0,False,False,browse,False,0.4837
sess_07821,usr_2191,push_notification,14,6,True,wifi,267.4,2,24.8,False,True,browse,True,0.7865
sess_07822,usr_0969,organic,23,2,False,cellular,403.7,1,21.5,False,False,browse,False,0.5647
sess_07823,usr_1813,organic,17,4,False,cellular,158.4,1,63.4,False,True,browse,True,0.8439
sess_07824,usr_1592,push_notification,18,5,True,cellular,125.5,2,4.4,False,False,act,True,0.8265
sess_07825,usr_0033,widget,20,6,True,wifi,292.2,1,8.0,False,False,browse,True,0.7742
sess_07826,usr_1610,widget,9,2,False,cellular,121.0,3,10.1,False,False,act,True,0.6829
sess_07827,usr_1047,organic,19,6,True,cellular,347.6,3,4.4,False,False,browse,True,0.8543
sess_07828,usr_1233,push_notification,12,0,False,wifi,123.1,3,3.7,False,False,act,True,0.6117
sess_07829,usr_0370,widget,14,3,False,cellular,280.6,1,15.6,False,False,browse,False,0.2989
sess_07830,usr_0965,widget,2,2,False,cellular,54.7,2,11.1,False,False,act,True,0.8509
sess_07831,usr_1219,widget,14,2,False,wifi,126.2,2,12.1,True,False,act,True,0.6164
sess_07832,usr_0862,organic,7,1,False,wifi,109.2,3,10.4,True,False,act,True,0.584
sess_07833,usr_0657,widget,12,2,False,wifi,116.9,2,13.8,True,False,act,True,0.7512
sess_07834,usr_1798,push_notification,19,0,False,wifi,186.6,2,131.5,True,True,act,True,0.5645
sess_07835,usr_1300,organic,21,3,False,cellular,191.7,5,89.6,False,True,act,False,0.5946
sess_07836,usr_1665,push_notification,19,5,True,wifi,222.2,1,8.0,False,False,browse,True,0.8102
sess_07837,usr_0139,widget,20,0,False,cellular,142.3,1,7.4,False,False,act,True,0.7355
sess_07838,usr_1123,push_notification,7,2,False,cellular,125.9,3,1.8,False,True,act,True,0.8569
sess_07839,usr_0329,widget,20,1,False,cellular,201.3,1,2.8,False,False,act,True,0.8589
sess_07840,usr_2014,organic,6,6,True,wifi,206.1,2,9.7,False,False,browse,False,0.5957
sess_07841,usr_1930,push_notification,17,4,False,wifi,346.7,1,12.0,True,True,browse,True,0.5435
sess_07842,usr_1692,organic,6,3,False,wifi,51.0,2,25.8,False,True,act,False,0.5182
sess_07843,usr_1363,organic,19,3,False,cellular,331.0,4,123.0,True,False,browse,False,0.5437
sess_07844,usr_1731,push_notification,22,2,False,cellular,110.5,5,16.7,False,False,act,True,0.658
sess_07845,usr_0412,widget,21,1,False,wifi,326.1,5,6.6,False,False,browse,False,0.3633
sess_07846,usr_0657,organic,6,6,True,wifi,174.8,3,95.9,False,False,browse,False,0.3299
sess_07847,usr_1069,organic,18,3,False,wifi,193.5,3,2.3,False,False,browse,False,0.2996
sess_07848,usr_2074,organic,2,0,False,wifi,81.2,1,0.4,False,False,act,True,0.8446
sess_07849,usr_0272,push_notification,11,6,True,cellular,107.6,2,14.0,True,False,act,False,0.5313
sess_07850,usr_1442,push_notification,0,4,False,cellular,178.5,3,168.0,False,False,act,True,0.8676
sess_07851,usr_1724,push_notification,7,3,False,wifi,259.0,1,22.2,False,False,browse,False,0.3116
sess_07852,usr_2467,organic,20,4,False,wifi,235.6,2,35.3,False,False,browse,False,0.575
sess_07853,usr_2244,push_notification,20,4,False,cellular,164.4,1,4.9,False,False,act,True,0.5858
sess_07854,usr_1339,widget,7,4,False,wifi,152.9,1,3.7,True,False,browse,False,0.3456
sess_07855,usr_1857,organic,11,3,False,cellular,267.5,1,41.9,False,False,browse,True,0.6036
sess_07856,usr_0113,push_notification,15,5,True,wifi,373.4,1,4.2,False,False,browse,False,0.2705
sess_07857,usr_0214,widget,19,3,False,cellular,347.0,2,21.0,False,False,browse,False,0.2786
sess_07858,usr_0753,organic,18,0,False,cellular,127.8,3,2.1,True,False,act,True,0.7856
sess_07859,usr_1817,push_notification,11,3,False,wifi,35.4,1,17.1,False,False,act,True,0.8564
sess_07860,usr_0558,organic,11,4,False,cellular,138.5,2,4.6,False,False,act,True,0.8599
sess_07861,usr_0013,organic,11,2,False,wifi,111.1,2,10.1,True,True,act,True,0.8684
sess_07862,usr_1642,organic,10,2,False,wifi,302.2,1,5.1,True,False,browse,True,0.7834
sess_07863,usr_0820,push_notification,5,5,True,wifi,350.4,1,1.5,False,False,browse,False,0.4653
sess_07864,usr_1252,push_notification,19,1,False,cellular,52.5,3,9.6,False,False,act,False,0.3852
sess_07865,usr_1286,push_notification,13,0,False,wifi,107.1,3,32.1,False,False,act,True,0.8899
sess_07866,usr_2359,push_notification,6,1,False,cellular,451.0,3,37.5,False,True,browse,True,0.6046
sess_07867,usr_0337,push_notification,18,6,True,wifi,159.9,2,43.5,False,False,act,True,0.7278
sess_07868,usr_0454,widget,19,3,False,wifi,249.0,1,10.1,True,False,browse,False,0.4594
sess_07869,usr_0647,organic,2,6,True,cellular,291.5,4,5.8,False,False,browse,True,0.7941
sess_07870,usr_1023,widget,15,1,False,cellular,249.2,2,102.7,False,False,browse,False,0.255
sess_07871,usr_2116,organic,21,5,True,cellular,181.3,1,7.2,True,True,browse,False,0.3746
sess_07872,usr_0533,organic,7,2,False,wifi,200.0,4,12.3,False,False,browse,False,0.4493
sess_07873,usr_2434,widget,7,3,False,wifi,313.4,1,3.8,False,False,browse,False,0.5048
sess_07874,usr_1681,organic,13,1,False,wifi,391.6,3,15.3,False,False,browse,False,0.3189
sess_07875,usr_1309,push_notification,8,4,False,wifi,130.5,2,54.4,False,False,act,True,0.7023
sess_07876,usr_1850,organic,18,0,False,cellular,143.0,2,5.3,False,False,act,True,0.78
sess_07877,usr_1960,organic,9,6,True,cellular,315.5,1,11.8,False,False,browse,False,0.2556
sess_07878,usr_0547,organic,18,5,True,cellular,351.8,1,60.2,False,False,browse,False,0.5379
sess_07879,usr_1068,organic,20,3,False,wifi,266.7,2,3.7,False,False,browse,False,0.2851
sess_07880,usr_0711,widget,13,0,False,wifi,272.4,2,12.2,False,False,browse,False,0.5254
sess_07881,usr_2430,push_notification,12,6,True,wifi,41.3,1,19.0,True,False,act,True,0.7483
sess_07882,usr_1342,widget,21,5,True,cellular,304.4,1,16.1,False,False,browse,True,0.5792
sess_07883,usr_1155,push_notification,17,6,True,cellular,163.4,4,23.7,True,False,act,True,0.7921
sess_07884,usr_0814,organic,23,4,False,wifi,283.7,1,14.5,False,False,browse,False,0.546
sess_07885,usr_0346,widget,15,0,False,wifi,292.7,1,49.9,True,False,browse,False,0.3658
sess_07886,usr_1698,organic,10,5,True,wifi,120.4,3,4.3,False,True,act,False,0.3718
sess_07887,usr_1506,organic,17,4,False,wifi,201.4,2,168.0,False,True,browse,False,0.5407
sess_07888,usr_0746,push_notification,14,1,False,wifi,93.2,4,1.4,True,True,act,True,0.864
sess_07889,usr_1612,organic,13,0,False,cellular,146.9,4,10.0,False,True,act,True,0.8544
sess_07890,usr_1546,widget,10,6,True,cellular,99.5,3,19.7,True,False,act,True,0.6261
sess_07891,usr_2337,widget,17,3,False,wifi,340.1,2,4.9,True,True,browse,True,0.6912
sess_07892,usr_0920,widget,7,0,False,wifi,252.6,2,8.3,True,False,browse,False,0.2989
sess_07893,usr_0085,widget,19,2,False,cellular,310.4,1,7.8,False,False,browse,False,0.2715
sess_07894,usr_0095,organic,20,2,False,wifi,342.0,1,11.1,False,False,browse,False,0.5829
sess_07895,usr_2288,push_notification,23,3,False,cellular,388.4,3,23.4,False,False,browse,False,0.2916
sess_07896,usr_0937,push_notification,0,0,False,cellular,165.1,3,83.7,False,False,act,True,0.7827
sess_07897,usr_0365,organic,7,5,True,cellular,172.9,2,3.7,False,False,act,True,0.8433
sess_07898,usr_1895,organic,18,6,True,cellular,371.7,1,47.5,False,False,browse,False,0.4539
sess_07899,usr_0813,push_notification,13,4,False,wifi,399.8,2,11.6,False,False,browse,True,0.8752
sess_07900,usr_1073,push_notification,22,4,False,wifi,153.2,5,168.0,True,False,act,False,0.3197
sess_07901,usr_0692,push_notification,6,6,True,wifi,291.4,1,2.2,True,False,browse,True,0.7842
sess_07902,usr_0204,push_notification,20,2,False,cellular,109.7,3,2.1,False,True,act,True,0.7895
sess_07903,usr_1643,organic,8,4,False,wifi,275.9,2,27.9,True,False,browse,True,0.6349
sess_07904,usr_1757,organic,17,0,False,wifi,300.5,1,34.7,False,False,browse,False,0.2844
sess_07905,usr_2460,widget,11,4,False,wifi,218.5,2,8.2,False,False,browse,False,0.543
sess_07906,usr_1066,organic,16,0,False,wifi,151.6,2,38.3,False,False,act,False,0.2988
sess_07907,usr_0612,widget,16,4,False,wifi,66.9,3,2.0,False,True,act,True,0.7963
sess_07908,usr_0365,widget,18,6,True,wifi,332.9,4,11.6,True,False,browse,True,0.614
sess_07909,usr_1508,organic,18,2,False,wifi,250.4,1,40.5,False,True,browse,False,0.289
sess_07910,usr_0697,organic,14,6,True,cellular,283.9,2,6.6,False,True,browse,False,0.3084
sess_07911,usr_2324,push_notification,18,4,False,cellular,136.2,2,18.5,False,False,act,True,0.7777
sess_07912,usr_0481,push_notification,18,4,False,wifi,112.4,2,11.2,False,True,act,True,0.5927
sess_07913,usr_0058,organic,19,6,True,wifi,115.5,1,10.5,True,False,browse,True,0.7761
sess_07914,usr_2154,organic,8,0,False,wifi,265.3,2,2.6,True,False,browse,False,0.2985
sess_07915,usr_1783,organic,16,0,False,cellular,379.0,4,2.0,True,True,browse,False,0.5879
sess_07916,usr_1859,organic,19,0,False,cellular,210.6,3,20.6,False,False,browse,False,0.2598
sess_07917,usr_2025,widget,11,3,False,wifi,84.9,2,8.4,False,False,act,True,0.5994
sess_07918,usr_0486,push_notification,10,2,False,wifi,106.1,1,51.8,True,False,act,False,0.3552
sess_07919,usr_0920,organic,14,4,False,cellular,214.1,1,22.3,False,False,browse,False,0.484
sess_07920,usr_0833,push_notification,20,3,False,cellular,119.1,4,10.5,False,False,act,True,0.8381
sess_07921,usr_0781,push_notification,11,2,False,cellular,135.3,1,47.0,False,False,act,True,0.6218
sess_07922,usr_1091,push_notification,13,3,False,wifi,106.8,3,15.4,False,False,act,True,0.7904
sess_07923,usr_1180,widget,18,4,False,cellular,239.4,1,2.5,True,False,browse,False,0.2748
sess_07924,usr_2025,organic,18,5,True,wifi,279.0,2,109.5,False,False,browse,False,0.516
sess_07925,usr_1565,organic,17,4,False,wifi,380.1,1,40.6,False,False,browse,False,0.4522
sess_07926,usr_0534,organic,12,3,False,wifi,144.3,1,17.6,False,False,browse,False,0.2288
sess_07927,usr_1767,organic,10,6,True,cellular,68.5,4,3.4,True,False,act,True,0.6278
sess_07928,usr_0847,organic,18,5,True,wifi,343.8,2,2.0,False,False,browse,False,0.2501
sess_07929,usr_2458,organic,6,2,False,wifi,168.1,3,2.3,True,False,act,True,0.8119
sess_07930,usr_0883,push_notification,18,1,False,cellular,232.6,2,14.8,False,False,browse,False,0.3001
sess_07931,usr_1160,organic,20,3,False,wifi,39.6,4,7.5,True,False,act,False,0.4741
sess_07932,usr_0776,push_notification,4,4,False,wifi,369.7,1,58.0,False,False,browse,False,0.26
sess_07933,usr_1714,organic,23,3,False,wifi,304.2,3,2.6,False,False,browse,True,0.6037
sess_07934,usr_0739,push_notification,11,4,False,wifi,167.5,2,42.1,False,False,browse,False,0.4805
sess_07935,usr_1674,organic,21,5,True,wifi,222.4,1,3.7,False,False,browse,False,0.4711
sess_07936,usr_0598,widget,23,0,False,cellular,188.9,1,18.2,False,False,browse,True,0.6264
sess_07937,usr_0118,organic,20,5,True,wifi,296.2,1,5.3,True,False,browse,False,0.3088
sess_07938,usr_1189,organic,21,4,False,wifi,343.6,1,3.4,False,False,browse,True,0.5372
sess_07939,usr_1073,organic,7,2,False,cellular,102.5,4,37.1,False,False,act,True,0.6066
sess_07940,usr_0965,organic,7,6,True,cellular,158.4,1,101.0,False,False,act,False,0.568
sess_07941,usr_1848,organic,17,6,True,wifi,355.3,1,51.1,True,False,browse,False,0.5224
sess_07942,usr_1018,organic,1,1,False,cellular,239.8,2,13.1,True,True,browse,False,0.4679
sess_07943,usr_1515,push_notification,16,6,True,wifi,98.4,3,27.8,True,True,act,True,0.6061
sess_07944,usr_2388,push_notification,1,1,False,wifi,350.5,1,40.3,True,False,browse,True,0.7941
sess_07945,usr_1877,push_notification,12,4,False,cellular,160.3,4,12.6,True,False,act,True,0.8592
sess_07946,usr_0352,push_notification,17,5,True,wifi,259.7,2,129.3,False,False,browse,False,0.2601
sess_07947,usr_0043,push_notification,16,2,False,wifi,113.0,1,29.8,False,False,act,True,0.8515
sess_07948,usr_1921,push_notification,19,6,True,cellular,240.3,3,5.9,True,False,browse,True,0.685
sess_07949,usr_0546,push_notification,20,1,False,wifi,92.5,1,0.6,True,False,act,True,0.7983
sess_07950,usr_1325,widget,3,6,True,cellular,231.1,1,122.7,False,True,browse,False,0.5398
sess_07951,usr_1629,organic,20,4,False,wifi,276.4,5,1.9,True,False,browse,False,0.2973
sess_07952,usr_0870,organic,20,5,True,cellular,89.4,2,9.3,False,False,act,True,0.6498
sess_07953,usr_1571,organic,18,5,True,cellular,293.2,3,5.6,False,False,browse,False,0.2916
sess_07954,usr_1734,push_notification,18,2,False,wifi,116.7,3,44.0,True,False,act,True,0.8645
sess_07955,usr_2447,widget,1,2,False,wifi,60.6,4,39.8,True,False,act,False,0.3163
sess_07956,usr_1050,organic,16,4,False,wifi,88.8,4,7.9,False,False,act,False,0.4969
sess_07957,usr_0300,widget,13,0,False,cellular,150.6,4,33.0,False,False,act,False,0.4935
sess_07958,usr_0391,organic,15,2,False,cellular,305.5,2,41.1,True,False,browse,False,0.4466
sess_07959,usr_2282,organic,8,0,False,wifi,234.6,1,6.9,False,False,browse,True,0.5847
sess_07960,usr_0241,push_notification,7,4,False,cellular,208.4,2,7.1,False,False,browse,False,0.3242
sess_07961,usr_0214,push_notification,12,0,False,wifi,105.5,3,24.2,True,True,act,True,0.7559
sess_07962,usr_1364,widget,3,6,True,wifi,292.7,1,39.8,True,False,browse,False,0.5242
sess_07963,usr_0962,organic,9,3,False,wifi,282.4,2,3.6,True,False,browse,False,0.3334
sess_07964,usr_1929,push_notification,19,4,False,wifi,315.4,1,28.9,False,False,browse,False,0.3585
sess_07965,usr_1452,push_notification,19,4,False,wifi,125.1,2,6.7,False,False,act,False,0.5461
sess_07966,usr_2484,organic,10,4,False,wifi,369.9,1,148.9,True,False,browse,False,0.3209
sess_07967,usr_2451,organic,10,3,False,wifi,287.4,1,2.5,True,False,browse,True,0.6318
sess_07968,usr_0187,widget,12,0,False,wifi,417.5,1,4.3,True,False,browse,False,0.3208
sess_07969,usr_0022,push_notification,20,3,False,cellular,100.9,3,2.5,False,False,act,True,0.8275
sess_07970,usr_1039,push_notification,18,2,False,cellular,142.0,5,49.9,False,True,act,True,0.5999
sess_07971,usr_2067,organic,8,5,True,wifi,312.3,1,22.8,False,False,browse,False,0.5342
sess_07972,usr_1561,push_notification,19,4,False,cellular,53.1,1,3.3,False,False,act,True,0.8082
sess_07973,usr_1240,organic,21,2,False,wifi,175.8,1,9.2,False,False,browse,False,0.2403
sess_07974,usr_1617,organic,20,5,True,wifi,154.1,3,2.6,True,True,act,True,0.6081
sess_07975,usr_1520,push_notification,5,3,False,wifi,140.7,3,1.8,False,False,browse,True,0.8744
sess_07976,usr_0542,organic,9,5,True,wifi,140.5,1,10.1,False,False,act,True,0.7447
sess_07977,usr_2292,widget,12,4,False,wifi,130.8,2,9.2,True,False,act,True,0.7798
sess_07978,usr_0169,push_notification,8,1,False,wifi,161.2,2,30.4,True,True,act,True,0.8849
sess_07979,usr_2378,push_notification,12,3,False,wifi,146.0,3,17.6,True,True,act,True,0.617
sess_07980,usr_0735,organic,12,1,False,cellular,307.4,1,40.8,False,False,browse,True,0.5611
sess_07981,usr_1067,organic,20,3,False,cellular,343.5,1,106.1,False,False,browse,False,0.5224
sess_07982,usr_0696,organic,13,4,False,wifi,170.6,1,32.7,True,False,browse,False,0.5229
sess_07983,usr_2064,push_notification,6,1,False,wifi,81.8,4,3.7,False,False,act,True,0.8108
sess_07984,usr_2019,organic,21,3,False,wifi,246.5,1,38.5,True,False,browse,False,0.3036
sess_07985,usr_1390,push_notification,1,6,True,wifi,118.0,2,15.4,True,False,act,False,0.3028
sess_07986,usr_1918,push_notification,9,5,True,wifi,176.3,3,2.6,True,False,act,False,0.5584
sess_07987,usr_0541,push_notification,18,5,True,cellular,416.1,1,36.6,False,False,browse,False,0.4927
sess_07988,usr_0368,organic,20,4,False,cellular,320.0,1,33.8,False,True,browse,False,0.485
sess_07989,usr_1300,organic,22,3,False,cellular,215.0,1,30.7,False,False,browse,False,0.3742
sess_07990,usr_2173,widget,6,3,False,wifi,62.4,1,4.8,True,True,act,True,0.815
sess_07991,usr_1774,push_notification,16,6,True,cellular,262.1,4,12.9,False,False,browse,False,0.4755
sess_07992,usr_0581,organic,14,2,False,cellular,174.6,1,13.6,False,True,browse,False,0.5285
sess_07993,usr_1067,organic,19,6,True,wifi,421.5,1,3.0,False,False,browse,False,0.5198
sess_07994,usr_0479,widget,22,0,False,wifi,195.3,2,6.2,True,False,act,True,0.8444
sess_07995,usr_1284,push_notification,22,4,False,wifi,311.7,1,2.7,False,False,browse,False,0.3392
sess_07996,usr_0181,push_notification,9,3,False,cellular,340.4,1,31.4,False,True,browse,False,0.2413
sess_07997,usr_0524,push_notification,13,3,False,wifi,118.2,3,6.1,False,False,act,True,0.8536
sess_07998,usr_2045,organic,20,2,False,wifi,263.1,1,46.1,True,True,browse,False,0.33
sess_07999,usr_1151,push_notification,10,4,False,wifi,55.8,4,34.0,False,False,act,False,0.5875
sess_08000,usr_1477,widget,6,3,False,cellular,152.0,3,11.1,False,False,act,True,0.856
sess_08001,usr_1762,widget,17,1,False,wifi,122.5,1,3.9,True,False,act,False,0.5567
sess_08002,usr_1159,organic,12,4,False,cellular,331.5,3,22.8,False,False,browse,False,0.2959
sess_08003,usr_1079,organic,15,6,True,wifi,61.6,3,20.3,False,False,act,False,0.589
sess_08004,usr_1081,widget,6,1,False,wifi,152.7,1,8.9,False,False,browse,False,0.3159
sess_08005,usr_2118,organic,19,4,False,wifi,369.5,4,39.7,False,False,browse,False,0.3264
sess_08006,usr_1283,push_notification,8,4,False,wifi,125.9,3,24.8,True,False,act,True,0.788
sess_08007,usr_1785,organic,13,2,False,wifi,292.4,1,10.7,False,False,browse,False,0.2747
sess_08008,usr_0676,organic,16,6,True,wifi,265.0,1,15.1,False,False,browse,True,0.7674
sess_08009,usr_1293,organic,18,3,False,wifi,343.2,1,3.5,False,False,browse,False,0.4609
sess_08010,usr_2013,organic,10,2,False,cellular,277.0,1,5.2,False,False,browse,True,0.6037
sess_08011,usr_0620,push_notification,19,5,True,wifi,108.8,4,6.9,True,False,act,True,0.6049
sess_08012,usr_2277,widget,22,1,False,wifi,232.9,1,100.9,False,False,browse,False,0.5681
sess_08013,usr_1803,organic,19,3,False,cellular,301.8,2,7.3,True,False,browse,False,0.5127
sess_08014,usr_0218,organic,3,3,False,wifi,223.6,1,29.1,False,False,browse,False,0.3373
sess_08015,usr_0774,organic,1,0,False,wifi,425.3,2,18.1,True,False,browse,False,0.3327
sess_08016,usr_0609,push_notification,16,2,False,wifi,112.2,3,11.0,False,True,act,False,0.3685
sess_08017,usr_0224,organic,20,1,False,cellular,355.8,2,44.9,False,False,browse,False,0.3515
sess_08018,usr_0942,push_notification,18,2,False,cellular,44.4,3,45.7,True,False,act,True,0.8047
sess_08019,usr_0751,organic,19,6,True,wifi,366.1,2,134.2,False,True,browse,False,0.5466
sess_08020,usr_0147,organic,22,5,True,wifi,298.6,3,6.9,False,False,browse,False,0.4925
sess_08021,usr_1927,widget,17,0,False,wifi,259.1,3,69.5,True,False,browse,False,0.3106
sess_08022,usr_1066,push_notification,19,0,False,wifi,170.7,1,16.6,False,False,act,True,0.7393
sess_08023,usr_0670,widget,19,2,False,wifi,119.7,1,3.9,False,False,act,False,0.3962
sess_08024,usr_1914,push_notification,14,3,False,wifi,292.0,2,4.5,False,True,browse,False,0.5051
sess_08025,usr_1788,widget,20,5,True,wifi,321.8,1,2.3,False,False,browse,False,0.4801
sess_08026,usr_0476,organic,21,5,True,wifi,340.9,1,48.9,False,False,browse,True,0.6514
sess_08027,usr_2028,widget,7,3,False,wifi,217.6,1,21.6,True,False,browse,False,0.3167
sess_08028,usr_0168,organic,7,0,False,cellular,170.8,2,49.9,False,False,browse,False,0.5399
sess_08029,usr_1809,organic,21,0,False,cellular,196.7,5,24.2,False,False,browse,False,0.4957
sess_08030,usr_1461,widget,8,4,False,wifi,138.6,2,7.5,False,False,act,True,0.8354
sess_08031,usr_2298,widget,16,1,False,cellular,109.1,3,19.5,False,False,act,True,0.5793
sess_08032,usr_1988,organic,8,2,False,wifi,244.9,1,35.3,False,False,browse,False,0.3048
sess_08033,usr_1875,widget,13,4,False,wifi,122.0,2,18.5,True,True,act,True,0.6342
sess_08034,usr_2020,push_notification,22,3,False,cellular,79.2,2,1.2,False,True,act,True,0.6002
sess_08035,usr_0461,push_notification,13,3,False,wifi,327.4,2,31.4,False,False,browse,False,0.3332
sess_08036,usr_0607,push_notification,14,0,False,wifi,504.3,2,12.3,True,False,browse,False,0.5304
sess_08037,usr_0507,widget,18,1,False,cellular,250.7,2,119.8,False,False,browse,False,0.3422
sess_08038,usr_1432,organic,20,6,True,wifi,205.9,5,21.7,False,False,browse,False,0.5669
sess_08039,usr_0384,organic,7,1,False,wifi,215.2,1,52.3,False,False,browse,False,0.5896
sess_08040,usr_0835,push_notification,14,5,True,wifi,212.4,4,24.4,False,False,browse,False,0.5453
sess_08041,usr_1164,widget,16,6,True,wifi,267.9,2,168.0,False,True,browse,False,0.3339
sess_08042,usr_0740,push_notification,8,2,False,wifi,93.4,3,1.5,True,True,act,True,0.8353
sess_08043,usr_0690,push_notification,18,1,False,wifi,124.9,5,25.1,True,False,act,True,0.8001
sess_08044,usr_2084,push_notification,18,5,True,wifi,261.6,4,2.6,False,False,browse,False,0.5583
sess_08045,usr_1118,push_notification,7,1,False,wifi,135.2,4,1.8,False,False,act,True,0.8852
sess_08046,usr_2308,organic,9,3,False,wifi,112.1,5,17.1,False,False,act,False,0.2912
sess_08047,usr_2399,widget,7,6,True,cellular,296.0,4,99.7,False,False,browse,False,0.5447
sess_08048,usr_0870,organic,4,2,False,cellular,436.7,3,5.3,False,False,browse,False,0.3236
sess_08049,usr_2391,push_notification,12,6,True,wifi,287.0,3,45.1,False,True,browse,True,0.5917
sess_08050,usr_0017,widget,17,0,False,wifi,158.5,2,53.4,False,False,browse,False,0.4562
sess_08051,usr_2155,organic,12,3,False,wifi,282.4,3,20.9,False,False,browse,False,0.3413
sess_08052,usr_2338,widget,21,0,False,wifi,285.3,1,8.9,True,False,browse,False,0.4689
sess_08053,usr_0740,push_notification,9,1,False,wifi,138.8,2,4.5,True,True,act,True,0.8395
sess_08054,usr_1706,organic,20,1,False,cellular,323.4,1,7.9,False,False,browse,False,0.3716
sess_08055,usr_0315,widget,11,3,False,wifi,123.9,3,28.7,True,False,browse,True,0.8351
sess_08056,usr_1009,organic,19,6,True,wifi,198.2,1,7.9,False,False,browse,False,0.2477
sess_08057,usr_2041,organic,8,4,False,wifi,66.2,2,1.0,True,False,act,True,0.8524
sess_08058,usr_0387,organic,12,2,False,cellular,283.8,2,3.1,False,False,browse,False,0.2996
sess_08059,usr_1347,push_notification,8,0,False,cellular,320.1,1,1.9,False,False,browse,False,0.3162
sess_08060,usr_0107,push_notification,12,6,True,wifi,120.7,3,12.6,False,False,act,True,0.8938
sess_08061,usr_1165,organic,7,3,False,cellular,425.1,4,16.1,False,True,browse,False,0.3005
sess_08062,usr_0500,push_notification,17,5,True,wifi,338.0,2,5.4,True,False,browse,False,0.4928
sess_08063,usr_1615,organic,5,4,False,cellular,295.1,5,35.0,False,False,browse,False,0.4896
sess_08064,usr_1531,organic,19,3,False,wifi,332.3,1,5.4,True,True,browse,False,0.4902
sess_08065,usr_2419,widget,20,3,False,wifi,430.5,1,3.7,False,False,browse,False,0.3426
sess_08066,usr_0435,organic,20,2,False,wifi,270.5,4,11.2,True,False,browse,True,0.7559
sess_08067,usr_1326,push_notification,16,5,True,wifi,122.4,3,101.5,False,False,act,False,0.4975
sess_08068,usr_0630,widget,20,1,False,cellular,301.1,2,168.0,True,True,browse,False,0.3458
sess_08069,usr_0119,push_notification,4,3,False,wifi,143.8,2,2.1,True,False,act,False,0.4533
sess_08070,usr_0333,organic,0,4,False,cellular,185.5,2,5.6,False,False,act,True,0.843
sess_08071,usr_1886,push_notification,20,6,True,cellular,145.7,2,5.8,True,False,act,True,0.865
sess_08072,usr_1966,widget,1,2,False,wifi,85.5,3,25.9,False,False,act,True,0.8916
sess_08073,usr_1860,organic,17,2,False,wifi,351.3,1,3.1,False,True,browse,False,0.4821
sess_08074,usr_1104,push_notification,14,5,True,cellular,222.4,2,43.5,True,False,act,True,0.8184
sess_08075,usr_2434,organic,10,3,False,wifi,213.7,2,7.5,True,False,browse,False,0.3377
sess_08076,usr_0024,organic,18,0,False,wifi,97.4,3,21.0,False,False,act,False,0.5255
sess_08077,usr_1350,widget,6,6,True,wifi,312.6,3,14.3,False,False,browse,False,0.2937
sess_08078,usr_0180,organic,16,4,False,cellular,303.7,1,35.6,False,False,browse,True,0.6263
sess_08079,usr_1856,organic,12,4,False,cellular,253.7,2,22.6,True,False,browse,False,0.5187
sess_08080,usr_1331,push_notification,20,1,False,wifi,187.8,4,17.7,False,True,act,False,0.2607
sess_08081,usr_2332,push_notification,8,4,False,wifi,262.3,2,9.1,True,False,browse,False,0.2706
sess_08082,usr_0530,organic,17,0,False,cellular,121.8,1,8.3,True,False,act,True,0.8191
sess_08083,usr_0866,organic,20,2,False,cellular,56.4,3,10.2,True,False,act,True,0.5367
sess_08084,usr_0200,push_notification,8,3,False,wifi,368.2,1,22.4,False,False,browse,False,0.5235
sess_08085,usr_1159,push_notification,14,1,False,cellular,222.8,1,85.1,False,False,browse,False,0.504
sess_08086,usr_1324,widget,4,0,False,cellular,104.0,3,10.1,False,True,browse,False,0.2823
sess_08087,usr_0228,widget,19,4,False,wifi,198.8,1,20.0,True,False,browse,True,0.8431
sess_08088,usr_0290,push_notification,19,6,True,wifi,302.1,2,13.4,False,False,browse,False,0.2892
sess_08089,usr_2242,push_notification,21,3,False,wifi,58.0,1,28.7,True,True,act,True,0.6271
sess_08090,usr_2467,widget,23,5,True,wifi,324.8,4,1.6,False,False,browse,False,0.2846
sess_08091,usr_1563,organic,19,0,False,cellular,165.3,1,9.2,False,False,browse,False,0.4939
sess_08092,usr_0380,organic,1,5,True,wifi,355.1,3,4.9,False,False,browse,False,0.2839
sess_08093,usr_1634,organic,15,3,False,cellular,347.6,4,6.2,False,False,browse,False,0.2721
sess_08094,usr_1046,widget,2,0,False,wifi,99.2,3,25.2,False,False,act,True,0.6417
sess_08095,usr_0730,push_notification,5,6,True,wifi,133.6,2,63.7,False,False,act,True,0.8046
sess_08096,usr_0984,organic,19,4,False,cellular,76.6,3,15.9,False,True,act,False,0.3023
sess_08097,usr_1634,organic,23,2,False,wifi,118.5,2,3.0,True,False,act,True,0.5824
sess_08098,usr_0366,organic,21,5,True,cellular,15.6,2,53.4,True,False,act,True,0.7932
sess_08099,usr_0085,push_notification,10,0,False,wifi,359.4,2,168.0,False,False,browse,False,0.376
sess_08100,usr_0853,push_notification,0,2,False,cellular,151.6,3,10.3,True,False,act,True,0.8292
sess_08101,usr_0668,organic,13,6,True,wifi,295.1,1,16.8,True,False,browse,False,0.4942
sess_08102,usr_1592,organic,15,6,True,wifi,284.0,2,12.8,False,False,browse,False,0.2869
sess_08103,usr_1649,organic,13,4,False,wifi,72.4,3,11.2,False,False,act,False,0.5681
sess_08104,usr_1168,widget,17,2,False,wifi,365.3,2,6.6,True,True,browse,False,0.5046
sess_08105,usr_0632,widget,9,3,False,wifi,99.4,2,62.3,False,False,act,True,0.7804
sess_08106,usr_0494,push_notification,13,2,False,wifi,121.6,2,3.9,True,True,act,True,0.892
sess_08107,usr_1223,push_notification,13,4,False,wifi,204.2,1,15.3,False,False,act,True,0.5383
sess_08108,usr_2011,organic,15,2,False,wifi,140.2,2,21.3,False,False,browse,True,0.8533
sess_08109,usr_1771,push_notification,16,6,True,wifi,293.2,1,14.6,False,False,browse,False,0.2283
sess_08110,usr_1271,push_notification,21,3,False,wifi,87.0,2,7.1,False,False,act,False,0.5227
sess_08111,usr_2472,organic,19,0,False,wifi,343.8,2,34.6,False,False,browse,False,0.3387
sess_08112,usr_0538,push_notification,5,4,False,wifi,108.2,2,6.4,False,False,act,True,0.7596
sess_08113,usr_1471,organic,20,5,True,wifi,137.4,2,33.5,False,False,act,False,0.554
sess_08114,usr_0394,push_notification,8,0,False,cellular,347.9,1,23.1,False,False,browse,False,0.5315
sess_08115,usr_1506,push_notification,6,2,False,wifi,166.8,2,2.4,True,False,act,False,0.5866
sess_08116,usr_2100,widget,9,0,False,wifi,152.2,2,81.9,False,False,act,True,0.6331
sess_08117,usr_0819,organic,19,2,False,cellular,174.7,2,24.9,True,False,browse,False,0.5496
sess_08118,usr_2006,organic,19,4,False,wifi,48.9,2,11.0,False,False,act,True,0.585
sess_08119,usr_1825,push_notification,23,6,True,cellular,69.5,3,19.8,False,True,act,True,0.8065
sess_08120,usr_1590,organic,16,2,False,wifi,313.7,4,8.8,True,False,browse,False,0.3186
sess_08121,usr_1952,widget,10,4,False,wifi,207.9,1,1.7,True,False,browse,False,0.2729
sess_08122,usr_1100,organic,18,2,False,cellular,168.3,3,6.9,False,False,act,True,0.6353
sess_08123,usr_2307,organic,10,1,False,wifi,154.4,1,13.3,False,False,browse,False,0.4875
sess_08124,usr_2459,push_notification,13,3,False,wifi,154.6,2,85.6,False,False,act,True,0.8155
sess_08125,usr_1733,organic,16,1,False,cellular,355.3,1,64.2,True,True,browse,False,0.4873
sess_08126,usr_0370,organic,19,4,False,wifi,398.3,1,27.2,False,False,browse,True,0.7387
sess_08127,usr_1731,widget,19,0,False,wifi,135.5,1,9.5,False,True,act,True,0.82
sess_08128,usr_1509,widget,20,4,False,cellular,138.6,3,1.1,False,True,act,True,0.8424
sess_08129,usr_0764,organic,10,2,False,wifi,107.6,3,5.2,False,True,act,True,0.822
sess_08130,usr_1779,organic,8,1,False,cellular,278.3,1,12.4,False,False,browse,False,0.4999
sess_08131,usr_1745,organic,17,5,True,wifi,275.9,1,4.3,False,False,browse,False,0.3095
sess_08132,usr_0381,push_notification,23,4,False,cellular,90.1,2,60.6,False,False,act,True,0.549
sess_08133,usr_0166,organic,16,1,False,wifi,245.4,2,77.4,False,False,browse,False,0.4802
sess_08134,usr_2103,organic,16,6,True,wifi,274.9,1,43.9,True,False,browse,False,0.3419
sess_08135,usr_1400,widget,9,4,False,wifi,94.5,3,9.3,True,False,act,False,0.5698
sess_08136,usr_1899,push_notification,23,6,True,cellular,10.0,3,16.2,False,False,act,True,0.8937
sess_08137,usr_0919,organic,7,0,False,cellular,361.8,1,4.9,False,False,browse,False,0.5162
sess_08138,usr_0636,organic,8,4,False,wifi,454.7,1,6.9,False,False,browse,False,0.4133
sess_08139,usr_2029,push_notification,15,3,False,wifi,96.5,2,32.9,False,True,act,True,0.8203
sess_08140,usr_2160,push_notification,13,4,False,wifi,87.0,3,4.2,True,False,act,True,0.8885
sess_08141,usr_2150,organic,6,4,False,wifi,270.6,1,1.3,False,False,browse,False,0.5094
sess_08142,usr_0344,push_notification,19,6,True,cellular,52.7,2,38.7,False,True,act,True,0.7639
sess_08143,usr_1191,organic,11,3,False,wifi,130.2,2,15.4,False,True,act,False,0.5258
sess_08144,usr_1918,organic,10,1,False,wifi,142.6,4,15.9,False,False,act,True,0.8995
sess_08145,usr_1792,organic,16,4,False,wifi,306.5,1,29.8,False,False,browse,False,0.276
sess_08146,usr_0325,organic,21,4,False,cellular,411.2,2,4.8,False,False,browse,False,0.2435
sess_08147,usr_1957,widget,8,4,False,cellular,197.7,2,84.7,False,False,act,True,0.541
sess_08148,usr_1231,organic,2,4,False,cellular,292.6,1,10.3,False,False,browse,False,0.4533
sess_08149,usr_0609,push_notification,13,0,False,cellular,141.5,1,2.0,True,False,act,True,0.6131
sess_08150,usr_0524,organic,10,5,True,cellular,408.7,1,33.9,True,True,browse,True,0.8112
sess_08151,usr_1231,push_notification,6,1,False,wifi,185.0,3,6.3,False,True,browse,False,0.5106
sess_08152,usr_1019,push_notification,11,6,True,cellular,258.6,1,3.3,True,False,browse,False,0.5439
sess_08153,usr_2143,widget,11,0,False,cellular,290.7,1,24.0,True,False,browse,False,0.511
sess_08154,usr_1752,push_notification,14,4,False,wifi,167.9,4,3.2,True,False,act,True,0.7666
sess_08155,usr_1211,push_notification,16,4,False,wifi,185.6,1,5.2,True,False,act,True,0.6624
sess_08156,usr_2329,push_notification,0,6,True,wifi,30.8,4,21.9,True,False,act,True,0.6115
sess_08157,usr_0196,organic,10,3,False,wifi,261.0,1,1.0,False,False,browse,False,0.3655
sess_08158,usr_2257,organic,18,3,False,wifi,244.3,1,4.1,False,False,browse,False,0.5055
sess_08159,usr_0314,widget,20,4,False,cellular,56.8,2,46.3,False,False,act,True,0.5886
sess_08160,usr_0185,widget,16,2,False,cellular,138.3,2,16.3,True,False,act,True,0.8552
sess_08161,usr_2103,push_notification,17,6,True,wifi,99.2,2,40.0,False,False,act,True,0.5484
sess_08162,usr_0441,push_notification,15,3,False,wifi,129.6,2,23.5,True,False,act,True,0.652
sess_08163,usr_2092,organic,9,5,True,wifi,190.7,1,29.3,False,False,browse,False,0.2831
sess_08164,usr_1741,organic,13,6,True,wifi,258.2,2,63.8,False,False,browse,False,0.3612
sess_08165,usr_1692,organic,6,4,False,wifi,182.5,3,0.6,True,False,act,True,0.7803
sess_08166,usr_0388,organic,12,4,False,wifi,255.4,1,9.1,True,False,browse,False,0.552
sess_08167,usr_1904,push_notification,9,6,True,cellular,336.7,3,69.0,True,False,browse,True,0.782
sess_08168,usr_2329,organic,17,4,False,wifi,177.4,1,2.1,True,False,browse,False,0.5725
sess_08169,usr_1038,organic,19,2,False,wifi,267.3,1,36.0,True,False,browse,False,0.5452
sess_08170,usr_1456,push_notification,16,6,True,wifi,106.3,3,5.9,False,False,act,True,0.8761
sess_08171,usr_1044,widget,9,5,True,wifi,158.5,2,43.2,False,False,act,True,0.638
sess_08172,usr_2399,widget,17,2,False,wifi,275.5,1,16.4,False,False,browse,False,0.4516
sess_08173,usr_0335,widget,10,3,False,cellular,152.5,1,1.9,True,True,act,True,0.7787
sess_08174,usr_2063,organic,15,2,False,wifi,288.9,1,8.9,True,False,browse,False,0.3774
sess_08175,usr_0067,push_notification,7,3,False,wifi,98.9,2,139.1,True,False,act,True,0.8086
sess_08176,usr_0467,organic,1,3,False,cellular,368.3,2,13.9,True,True,browse,True,0.5715
sess_08177,usr_1896,organic,10,4,False,cellular,217.0,2,39.3,False,False,browse,False,0.3164
sess_08178,usr_0736,organic,0,6,True,wifi,91.4,1,36.2,False,False,act,True,0.5598
sess_08179,usr_0747,push_notification,0,3,False,wifi,114.4,2,55.4,False,False,act,True,0.8129
sess_08180,usr_1610,organic,11,6,True,wifi,256.8,2,8.9,True,True,browse,False,0.4449
sess_08181,usr_0186,organic,20,2,False,cellular,128.1,2,71.5,False,False,act,True,0.8423
sess_08182,usr_0342,organic,22,6,True,wifi,268.4,1,4.4,False,True,browse,False,0.2931
sess_08183,usr_1705,organic,16,3,False,cellular,213.2,5,2.8,False,False,browse,False,0.3322
sess_08184,usr_1220,push_notification,17,1,False,cellular,124.8,2,21.2,True,False,act,True,0.6611
sess_08185,usr_1286,organic,4,0,False,wifi,102.4,3,2.9,False,False,act,False,0.3535
sess_08186,usr_2406,organic,1,2,False,cellular,66.5,3,2.0,False,False,act,True,0.6241
sess_08187,usr_1864,widget,1,3,False,cellular,336.3,2,1.2,False,False,browse,True,0.5943
sess_08188,usr_1843,organic,19,5,True,cellular,381.7,1,95.9,False,False,browse,True,0.6237
sess_08189,usr_1086,organic,7,5,True,wifi,262.4,3,22.0,False,False,browse,False,0.4695
sess_08190,usr_1399,push_notification,19,0,False,wifi,357.0,2,81.4,False,False,browse,False,0.5183
sess_08191,usr_0767,push_notification,14,0,False,cellular,111.0,3,8.2,True,False,act,True,0.798
sess_08192,usr_0865,push_notification,18,1,False,wifi,90.9,3,18.7,True,False,act,True,0.5768
sess_08193,usr_0759,push_notification,9,6,True,cellular,106.2,2,11.0,False,False,act,True,0.8491
sess_08194,usr_0321,organic,17,1,False,cellular,312.2,2,13.2,True,False,browse,False,0.3425
sess_08195,usr_2475,organic,11,2,False,wifi,229.9,1,25.1,False,False,browse,False,0.2566
sess_08196,usr_1063,organic,19,4,False,cellular,315.5,1,10.1,True,False,browse,False,0.2591
sess_08197,usr_0436,push_notification,13,3,False,cellular,375.6,1,5.1,False,False,browse,False,0.4636
sess_08198,usr_1777,organic,13,1,False,wifi,294.4,3,7.6,False,False,browse,False,0.3261
sess_08199,usr_2189,push_notification,18,6,True,wifi,115.6,3,2.2,False,False,browse,False,0.3149
sess_08200,usr_0074,organic,18,6,True,wifi,199.3,1,10.6,False,True,browse,False,0.5066
sess_08201,usr_0024,push_notification,6,3,False,cellular,277.1,5,45.7,True,False,browse,False,0.5817
sess_08202,usr_1618,push_notification,20,1,False,wifi,140.4,1,2.3,True,False,act,True,0.5608
sess_08203,usr_0478,push_notification,14,4,False,wifi,237.4,1,15.2,False,False,browse,True,0.6801
sess_08204,usr_0055,organic,13,6,True,wifi,187.4,1,168.0,False,True,browse,False,0.4768
sess_08205,usr_0704,organic,10,5,True,cellular,488.7,1,0.9,False,False,browse,False,0.5165
sess_08206,usr_1955,push_notification,10,2,False,cellular,173.0,4,45.8,True,False,act,True,0.8347
sess_08207,usr_1885,widget,6,0,False,cellular,161.1,1,1.9,False,False,act,True,0.6265
sess_08208,usr_1660,push_notification,19,0,False,wifi,83.6,3,1.7,False,False,act,True,0.6458
sess_08209,usr_2466,push_notification,21,5,True,wifi,65.1,2,11.8,True,False,act,True,0.8316
sess_08210,usr_1994,push_notification,21,1,False,cellular,204.4,2,30.1,False,False,act,False,0.4918
sess_08211,usr_1241,organic,17,4,False,wifi,201.6,1,10.7,False,True,browse,False,0.5341
sess_08212,usr_1478,widget,12,2,False,cellular,322.4,5,4.0,False,False,browse,False,0.5256
sess_08213,usr_1618,push_notification,19,5,True,wifi,343.1,3,27.0,False,False,browse,False,0.3521
sess_08214,usr_1240,organic,13,5,True,cellular,313.0,1,2.1,False,False,browse,True,0.6178
sess_08215,usr_0359,organic,13,2,False,wifi,311.8,1,10.5,False,False,browse,False,0.3007
sess_08216,usr_0513,push_notification,14,3,False,wifi,145.4,3,1.8,False,False,act,True,0.7726
sess_08217,usr_0554,organic,19,3,False,wifi,222.6,4,11.9,False,False,browse,False,0.2508
sess_08218,usr_0057,widget,17,6,True,wifi,274.3,2,70.2,False,False,browse,False,0.2512
sess_08219,usr_0782,push_notification,8,2,False,wifi,239.4,1,1.9,False,False,browse,False,0.349
sess_08220,usr_0459,organic,18,2,False,cellular,262.8,1,13.7,False,False,browse,False,0.5451
sess_08221,usr_0066,organic,18,1,False,wifi,142.9,2,8.9,False,False,browse,False,0.5171
sess_08222,usr_0771,widget,15,3,False,wifi,183.8,5,34.8,False,False,browse,False,0.3145
sess_08223,usr_0110,organic,8,6,True,cellular,396.7,2,3.5,False,True,browse,False,0.498
sess_08224,usr_0858,push_notification,22,1,False,wifi,100.7,1,10.7,False,False,browse,False,0.3648
sess_08225,usr_1971,organic,17,3,False,wifi,172.7,2,12.1,False,False,browse,False,0.2857
sess_08226,usr_0595,widget,20,4,False,cellular,117.4,2,21.8,False,False,act,True,0.8262
sess_08227,usr_0991,push_notification,16,6,True,wifi,140.8,3,5.3,False,False,act,True,0.796
sess_08228,usr_1785,organic,22,1,False,wifi,131.2,3,1.5,False,False,act,True,0.7988
sess_08229,usr_2207,organic,9,2,False,wifi,111.0,4,2.3,True,False,act,True,0.8063
sess_08230,usr_0782,organic,1,0,False,cellular,279.8,1,15.1,False,False,browse,False,0.3636
sess_08231,usr_0353,widget,15,5,True,wifi,104.3,2,6.4,False,False,act,True,0.821
sess_08232,usr_1233,push_notification,19,2,False,cellular,329.0,1,6.7,False,True,browse,False,0.3682
sess_08233,usr_1899,push_notification,15,0,False,cellular,63.6,2,2.4,False,False,act,False,0.5651
sess_08234,usr_0607,widget,20,3,False,wifi,192.1,2,7.6,True,False,browse,False,0.3882
sess_08235,usr_1942,organic,7,3,False,wifi,157.1,1,12.1,False,False,act,True,0.7548
sess_08236,usr_1729,widget,7,5,True,cellular,164.5,1,15.9,False,False,browse,False,0.432
sess_08237,usr_0090,organic,19,3,False,wifi,318.7,1,7.6,True,False,browse,False,0.2984
sess_08238,usr_0478,organic,9,0,False,wifi,97.4,2,17.8,False,False,act,True,0.81
sess_08239,usr_0681,push_notification,8,5,True,cellular,98.4,5,9.8,False,True,act,True,0.8865
sess_08240,usr_0625,widget,20,6,True,wifi,99.6,2,6.0,False,True,act,True,0.5942
sess_08241,usr_1824,organic,20,2,False,wifi,376.6,1,7.8,False,False,browse,True,0.5827
sess_08242,usr_1987,push_notification,19,1,False,wifi,137.9,2,168.0,False,False,act,True,0.5692
sess_08243,usr_1932,widget,15,5,True,wifi,129.6,3,8.4,False,False,act,True,0.7819
sess_08244,usr_0081,organic,15,5,True,wifi,469.3,2,67.7,True,False,browse,False,0.3446
sess_08245,usr_1842,push_notification,11,1,False,wifi,200.4,2,2.6,False,False,browse,False,0.3487
sess_08246,usr_2398,push_notification,18,5,True,cellular,130.4,2,19.6,True,True,act,True,0.7283
sess_08247,usr_0994,widget,13,1,False,wifi,139.7,3,10.9,False,False,act,True,0.6168
sess_08248,usr_0825,widget,7,0,False,cellular,363.7,1,8.9,True,False,browse,False,0.3235
sess_08249,usr_1208,push_notification,14,5,True,cellular,178.9,1,11.2,True,False,act,True,0.8008
sess_08250,usr_2333,widget,21,2,False,wifi,358.3,1,58.5,True,False,browse,True,0.6465
sess_08251,usr_1605,push_notification,1,0,False,cellular,66.8,1,11.8,True,False,act,True,0.6789
sess_08252,usr_0209,organic,13,6,True,cellular,292.0,3,137.8,True,False,browse,False,0.2392
sess_08253,usr_1368,organic,15,4,False,wifi,68.2,3,12.2,True,False,act,True,0.6079
sess_08254,usr_0033,push_notification,20,0,False,wifi,72.8,2,7.2,False,False,act,True,0.893
sess_08255,usr_0421,widget,9,3,False,wifi,226.0,3,5.4,False,False,act,True,0.8046
sess_08256,usr_1769,organic,20,0,False,wifi,332.1,1,2.5,False,False,browse,False,0.5299
sess_08257,usr_1703,push_notification,3,5,True,wifi,320.6,1,37.0,False,False,browse,False,0.3166
sess_08258,usr_2031,push_notification,19,3,False,wifi,126.6,3,16.4,True,False,act,True,0.8208
sess_08259,usr_2371,push_notification,22,2,False,cellular,117.4,5,16.9,False,True,act,True,0.8459
sess_08260,usr_2441,push_notification,17,1,False,cellular,91.8,2,99.1,True,False,act,False,0.2705
sess_08261,usr_2271,push_notification,14,0,False,wifi,152.8,3,14.9,False,False,act,False,0.504
sess_08262,usr_1192,push_notification,13,2,False,wifi,109.1,3,25.1,False,False,act,True,0.8332
sess_08263,usr_0152,widget,6,0,False,wifi,336.2,1,34.7,False,False,browse,False,0.2328
sess_08264,usr_1997,push_notification,0,2,False,wifi,76.2,2,4.0,False,False,act,True,0.6662
sess_08265,usr_1638,organic,22,6,True,wifi,177.1,1,38.6,False,False,browse,False,0.3011
sess_08266,usr_1992,widget,10,6,True,cellular,385.1,2,77.3,False,False,browse,False,0.562
sess_08267,usr_2103,widget,15,3,False,wifi,197.7,2,85.8,True,False,browse,False,0.3313
sess_08268,usr_2421,organic,12,5,True,cellular,179.0,3,20.4,True,True,browse,False,0.2632
sess_08269,usr_1999,widget,17,5,True,wifi,117.6,1,3.4,True,False,browse,False,0.2335
sess_08270,usr_0950,widget,7,3,False,wifi,80.3,3,27.4,False,True,act,True,0.8011
sess_08271,usr_0249,widget,12,4,False,wifi,128.6,4,23.9,False,False,act,True,0.7935
sess_08272,usr_2164,push_notification,13,1,False,cellular,121.0,1,13.2,True,False,browse,False,0.5366
sess_08273,usr_0078,push_notification,14,2,False,cellular,76.9,2,11.0,True,False,act,True,0.7367
sess_08274,usr_1729,organic,11,3,False,cellular,408.8,1,62.6,False,False,browse,False,0.2686
sess_08275,usr_2361,push_notification,21,5,True,wifi,86.6,2,3.7,False,False,act,False,0.4925
sess_08276,usr_1294,organic,13,4,False,wifi,328.8,1,72.3,True,False,browse,False,0.3204
sess_08277,usr_2267,organic,9,2,False,wifi,129.5,2,11.5,True,False,act,False,0.2489
sess_08278,usr_0261,push_notification,20,3,False,cellular,115.7,1,109.9,True,False,act,False,0.4737
sess_08279,usr_1098,widget,10,1,False,wifi,131.1,2,2.5,False,True,act,True,0.8532
sess_08280,usr_1709,push_notification,21,5,True,wifi,59.3,2,2.2,True,False,act,True,0.8979
sess_08281,usr_1939,push_notification,5,1,False,wifi,185.3,3,26.9,False,False,act,True,0.7869
sess_08282,usr_0479,push_notification,23,0,False,wifi,92.4,3,9.1,False,False,act,True,0.626
sess_08283,usr_2027,push_notification,19,3,False,wifi,312.9,1,19.6,False,False,browse,False,0.4625
sess_08284,usr_1421,organic,19,1,False,wifi,326.4,1,14.0,False,False,browse,False,0.5278
sess_08285,usr_1837,widget,17,1,False,wifi,256.0,1,36.5,True,False,browse,True,0.5969
sess_08286,usr_1787,push_notification,8,5,True,wifi,163.0,1,1.9,True,False,browse,True,0.8378
sess_08287,usr_0086,organic,19,6,True,cellular,272.2,1,2.1,False,False,browse,False,0.537
sess_08288,usr_0661,organic,12,5,True,cellular,336.8,2,30.7,False,False,browse,True,0.6646
sess_08289,usr_1180,organic,18,4,False,wifi,370.0,2,36.6,False,True,browse,False,0.2602
sess_08290,usr_0788,push_notification,20,3,False,cellular,125.7,2,11.2,True,True,act,False,0.2408
sess_08291,usr_1923,organic,8,6,True,wifi,232.6,1,45.1,False,True,browse,False,0.2794
sess_08292,usr_1409,push_notification,18,4,False,wifi,118.0,1,13.3,False,False,act,False,0.487
sess_08293,usr_1795,widget,8,2,False,wifi,143.2,3,41.2,False,False,act,False,0.5553
sess_08294,usr_0951,push_notification,17,3,False,wifi,326.0,5,45.2,True,False,browse,False,0.2988
sess_08295,usr_2080,organic,21,6,True,cellular,278.0,1,1.8,True,False,browse,False,0.3914
sess_08296,usr_0900,push_notification,16,4,False,wifi,138.0,3,17.2,False,False,act,False,0.4027
sess_08297,usr_2408,organic,17,1,False,cellular,259.9,1,8.6,False,False,browse,False,0.4472
sess_08298,usr_1390,organic,11,5,True,wifi,302.6,1,21.4,False,False,browse,False,0.3848
sess_08299,usr_2467,organic,16,1,False,wifi,227.3,1,44.0,True,False,browse,False,0.5028
sess_08300,usr_1919,push_notification,19,3,False,wifi,113.7,4,4.6,True,True,act,False,0.3358
sess_08301,usr_0538,widget,5,0,False,cellular,158.7,2,44.1,False,False,act,True,0.8286
sess_08302,usr_1202,organic,20,4,False,wifi,348.5,5,13.6,False,False,browse,False,0.4611
sess_08303,usr_1599,organic,17,0,False,cellular,370.9,3,1.4,True,False,browse,False,0.5679
sess_08304,usr_1708,widget,13,0,False,wifi,337.4,4,65.3,False,True,browse,False,0.2694
sess_08305,usr_1476,organic,1,3,False,cellular,325.2,3,3.0,True,False,browse,False,0.3629
sess_08306,usr_1935,organic,19,6,True,wifi,217.0,1,10.0,False,False,browse,False,0.3218
sess_08307,usr_0664,widget,8,2,False,wifi,174.5,1,15.1,False,False,act,False,0.6114
sess_08308,usr_0849,organic,8,2,False,cellular,287.5,3,11.8,False,False,browse,False,0.2946
sess_08309,usr_1157,organic,18,5,True,wifi,271.5,1,10.5,False,True,browse,False,0.4605
sess_08310,usr_0354,organic,18,2,False,wifi,296.3,2,24.0,False,False,browse,False,0.3567
sess_08311,usr_1978,organic,10,2,False,wifi,305.5,1,55.7,True,False,browse,False,0.4873
sess_08312,usr_0529,organic,19,5,True,cellular,217.3,3,16.2,True,False,browse,False,0.2723
sess_08313,usr_0710,organic,15,2,False,wifi,154.9,4,23.7,False,False,browse,False,0.2936
sess_08314,usr_0818,organic,19,4,False,wifi,303.7,1,1.0,False,False,browse,False,0.363
sess_08315,usr_0641,push_notification,7,4,False,wifi,285.6,1,14.6,False,False,browse,False,0.2524
sess_08316,usr_2482,widget,8,3,False,cellular,270.9,1,50.8,False,False,browse,False,0.514
sess_08317,usr_2016,push_notification,17,5,True,cellular,97.4,1,39.1,True,True,act,False,0.5518
sess_08318,usr_0414,organic,19,2,False,wifi,146.4,2,56.1,True,False,act,True,0.7663
sess_08319,usr_1704,widget,7,2,False,cellular,114.9,2,3.6,False,False,act,True,0.8189
sess_08320,usr_2023,organic,12,6,True,wifi,169.5,2,58.8,True,False,browse,True,0.6128
sess_08321,usr_1244,widget,13,4,False,cellular,329.1,1,26.4,False,False,browse,False,0.3836
sess_08322,usr_0962,push_notification,15,5,True,wifi,91.7,1,3.1,True,True,act,True,0.7538
sess_08323,usr_0858,push_notification,14,6,True,wifi,305.0,1,113.4,True,False,browse,False,0.496
sess_08324,usr_2281,push_notification,13,2,False,wifi,356.1,2,168.0,False,False,browse,False,0.2304
sess_08325,usr_0193,widget,19,0,False,wifi,215.6,1,149.9,False,False,browse,False,0.5411
sess_08326,usr_0075,organic,14,3,False,wifi,359.8,1,11.5,True,False,browse,False,0.3144
sess_08327,usr_1470,organic,12,5,True,cellular,556.9,1,8.3,False,False,browse,False,0.365
sess_08328,usr_1069,organic,3,1,False,cellular,274.1,1,19.0,False,False,browse,False,0.5487
sess_08329,usr_1463,organic,18,3,False,cellular,149.3,2,2.1,False,False,browse,False,0.4441
sess_08330,usr_0650,organic,7,0,False,wifi,461.9,1,19.4,True,False,browse,False,0.5202
sess_08331,usr_0716,push_notification,11,5,True,wifi,358.9,1,37.9,False,False,browse,False,0.5202
sess_08332,usr_2063,organic,1,6,True,wifi,137.6,2,2.7,True,False,browse,False,0.5632
sess_08333,usr_0131,organic,12,6,True,wifi,177.9,1,3.8,False,False,browse,False,0.327
sess_08334,usr_0261,push_notification,17,3,False,cellular,55.1,1,12.2,False,True,act,True,0.6287
sess_08335,usr_1384,organic,8,5,True,wifi,271.2,5,1.1,False,False,browse,False,0.4977
sess_08336,usr_1764,push_notification,8,0,False,wifi,126.1,3,32.1,True,False,act,True,0.8563
sess_08337,usr_0467,push_notification,22,1,False,wifi,125.1,3,28.8,False,False,act,False,0.5039
sess_08338,usr_0929,push_notification,18,4,False,wifi,143.1,3,13.4,False,False,act,False,0.5841
sess_08339,usr_0495,push_notification,22,5,True,wifi,132.4,2,24.5,True,False,browse,False,0.439
sess_08340,usr_2302,push_notification,16,1,False,cellular,112.1,2,35.6,True,False,act,True,0.8119
sess_08341,usr_0918,push_notification,22,0,False,wifi,272.0,1,9.7,False,True,browse,False,0.3056
sess_08342,usr_1993,organic,20,5,True,wifi,289.2,5,0.5,True,False,browse,False,0.4537
sess_08343,usr_1057,widget,19,3,False,wifi,332.7,2,71.6,False,True,browse,False,0.2462
sess_08344,usr_1394,push_notification,3,5,True,cellular,146.5,1,0.4,False,False,browse,True,0.8828
sess_08345,usr_1456,push_notification,14,3,False,wifi,149.8,2,16.2,True,False,act,False,0.4798
sess_08346,usr_0192,organic,8,6,True,wifi,192.3,2,9.5,False,False,browse,True,0.6576
sess_08347,usr_2282,organic,20,4,False,wifi,323.3,1,0.6,True,False,browse,False,0.5168
sess_08348,usr_1096,push_notification,13,5,True,wifi,128.4,3,10.1,False,False,act,True,0.7471
sess_08349,usr_0620,organic,22,6,True,wifi,260.1,3,15.5,True,True,browse,False,0.5459
sess_08350,usr_2112,push_notification,13,2,False,cellular,208.9,3,1.2,False,False,act,True,0.8054
sess_08351,usr_2476,push_notification,13,0,False,wifi,382.3,2,18.0,True,True,browse,False,0.3185
sess_08352,usr_0427,organic,14,6,True,wifi,228.6,1,10.8,False,False,browse,False,0.2832
sess_08353,usr_0207,organic,19,1,False,cellular,393.6,1,133.0,False,False,browse,False,0.3378
sess_08354,usr_1794,organic,19,2,False,wifi,273.4,1,19.1,False,False,browse,False,0.3758
sess_08355,usr_1873,push_notification,14,4,False,wifi,184.2,2,5.1,False,False,browse,True,0.8154
sess_08356,usr_0455,push_notification,12,6,True,wifi,247.9,2,6.1,False,False,browse,True,0.6022
sess_08357,usr_0434,push_notification,17,1,False,wifi,110.6,3,26.7,True,False,act,True,0.8468
sess_08358,usr_2498,organic,9,1,False,wifi,200.7,2,3.2,False,True,act,True,0.5755
sess_08359,usr_0418,organic,4,3,False,wifi,128.2,2,20.7,False,False,act,False,0.4512
sess_08360,usr_2304,widget,15,4,False,wifi,103.5,5,16.3,False,False,act,True,0.8447
sess_08361,usr_0172,push_notification,17,3,False,cellular,39.3,2,7.3,False,True,act,True,0.8963
sess_08362,usr_2078,push_notification,18,1,False,cellular,189.8,2,14.7,False,False,act,True,0.8721
sess_08363,usr_0432,push_notification,22,4,False,wifi,159.5,3,2.0,True,False,act,True,0.899
sess_08364,usr_0685,organic,17,6,True,wifi,379.9,1,168.0,True,False,browse,False,0.4495
sess_08365,usr_0484,widget,20,2,False,wifi,151.5,2,20.6,False,False,act,True,0.6491
sess_08366,usr_0842,organic,13,6,True,cellular,335.7,1,47.4,False,False,browse,True,0.6086
sess_08367,usr_1482,push_notification,13,5,True,wifi,412.7,1,4.6,False,False,browse,False,0.3592
sess_08368,usr_0644,organic,20,1,False,cellular,218.5,1,6.7,True,False,browse,False,0.482
sess_08369,usr_1197,widget,2,6,True,cellular,215.0,2,18.1,True,False,browse,False,0.308
sess_08370,usr_1809,push_notification,16,4,False,wifi,118.6,1,49.9,True,True,act,True,0.8287
sess_08371,usr_2073,push_notification,18,4,False,cellular,122.8,3,13.8,False,False,act,True,0.5811
sess_08372,usr_2042,push_notification,14,2,False,wifi,127.7,2,5.6,True,False,act,True,0.8035
sess_08373,usr_0407,push_notification,13,5,True,wifi,104.8,3,158.8,False,False,act,True,0.822
sess_08374,usr_0632,push_notification,7,6,True,wifi,143.5,1,11.5,True,False,act,True,0.7728
sess_08375,usr_1490,organic,5,2,False,wifi,239.3,1,2.2,True,False,browse,False,0.4543
sess_08376,usr_1371,push_notification,3,1,False,wifi,140.3,2,4.3,False,True,act,True,0.574
sess_08377,usr_0565,organic,12,2,False,cellular,404.7,1,4.6,True,False,browse,False,0.2936
sess_08378,usr_0504,push_notification,14,4,False,cellular,60.3,3,1.6,False,False,act,True,0.6018
sess_08379,usr_0827,organic,8,4,False,wifi,156.0,1,10.5,True,False,browse,True,0.8058
sess_08380,usr_1799,organic,18,3,False,cellular,148.6,1,20.7,False,False,browse,True,0.887
sess_08381,usr_1703,organic,20,5,True,wifi,268.6,1,1.7,False,False,browse,True,0.6272
sess_08382,usr_0027,organic,16,0,False,wifi,283.7,3,4.2,False,True,browse,False,0.5384
sess_08383,usr_1005,organic,6,5,True,cellular,285.4,2,10.6,False,False,browse,False,0.5797
sess_08384,usr_1941,widget,0,1,False,cellular,10.0,2,8.3,True,False,act,True,0.6813
sess_08385,usr_1399,widget,7,0,False,wifi,168.9,1,21.6,False,False,browse,False,0.5529
sess_08386,usr_1175,push_notification,13,1,False,cellular,282.5,1,45.8,False,False,browse,False,0.481
sess_08387,usr_2069,organic,20,5,True,wifi,453.8,1,19.1,True,False,browse,False,0.2861
sess_08388,usr_0702,organic,20,3,False,wifi,370.5,3,2.8,False,False,browse,False,0.512
sess_08389,usr_0350,organic,13,5,True,wifi,243.0,3,3.2,True,False,browse,False,0.5447
sess_08390,usr_1090,widget,8,3,False,wifi,454.0,2,4.5,False,False,browse,False,0.4469
sess_08391,usr_1526,push_notification,16,3,False,cellular,228.3,1,12.2,False,False,browse,False,0.2763
sess_08392,usr_1700,organic,9,2,False,cellular,301.3,1,1.7,False,False,browse,True,0.7654
sess_08393,usr_1478,organic,20,5,True,wifi,252.2,1,14.5,False,False,browse,False,0.2347
sess_08394,usr_1006,organic,15,3,False,wifi,233.2,3,20.4,False,False,browse,False,0.4521
sess_08395,usr_0621,organic,14,2,False,cellular,75.8,3,4.4,True,False,act,True,0.8089
sess_08396,usr_2170,widget,14,1,False,cellular,92.7,3,18.1,False,False,act,True,0.6388
sess_08397,usr_1728,organic,7,1,False,cellular,251.6,1,3.0,True,False,browse,False,0.3565
sess_08398,usr_0935,push_notification,22,6,True,wifi,81.8,2,11.6,False,True,act,True,0.7954
sess_08399,usr_0566,push_notification,19,5,True,cellular,325.0,1,77.1,False,False,browse,False,0.324
sess_08400,usr_1757,organic,16,6,True,wifi,239.0,3,3.0,True,False,browse,False,0.2761
sess_08401,usr_1694,push_notification,16,3,False,wifi,114.4,4,41.4,True,False,act,True,0.9071
sess_08402,usr_1677,organic,18,4,False,wifi,327.8,1,106.1,True,False,browse,False,0.5255
sess_08403,usr_1880,organic,19,0,False,wifi,299.5,3,28.0,False,False,browse,False,0.2594
sess_08404,usr_2115,widget,0,4,False,wifi,227.7,1,3.0,False,True,browse,False,0.4837
sess_08405,usr_1482,push_notification,21,3,False,cellular,121.3,2,33.7,True,False,act,True,0.6761
sess_08406,usr_0122,organic,19,0,False,wifi,172.1,1,9.2,True,False,act,True,0.8176
sess_08407,usr_1813,organic,18,0,False,wifi,351.5,1,81.3,False,False,browse,True,0.6268
sess_08408,usr_0597,organic,15,5,True,cellular,185.3,1,9.7,False,False,browse,False,0.4864
sess_08409,usr_0041,push_notification,8,5,True,cellular,218.0,1,2.6,False,False,browse,False,0.2948
sess_08410,usr_2120,organic,13,2,False,wifi,186.5,4,13.0,True,False,browse,False,0.503
sess_08411,usr_0286,widget,0,4,False,wifi,352.9,2,4.4,False,False,browse,True,0.8303
sess_08412,usr_0348,push_notification,12,5,True,cellular,10.0,3,10.7,True,False,act,True,0.7562
sess_08413,usr_1386,organic,21,3,False,cellular,164.0,3,44.4,True,True,browse,False,0.2193
sess_08414,usr_1290,organic,13,2,False,cellular,255.1,1,12.7,False,True,browse,False,0.4252
sess_08415,usr_1646,organic,11,6,True,cellular,393.1,2,87.3,False,False,browse,False,0.3913
sess_08416,usr_0674,push_notification,21,0,False,wifi,98.4,3,3.8,True,False,act,False,0.589
sess_08417,usr_1778,push_notification,5,3,False,cellular,282.6,3,6.4,False,False,browse,False,0.5812
sess_08418,usr_0252,widget,17,5,True,wifi,37.0,3,32.9,False,False,act,True,0.5934
sess_08419,usr_1611,organic,13,3,False,wifi,119.5,3,16.6,False,False,browse,False,0.2712
sess_08420,usr_0152,push_notification,12,5,True,cellular,201.4,1,1.4,False,False,browse,False,0.5424
sess_08421,usr_0619,widget,16,6,True,cellular,212.7,1,46.4,True,False,browse,False,0.5124
sess_08422,usr_2354,push_notification,0,1,False,wifi,166.5,2,13.9,False,False,act,False,0.4959
sess_08423,usr_0237,push_notification,23,0,False,wifi,53.7,2,6.8,False,False,act,False,0.3989
sess_08424,usr_2130,push_notification,14,6,True,wifi,149.0,3,27.8,False,False,act,False,0.3641
sess_08425,usr_1212,push_notification,17,2,False,cellular,409.5,1,60.2,False,False,browse,True,0.7213
sess_08426,usr_1718,push_notification,17,4,False,wifi,106.8,1,37.9,False,False,browse,False,0.3078
sess_08427,usr_1647,widget,23,1,False,wifi,38.9,3,2.4,True,False,act,True,0.8649
sess_08428,usr_2268,organic,9,3,False,wifi,370.8,1,88.4,True,False,browse,False,0.2384
sess_08429,usr_1247,push_notification,12,2,False,wifi,139.8,1,11.3,False,False,act,False,0.5075
sess_08430,usr_1285,organic,21,0,False,wifi,96.9,2,2.6,False,False,act,False,0.3558
sess_08431,usr_1410,widget,22,3,False,wifi,131.2,3,3.2,False,False,act,True,0.8253
sess_08432,usr_0033,push_notification,11,1,False,cellular,164.4,1,16.4,False,False,browse,False,0.5166
sess_08433,usr_1146,push_notification,22,6,True,cellular,244.8,4,8.0,False,False,browse,False,0.3178
sess_08434,usr_2162,organic,17,6,True,wifi,353.5,1,74.6,True,False,browse,True,0.6947
sess_08435,usr_0602,widget,18,4,False,wifi,186.6,2,112.2,False,True,browse,False,0.2325
sess_08436,usr_1655,organic,19,4,False,wifi,96.4,1,2.4,True,False,act,True,0.7975
sess_08437,usr_1828,push_notification,12,0,False,wifi,198.4,3,92.0,False,False,act,False,0.5101
sess_08438,usr_0841,push_notification,13,3,False,wifi,276.9,2,63.2,False,False,browse,False,0.325
sess_08439,usr_2230,widget,6,0,False,wifi,63.8,1,69.0,False,False,browse,False,0.5123
sess_08440,usr_1812,widget,17,2,False,wifi,126.0,3,6.6,False,False,act,True,0.8263
sess_08441,usr_1415,organic,19,2,False,wifi,243.8,4,5.7,True,False,browse,False,0.2725
sess_08442,usr_1657,organic,2,1,False,wifi,405.4,1,69.4,False,False,browse,False,0.3408
sess_08443,usr_0809,organic,12,0,False,cellular,402.9,1,17.5,True,False,browse,False,0.5467
sess_08444,usr_1236,push_notification,13,5,True,wifi,132.4,3,8.8,True,False,act,True,0.7263
sess_08445,usr_0346,widget,12,5,True,wifi,318.6,1,8.6,True,False,browse,False,0.5557
sess_08446,usr_0152,push_notification,16,3,False,wifi,97.6,2,5.2,False,True,act,True,0.647
sess_08447,usr_2202,organic,9,1,False,wifi,264.0,1,5.1,False,True,browse,False,0.4995
sess_08448,usr_1371,push_notification,18,0,False,cellular,179.4,1,9.6,False,False,act,True,0.6266
sess_08449,usr_1598,organic,18,0,False,wifi,113.5,3,16.3,False,False,act,False,0.3549
sess_08450,usr_0517,widget,21,2,False,cellular,75.4,2,12.9,False,False,act,True,0.6019
sess_08451,usr_2132,organic,16,1,False,wifi,94.6,3,3.8,True,False,act,True,0.5833
sess_08452,usr_2216,push_notification,7,6,True,cellular,180.1,2,153.3,True,False,act,True,0.902
sess_08453,usr_1163,organic,13,5,True,cellular,267.4,3,3.9,True,False,browse,False,0.2984
sess_08454,usr_0876,organic,9,6,True,cellular,249.2,1,20.0,False,False,browse,False,0.476
sess_08455,usr_0381,push_notification,22,3,False,cellular,440.1,4,8.6,False,False,browse,True,0.8511
sess_08456,usr_2096,push_notification,20,1,False,cellular,106.4,2,66.5,False,False,act,True,0.7462
sess_08457,usr_2261,push_notification,17,2,False,cellular,133.9,2,9.1,True,False,act,True,0.8045
sess_08458,usr_1279,push_notification,6,6,True,cellular,326.3,1,90.9,False,False,browse,False,0.4625
sess_08459,usr_2136,organic,20,4,False,cellular,93.0,1,21.7,True,False,act,True,0.831
sess_08460,usr_1396,organic,21,5,True,wifi,239.1,4,33.6,False,False,act,True,0.8848
sess_08461,usr_0656,organic,21,3,False,wifi,294.1,2,4.4,False,False,browse,False,0.5422
sess_08462,usr_0096,organic,13,0,False,wifi,206.3,1,17.4,False,False,browse,False,0.3665
sess_08463,usr_0115,organic,4,0,False,wifi,279.1,3,5.5,False,False,browse,False,0.446
sess_08464,usr_2212,organic,8,3,False,wifi,271.0,2,1.4,True,True,browse,False,0.3322
sess_08465,usr_2427,push_notification,18,3,False,wifi,98.1,1,25.4,False,False,act,True,0.6106
sess_08466,usr_1060,organic,10,1,False,cellular,92.8,2,15.0,False,False,act,True,0.624
sess_08467,usr_0989,widget,9,6,True,wifi,69.0,2,3.5,True,True,act,True,0.8659
sess_08468,usr_1245,push_notification,13,4,False,wifi,10.0,2,2.2,False,False,act,True,0.8358
sess_08469,usr_1732,push_notification,20,2,False,wifi,111.1,2,10.4,False,False,act,False,0.3594
sess_08470,usr_2070,organic,17,2,False,wifi,96.3,2,8.4,False,False,act,True,0.8239
sess_08471,usr_0453,push_notification,15,2,False,cellular,388.7,1,19.3,True,True,browse,False,0.4252
sess_08472,usr_0246,organic,7,6,True,wifi,315.0,1,4.9,False,True,browse,False,0.4968
sess_08473,usr_1528,push_notification,14,0,False,wifi,71.6,2,1.4,False,False,act,True,0.8763
sess_08474,usr_1064,organic,12,6,True,cellular,146.8,3,6.9,False,False,act,False,0.5258
sess_08475,usr_2079,widget,1,6,True,cellular,386.1,2,168.0,False,True,browse,False,0.479
sess_08476,usr_1452,push_notification,18,2,False,wifi,151.8,3,5.9,True,False,act,True,0.8001
sess_08477,usr_0508,widget,18,2,False,cellular,135.7,2,7.2,False,False,act,True,0.8267
sess_08478,usr_0196,organic,15,2,False,wifi,226.6,1,1.1,False,False,browse,False,0.46
sess_08479,usr_0511,organic,12,5,True,wifi,380.2,1,86.6,False,False,browse,False,0.3237
sess_08480,usr_1839,widget,14,6,True,wifi,402.9,2,12.2,True,False,browse,True,0.6417
sess_08481,usr_1221,organic,18,5,True,wifi,294.1,1,12.5,True,False,browse,False,0.3845
sess_08482,usr_2345,organic,23,6,True,cellular,232.7,1,10.7,False,False,browse,True,0.7699
sess_08483,usr_0022,push_notification,5,6,True,wifi,111.8,2,45.3,False,False,act,True,0.6198
sess_08484,usr_1857,push_notification,20,1,False,wifi,228.2,5,20.8,False,False,browse,False,0.2352
sess_08485,usr_1389,organic,18,4,False,wifi,430.1,1,20.8,True,True,browse,False,0.5473
sess_08486,usr_0968,organic,19,4,False,cellular,192.4,1,3.4,True,False,browse,False,0.5872
sess_08487,usr_2383,organic,20,4,False,cellular,327.9,1,16.7,True,False,browse,False,0.2967
sess_08488,usr_2317,organic,16,3,False,wifi,353.2,3,5.4,True,False,browse,True,0.6709
sess_08489,usr_2185,organic,18,0,False,wifi,308.4,1,23.3,False,False,browse,False,0.3421
sess_08490,usr_2440,organic,7,3,False,cellular,180.1,2,33.0,True,False,act,True,0.7591
sess_08491,usr_0958,widget,8,3,False,cellular,83.1,2,124.0,False,False,act,False,0.5684
sess_08492,usr_1435,push_notification,9,5,True,cellular,259.0,4,48.3,False,True,browse,True,0.8555
sess_08493,usr_1226,push_notification,5,5,True,wifi,42.7,2,8.9,False,False,act,True,0.6488
sess_08494,usr_1166,push_notification,15,2,False,cellular,138.7,4,39.4,True,False,act,True,0.6183
sess_08495,usr_2347,organic,7,5,True,cellular,262.0,1,15.5,True,False,browse,False,0.4954
sess_08496,usr_0574,organic,17,1,False,wifi,329.4,4,20.8,False,False,browse,False,0.3707
sess_08497,usr_1547,organic,18,3,False,wifi,143.0,1,10.6,False,False,browse,False,0.4892
sess_08498,usr_2129,widget,13,0,False,wifi,315.9,2,11.8,False,True,browse,True,0.835
sess_08499,usr_1015,push_notification,6,6,True,wifi,127.2,2,13.7,True,False,act,True,0.6114
sess_08500,usr_0432,push_notification,16,5,True,cellular,303.2,1,38.8,False,True,browse,False,0.3739
sess_08501,usr_1343,organic,11,4,False,wifi,92.3,2,29.5,True,False,act,True,0.6579
sess_08502,usr_2116,organic,21,6,True,cellular,93.8,3,8.6,False,False,act,True,0.8919
sess_08503,usr_2386,organic,5,2,False,cellular,92.4,4,45.8,False,False,act,True,0.8554
sess_08504,usr_0789,push_notification,8,5,True,wifi,130.0,1,24.5,False,False,act,True,0.82
sess_08505,usr_1480,widget,9,0,False,wifi,125.6,2,6.5,False,False,act,True,0.6259
sess_08506,usr_1861,organic,20,6,True,wifi,141.5,2,12.5,False,False,act,True,0.6973
sess_08507,usr_0402,push_notification,12,0,False,wifi,144.9,3,36.2,True,False,act,False,0.3875
sess_08508,usr_0601,push_notification,19,3,False,cellular,119.3,5,2.8,True,False,act,True,0.6635
sess_08509,usr_1744,push_notification,10,1,False,wifi,99.1,3,2.1,False,False,act,True,0.8841
sess_08510,usr_1688,organic,7,4,False,wifi,200.8,5,11.3,False,False,browse,False,0.5662
sess_08511,usr_0336,widget,8,4,False,wifi,113.3,2,8.3,False,False,act,False,0.3293
sess_08512,usr_0378,push_notification,8,4,False,cellular,138.1,3,0.9,False,False,act,True,0.6635
sess_08513,usr_0255,organic,17,4,False,wifi,356.8,1,2.3,True,False,browse,False,0.3074
sess_08514,usr_1741,organic,16,4,False,wifi,315.2,1,99.5,True,True,browse,False,0.3396
sess_08515,usr_0533,push_notification,6,3,False,wifi,117.3,3,168.0,True,False,act,True,0.8904
sess_08516,usr_1951,organic,20,0,False,wifi,223.6,1,62.7,True,False,browse,False,0.5319
sess_08517,usr_0880,push_notification,16,3,False,wifi,144.5,4,7.0,False,False,act,False,0.3064
sess_08518,usr_1828,organic,17,4,False,wifi,186.7,1,65.4,False,False,browse,False,0.3544
sess_08519,usr_0320,organic,20,4,False,wifi,280.9,5,38.4,True,True,browse,False,0.3965
sess_08520,usr_1513,organic,21,2,False,cellular,298.0,2,8.4,True,False,browse,False,0.5444
sess_08521,usr_2156,widget,9,4,False,cellular,315.4,1,17.7,True,False,browse,False,0.3777
sess_08522,usr_1650,widget,15,2,False,wifi,319.3,2,14.2,False,False,browse,False,0.4952
sess_08523,usr_2410,organic,18,5,True,wifi,483.2,3,65.7,False,True,browse,False,0.523
sess_08524,usr_2290,push_notification,8,2,False,cellular,102.8,3,22.4,True,True,act,True,0.849
sess_08525,usr_2126,organic,12,1,False,wifi,291.6,2,7.7,False,False,browse,False,0.2808
sess_08526,usr_1618,organic,11,0,False,cellular,139.0,2,23.9,False,False,act,True,0.6471
sess_08527,usr_1081,organic,20,1,False,wifi,165.7,1,19.7,False,False,browse,False,0.3623
sess_08528,usr_2394,organic,11,1,False,wifi,137.5,3,8.1,False,True,act,True,0.7699
sess_08529,usr_2044,organic,8,5,True,wifi,277.9,3,20.3,False,False,browse,False,0.2259
sess_08530,usr_1735,organic,18,3,False,wifi,126.9,3,6.6,True,False,act,True,0.6632
sess_08531,usr_1803,push_notification,14,5,True,wifi,206.3,3,3.1,True,False,act,True,0.8411
sess_08532,usr_2006,push_notification,14,0,False,cellular,171.6,2,1.8,False,False,act,True,0.8476
sess_08533,usr_1708,push_notification,13,1,False,wifi,152.1,3,168.0,False,False,act,False,0.4767
sess_08534,usr_0668,push_notification,12,5,True,cellular,35.0,1,2.0,False,False,act,True,0.6571
sess_08535,usr_0592,organic,18,4,False,cellular,223.9,3,76.1,True,False,browse,False,0.3739
sess_08536,usr_2072,organic,13,5,True,wifi,240.4,1,19.3,False,False,browse,False,0.5191
sess_08537,usr_0521,organic,10,4,False,cellular,147.7,2,7.0,False,False,act,True,0.7872
sess_08538,usr_1986,organic,20,2,False,cellular,164.0,2,6.8,False,True,act,True,0.7673
sess_08539,usr_1875,widget,16,3,False,wifi,389.3,1,7.1,True,False,browse,False,0.4833
sess_08540,usr_0530,widget,14,4,False,wifi,70.2,5,48.7,False,False,act,True,0.8548
sess_08541,usr_2103,push_notification,21,4,False,cellular,346.5,1,168.0,False,False,browse,False,0.4987
sess_08542,usr_2168,organic,23,3,False,wifi,265.5,1,17.5,True,True,browse,False,0.5903
sess_08543,usr_0484,push_notification,0,0,False,cellular,169.3,2,168.0,True,True,act,True,0.7632
sess_08544,usr_0871,organic,13,0,False,cellular,232.1,1,25.3,True,False,browse,False,0.5579
sess_08545,usr_1866,widget,19,3,False,wifi,169.5,1,10.9,False,False,browse,False,0.5628
sess_08546,usr_1939,push_notification,20,4,False,wifi,128.0,2,58.2,False,True,act,True,0.7877
sess_08547,usr_0134,organic,8,4,False,cellular,133.1,3,5.7,False,True,act,True,0.7533
sess_08548,usr_0643,organic,10,5,True,cellular,235.5,1,43.6,True,False,browse,False,0.316
sess_08549,usr_2290,push_notification,5,0,False,wifi,170.8,2,62.1,False,True,act,True,0.7837
sess_08550,usr_1513,widget,21,0,False,cellular,223.9,2,39.4,True,False,browse,False,0.5236
sess_08551,usr_0487,widget,19,3,False,wifi,338.3,1,2.2,False,False,browse,False,0.3431
sess_08552,usr_2465,widget,20,3,False,wifi,111.3,1,12.7,False,False,act,False,0.4821
sess_08553,usr_1674,widget,16,2,False,cellular,195.5,2,55.2,True,False,browse,False,0.3133
sess_08554,usr_0452,push_notification,19,3,False,wifi,141.8,5,5.0,True,True,act,True,0.7942
sess_08555,usr_0496,organic,10,2,False,wifi,353.3,1,10.3,False,False,browse,False,0.3483
sess_08556,usr_1514,organic,8,4,False,wifi,152.7,3,1.1,False,False,browse,False,0.3178
sess_08557,usr_2342,widget,16,2,False,wifi,163.0,2,8.4,True,True,act,True,0.7981
sess_08558,usr_1187,organic,8,3,False,wifi,167.4,2,18.1,True,False,act,True,0.812
sess_08559,usr_0165,organic,20,2,False,cellular,382.5,4,3.0,False,False,browse,False,0.5354
sess_08560,usr_2142,push_notification,8,1,False,wifi,90.3,3,129.0,False,False,act,True,0.5393
sess_08561,usr_0628,organic,21,5,True,cellular,243.5,1,11.9,True,False,browse,False,0.306
sess_08562,usr_0483,organic,20,3,False,wifi,369.5,2,50.4,True,False,browse,False,0.3983
sess_08563,usr_1522,push_notification,9,3,False,wifi,282.3,2,77.3,False,False,browse,True,0.8557
sess_08564,usr_1249,widget,10,1,False,cellular,111.8,1,12.9,False,False,browse,False,0.3062
sess_08565,usr_1534,widget,5,2,False,wifi,186.4,2,22.2,False,False,browse,False,0.5287
sess_08566,usr_1243,push_notification,16,3,False,cellular,129.9,5,13.7,True,False,act,False,0.5564
sess_08567,usr_1205,push_notification,17,5,True,wifi,74.2,1,10.0,False,False,act,True,0.8481
sess_08568,usr_1991,organic,17,3,False,wifi,254.6,4,3.7,False,False,browse,False,0.4962
sess_08569,usr_0115,widget,2,3,False,cellular,165.8,1,15.8,False,False,act,False,0.2579
sess_08570,usr_0586,widget,17,0,False,cellular,126.2,4,35.2,True,False,act,False,0.5
sess_08571,usr_0583,organic,14,0,False,wifi,47.6,2,36.6,False,False,act,True,0.61
sess_08572,usr_2416,organic,15,4,False,wifi,231.4,1,13.5,False,False,browse,False,0.245
sess_08573,usr_1728,push_notification,20,1,False,cellular,157.4,1,4.5,True,False,act,True,0.7845
sess_08574,usr_0200,push_notification,11,5,True,wifi,121.1,3,168.0,False,False,act,True,0.8571
sess_08575,usr_1250,push_notification,19,5,True,wifi,125.5,2,44.9,False,False,act,False,0.493
sess_08576,usr_1162,organic,19,1,False,wifi,269.0,1,7.6,True,False,browse,True,0.5465
sess_08577,usr_0884,push_notification,12,1,False,cellular,363.4,2,3.2,False,False,browse,False,0.256
sess_08578,usr_0750,organic,5,5,True,wifi,111.0,2,40.2,False,False,act,True,0.8909
sess_08579,usr_2003,widget,7,1,False,wifi,43.7,2,21.1,True,True,act,True,0.84
sess_08580,usr_0009,widget,13,4,False,wifi,149.5,5,11.6,False,True,act,False,0.3693
sess_08581,usr_0502,push_notification,22,4,False,cellular,79.6,2,47.0,False,True,act,True,0.8164
sess_08582,usr_2243,push_notification,13,5,True,cellular,282.0,1,7.6,False,False,browse,False,0.3561
sess_08583,usr_1429,push_notification,23,0,False,wifi,127.6,3,3.4,False,False,act,True,0.9013
sess_08584,usr_0277,organic,15,0,False,wifi,351.0,1,83.0,True,False,browse,False,0.3206
sess_08585,usr_0184,widget,20,4,False,wifi,144.2,3,19.4,False,False,act,True,0.6385
sess_08586,usr_1711,widget,6,3,False,cellular,146.1,3,19.0,False,True,act,False,0.5176
sess_08587,usr_1971,organic,8,6,True,wifi,162.3,2,13.4,False,False,browse,True,0.8158
sess_08588,usr_2348,widget,21,1,False,cellular,158.4,2,0.7,False,False,act,True,0.8589
sess_08589,usr_1269,organic,8,6,True,wifi,125.9,1,9.4,False,False,browse,False,0.4395
sess_08590,usr_2318,push_notification,17,6,True,wifi,85.5,4,35.6,True,False,act,True,0.5967
sess_08591,usr_1853,push_notification,18,3,False,wifi,256.6,2,8.2,False,False,browse,False,0.4778
sess_08592,usr_1384,organic,7,6,True,wifi,261.7,2,4.1,True,False,browse,False,0.5735
sess_08593,usr_1546,push_notification,18,2,False,cellular,99.3,2,56.9,False,False,act,True,0.8548
sess_08594,usr_1947,organic,8,2,False,wifi,85.9,2,16.5,True,False,browse,True,0.5545
sess_08595,usr_2481,organic,14,6,True,cellular,252.0,1,52.9,True,False,browse,True,0.7381
sess_08596,usr_0544,push_notification,17,4,False,cellular,24.8,2,16.7,True,False,act,True,0.8493
sess_08597,usr_0568,organic,8,5,True,wifi,266.2,3,168.0,False,False,browse,False,0.4405
sess_08598,usr_2068,push_notification,9,2,False,wifi,294.3,4,5.3,False,False,browse,True,0.7688
sess_08599,usr_1888,push_notification,9,4,False,wifi,164.1,2,9.8,True,False,act,False,0.5117
sess_08600,usr_1843,push_notification,12,6,True,wifi,101.2,3,21.9,False,False,act,True,0.9081
sess_08601,usr_1840,organic,13,6,True,wifi,76.0,3,23.4,False,False,act,True,0.8235
sess_08602,usr_0611,organic,18,5,True,wifi,410.9,4,8.2,False,False,browse,False,0.4886
sess_08603,usr_1333,organic,17,0,False,wifi,277.6,1,168.0,True,False,browse,False,0.2997
sess_08604,usr_0366,organic,20,5,True,wifi,204.6,4,6.2,False,True,browse,True,0.6382
sess_08605,usr_1678,push_notification,17,1,False,cellular,107.4,1,1.9,True,False,act,True,0.8592
sess_08606,usr_1587,organic,9,0,False,wifi,133.1,1,28.4,True,False,browse,False,0.2778
sess_08607,usr_0954,organic,14,0,False,wifi,188.0,2,8.7,False,False,browse,False,0.4365
sess_08608,usr_1620,widget,17,6,True,wifi,48.6,1,3.7,True,False,act,True,0.7755
sess_08609,usr_1389,organic,21,5,True,cellular,67.8,2,13.1,False,True,act,True,0.8077
sess_08610,usr_2216,widget,14,4,False,wifi,117.1,2,107.3,True,False,act,True,0.7872
sess_08611,usr_0188,push_notification,5,6,True,cellular,203.4,1,21.4,True,False,browse,True,0.6796
sess_08612,usr_1815,organic,13,1,False,wifi,265.7,5,22.3,True,False,browse,False,0.2304
sess_08613,usr_1137,widget,14,0,False,wifi,118.3,3,51.2,False,False,act,True,0.843
sess_08614,usr_0363,push_notification,20,5,True,wifi,77.9,2,37.0,True,False,act,True,0.8218
sess_08615,usr_0679,organic,11,4,False,wifi,75.4,1,14.3,False,False,act,True,0.617
sess_08616,usr_0102,organic,11,4,False,cellular,223.3,2,10.4,False,False,browse,True,0.7344
sess_08617,usr_2343,push_notification,21,3,False,cellular,101.4,4,46.6,True,False,act,True,0.8114
sess_08618,usr_1266,push_notification,8,2,False,wifi,74.5,1,22.3,False,False,act,True,0.623
sess_08619,usr_2299,push_notification,9,1,False,wifi,155.0,2,1.3,True,False,act,True,0.8502
sess_08620,usr_0508,organic,23,6,True,wifi,203.7,4,23.1,False,False,browse,False,0.3581
sess_08621,usr_2292,widget,13,1,False,wifi,122.2,3,11.4,False,False,act,True,0.5811
sess_08622,usr_0349,push_notification,14,6,True,wifi,168.4,2,2.2,False,False,act,True,0.7496
sess_08623,usr_0789,organic,13,2,False,cellular,221.4,1,7.0,False,False,browse,False,0.5002
sess_08624,usr_2220,widget,19,3,False,cellular,247.6,2,25.1,False,False,browse,True,0.8165
sess_08625,usr_2363,widget,20,0,False,wifi,412.4,1,11.1,False,False,browse,False,0.5193
sess_08626,usr_0217,widget,8,2,False,wifi,129.8,2,22.9,True,False,act,False,0.2765
sess_08627,usr_2336,organic,19,2,False,cellular,381.6,3,5.6,False,False,browse,False,0.5331
sess_08628,usr_2138,organic,11,4,False,wifi,376.4,1,16.8,False,False,browse,False,0.2853
sess_08629,usr_0776,organic,7,4,False,cellular,287.8,1,7.9,False,False,browse,False,0.4487
sess_08630,usr_1950,push_notification,6,5,True,wifi,273.2,1,7.0,False,True,browse,False,0.385
sess_08631,usr_2059,organic,6,3,False,wifi,251.5,2,5.5,False,False,browse,False,0.5185
sess_08632,usr_0077,organic,2,3,False,wifi,316.3,4,0.9,True,False,browse,False,0.3182
sess_08633,usr_0493,organic,7,0,False,wifi,411.5,1,9.9,False,False,browse,False,0.4286
sess_08634,usr_2179,push_notification,4,3,False,wifi,99.4,3,19.1,False,False,act,False,0.6139
sess_08635,usr_0737,organic,13,2,False,cellular,238.9,1,56.6,False,True,browse,False,0.5468
sess_08636,usr_0078,organic,19,3,False,wifi,395.9,2,5.5,False,False,browse,False,0.319
sess_08637,usr_1127,push_notification,12,5,True,cellular,51.5,2,3.0,True,False,act,False,0.2581
sess_08638,usr_0843,widget,19,2,False,wifi,127.9,2,168.0,False,False,act,True,0.6422
sess_08639,usr_1005,organic,18,3,False,wifi,128.4,2,33.2,False,False,act,True,0.8991
sess_08640,usr_2374,push_notification,19,6,True,wifi,78.9,2,2.9,False,False,act,True,0.7688
sess_08641,usr_1820,organic,9,4,False,wifi,494.8,1,3.8,False,False,browse,False,0.5154
sess_08642,usr_0347,organic,19,1,False,cellular,336.3,1,29.7,False,True,browse,False,0.5293
sess_08643,usr_2186,organic,13,2,False,wifi,289.3,1,127.9,False,False,browse,False,0.4671
sess_08644,usr_2486,organic,20,5,True,cellular,370.4,1,8.0,False,False,browse,False,0.2933
sess_08645,usr_1313,push_notification,20,3,False,wifi,179.7,3,12.4,False,True,act,True,0.8017
sess_08646,usr_1646,push_notification,19,0,False,wifi,307.7,2,7.9,True,False,browse,False,0.4817
sess_08647,usr_2413,organic,0,6,True,wifi,346.1,1,4.9,False,False,browse,False,0.5915
sess_08648,usr_0185,organic,8,1,False,wifi,165.8,3,1.9,True,False,act,True,0.8194
sess_08649,usr_2014,push_notification,18,0,False,wifi,78.6,2,9.3,True,True,act,True,0.8225
sess_08650,usr_0096,organic,13,2,False,cellular,174.6,2,3.8,False,False,browse,False,0.3707
sess_08651,usr_1393,widget,18,1,False,wifi,168.8,3,1.6,True,False,act,True,0.6887
sess_08652,usr_1791,organic,7,2,False,cellular,150.5,3,72.4,False,False,act,False,0.2651
sess_08653,usr_0740,organic,19,3,False,wifi,219.6,2,127.6,False,False,browse,False,0.3245
sess_08654,usr_1700,push_notification,22,0,False,cellular,154.4,3,4.9,False,False,act,True,0.675
sess_08655,usr_0099,push_notification,14,4,False,wifi,299.8,1,16.8,False,False,browse,True,0.7792
sess_08656,usr_2163,organic,8,5,True,cellular,181.6,3,148.9,False,False,browse,False,0.5721
sess_08657,usr_1300,organic,10,0,False,wifi,109.0,3,14.6,True,False,act,True,0.8576
sess_08658,usr_1565,push_notification,19,3,False,cellular,106.7,3,38.5,False,False,act,True,0.7979
sess_08659,usr_1054,organic,23,6,True,wifi,98.1,3,8.2,True,True,act,True,0.8057
sess_08660,usr_0373,organic,21,3,False,cellular,205.8,2,64.6,True,False,browse,False,0.2978
sess_08661,usr_0470,push_notification,16,1,False,wifi,178.9,1,25.4,False,False,act,False,0.2408
sess_08662,usr_0407,widget,1,5,True,wifi,70.8,5,168.0,False,True,act,True,0.5833
sess_08663,usr_2220,push_notification,17,4,False,wifi,301.8,3,12.2,False,False,browse,False,0.3428
sess_08664,usr_0689,push_notification,18,6,True,cellular,95.4,3,6.3,False,False,act,True,0.7964
sess_08665,usr_1169,organic,20,5,True,wifi,186.6,1,3.0,False,False,browse,False,0.5384
sess_08666,usr_0590,widget,2,4,False,cellular,107.4,3,13.6,True,False,act,True,0.8715
sess_08667,usr_0749,organic,9,0,False,wifi,268.9,2,24.2,False,False,browse,False,0.315
sess_08668,usr_1047,widget,3,1,False,wifi,434.2,5,1.6,True,False,browse,False,0.3696
sess_08669,usr_0368,push_notification,17,0,False,cellular,189.1,1,11.0,False,True,act,True,0.8463
sess_08670,usr_0632,push_notification,19,3,False,cellular,191.8,5,13.5,False,True,browse,False,0.3063
sess_08671,usr_1257,organic,7,4,False,wifi,161.0,1,14.6,False,False,browse,False,0.2848
sess_08672,usr_1669,push_notification,19,0,False,wifi,68.3,3,10.9,True,False,act,True,0.8403
sess_08673,usr_0694,organic,18,6,True,cellular,195.2,2,11.0,False,False,browse,False,0.525
sess_08674,usr_0242,widget,16,0,False,wifi,158.2,2,9.1,True,False,act,False,0.51
sess_08675,usr_1333,push_notification,7,5,True,wifi,126.8,2,12.4,False,True,act,False,0.5626
sess_08676,usr_0744,widget,8,2,False,wifi,202.1,2,18.2,True,False,browse,False,0.4989
sess_08677,usr_0112,organic,18,0,False,wifi,140.6,2,34.2,True,False,act,True,0.5786
sess_08678,usr_0240,push_notification,17,3,False,wifi,295.1,1,3.8,False,False,browse,False,0.501
sess_08679,usr_1221,organic,8,6,True,wifi,175.8,4,16.1,True,False,browse,True,0.7666
sess_08680,usr_1598,organic,19,2,False,cellular,116.4,3,30.7,True,False,act,False,0.4556
sess_08681,usr_0405,organic,14,2,False,wifi,378.7,3,20.2,True,False,browse,False,0.5202
sess_08682,usr_1311,widget,22,2,False,cellular,205.7,2,4.4,False,False,act,True,0.5839
sess_08683,usr_0584,push_notification,3,3,False,cellular,263.1,2,27.8,False,True,browse,False,0.4385
sess_08684,usr_1691,organic,19,1,False,wifi,275.3,1,14.4,False,True,browse,True,0.8433
sess_08685,usr_1328,organic,18,4,False,cellular,299.7,2,40.1,False,False,browse,False,0.5376
sess_08686,usr_1057,push_notification,15,5,True,wifi,136.4,1,5.6,False,False,act,True,0.7787
sess_08687,usr_1539,push_notification,19,6,True,cellular,153.4,4,0.7,False,False,act,True,0.7948
sess_08688,usr_0496,organic,16,4,False,cellular,183.4,1,30.5,False,False,browse,False,0.5291
sess_08689,usr_0213,organic,19,6,True,wifi,388.8,2,41.1,False,False,browse,False,0.2906
sess_08690,usr_0830,push_notification,16,5,True,wifi,132.4,2,14.6,False,False,act,True,0.8857
sess_08691,usr_0982,organic,20,1,False,wifi,141.0,1,3.0,False,False,browse,False,0.2758
sess_08692,usr_2446,organic,4,2,False,cellular,273.5,1,30.7,True,False,browse,False,0.2403
sess_08693,usr_2401,organic,15,2,False,wifi,196.0,1,3.9,False,False,browse,False,0.2558
sess_08694,usr_0969,organic,2,3,False,cellular,110.0,3,37.2,False,False,act,True,0.8354
sess_08695,usr_2020,organic,8,2,False,wifi,75.6,2,18.6,True,False,act,True,0.6514
sess_08696,usr_2084,push_notification,20,2,False,cellular,120.4,1,4.9,False,False,act,True,0.6202
sess_08697,usr_2067,widget,9,4,False,wifi,152.6,2,8.1,False,False,browse,False,0.5012
sess_08698,usr_1578,organic,18,0,False,cellular,268.3,1,3.0,True,False,browse,False,0.5662
sess_08699,usr_0472,organic,9,3,False,cellular,262.4,5,69.4,True,False,browse,False,0.4578
sess_08700,usr_1104,widget,16,0,False,wifi,326.8,4,40.9,False,False,browse,False,0.4549
sess_08701,usr_0249,push_notification,9,0,False,wifi,297.2,3,13.8,False,False,browse,False,0.2338
sess_08702,usr_1304,widget,18,6,True,wifi,153.0,1,17.6,False,False,act,False,0.4994
sess_08703,usr_1904,push_notification,12,0,False,wifi,109.7,2,5.5,False,False,act,True,0.7853
sess_08704,usr_2266,push_notification,18,2,False,cellular,121.1,2,24.8,False,False,act,False,0.5339
sess_08705,usr_1668,push_notification,5,1,False,cellular,242.5,1,28.5,False,False,browse,False,0.2398
sess_08706,usr_0269,organic,20,6,True,cellular,316.8,1,7.7,False,True,browse,False,0.5052
sess_08707,usr_1984,organic,8,5,True,cellular,217.4,2,33.1,False,True,browse,False,0.4864
sess_08708,usr_0119,organic,7,5,True,wifi,73.3,1,1.0,False,True,act,True,0.6316
sess_08709,usr_1670,organic,18,1,False,cellular,270.4,3,30.6,False,False,browse,False,0.4597
sess_08710,usr_0958,widget,16,4,False,wifi,257.8,1,31.8,False,False,browse,True,0.6869
sess_08711,usr_0077,push_notification,7,0,False,cellular,162.1,2,6.9,True,False,browse,False,0.4796
sess_08712,usr_1103,push_notification,5,2,False,wifi,260.3,5,62.5,True,False,browse,True,0.758
sess_08713,usr_2270,organic,20,0,False,cellular,252.1,1,11.4,True,False,browse,True,0.8846
sess_08714,usr_2401,organic,9,2,False,wifi,119.2,3,0.5,False,False,act,False,0.5205
sess_08715,usr_0416,organic,22,2,False,wifi,267.5,1,6.1,True,False,browse,False,0.4313
sess_08716,usr_1009,organic,21,4,False,wifi,234.0,2,10.6,False,False,browse,True,0.6484
sess_08717,usr_2273,organic,13,1,False,wifi,431.5,2,2.3,True,True,browse,False,0.5625
sess_08718,usr_0515,push_notification,11,4,False,cellular,112.6,1,35.7,False,True,act,True,0.6379
sess_08719,usr_1248,push_notification,21,3,False,wifi,139.3,2,25.1,False,False,act,True,0.8004
sess_08720,usr_2328,organic,13,3,False,wifi,340.6,1,166.4,False,False,browse,False,0.4689
sess_08721,usr_1667,push_notification,7,4,False,wifi,134.8,2,7.9,True,False,act,False,0.4876
sess_08722,usr_1827,organic,21,1,False,wifi,176.1,5,33.2,False,False,act,True,0.5868
sess_08723,usr_0344,push_notification,19,0,False,wifi,205.5,3,42.0,False,False,act,True,0.8612
sess_08724,usr_2050,organic,7,2,False,wifi,368.0,1,23.8,False,False,browse,True,0.8226
sess_08725,usr_0834,organic,7,6,True,cellular,235.7,1,25.7,False,False,browse,False,0.3292
sess_08726,usr_0584,organic,17,5,True,cellular,348.5,4,8.9,True,False,browse,False,0.3221
sess_08727,usr_1530,push_notification,17,3,False,wifi,292.5,2,27.4,False,False,browse,False,0.2909
sess_08728,usr_2214,push_notification,9,4,False,wifi,148.7,1,9.2,False,False,act,False,0.5648
sess_08729,usr_0689,organic,9,6,True,wifi,343.2,2,4.3,False,False,browse,False,0.3338
sess_08730,usr_1005,organic,13,6,True,wifi,317.0,1,5.6,False,False,browse,True,0.5736
sess_08731,usr_2202,organic,16,0,False,wifi,104.8,5,4.0,True,True,act,True,0.583
sess_08732,usr_1736,organic,13,5,True,wifi,359.4,1,4.0,False,False,browse,False,0.3454
sess_08733,usr_2274,organic,5,5,True,cellular,299.8,1,35.8,True,False,browse,False,0.4409
sess_08734,usr_1851,organic,13,5,True,cellular,387.3,4,110.4,False,False,browse,False,0.3066
sess_08735,usr_0172,organic,18,0,False,cellular,249.9,1,3.0,False,False,browse,False,0.5045
sess_08736,usr_0005,push_notification,7,0,False,cellular,77.3,2,21.4,False,False,act,False,0.4866
sess_08737,usr_1904,organic,16,2,False,wifi,200.3,1,3.0,False,False,browse,True,0.6617
sess_08738,usr_1185,organic,9,2,False,wifi,76.8,3,74.0,False,False,act,True,0.5667
sess_08739,usr_0686,organic,21,3,False,cellular,86.2,1,145.4,False,False,act,True,0.8411
sess_08740,usr_0003,push_notification,8,6,True,wifi,462.6,1,57.1,True,False,browse,False,0.2985
sess_08741,usr_0247,organic,16,6,True,cellular,214.7,1,3.9,False,False,browse,False,0.3261
sess_08742,usr_1976,push_notification,11,2,False,wifi,126.1,2,102.6,True,False,act,False,0.5306
sess_08743,usr_1120,widget,5,6,True,wifi,165.3,1,11.1,False,False,browse,False,0.2775
sess_08744,usr_2449,push_notification,17,3,False,wifi,261.0,1,1.9,False,False,browse,False,0.2863
sess_08745,usr_1028,organic,19,4,False,wifi,177.3,1,5.0,False,False,browse,False,0.277
sess_08746,usr_1558,organic,19,3,False,wifi,276.7,1,6.1,False,False,browse,False,0.5013
sess_08747,usr_1440,widget,19,0,False,wifi,232.8,2,16.3,False,False,browse,False,0.3681
sess_08748,usr_0872,push_notification,13,4,False,wifi,49.5,2,22.0,False,False,act,True,0.6718
sess_08749,usr_2397,widget,12,6,True,wifi,185.5,4,1.2,True,True,act,True,0.842
sess_08750,usr_2091,organic,19,5,True,cellular,166.6,1,15.7,False,True,browse,False,0.3606
sess_08751,usr_1153,organic,17,1,False,wifi,252.7,1,8.2,False,False,browse,False,0.4987
sess_08752,usr_0187,push_notification,10,4,False,wifi,129.4,2,1.5,True,False,act,False,0.5407
sess_08753,usr_0662,organic,7,4,False,wifi,134.7,4,2.1,False,False,act,False,0.2734
sess_08754,usr_2188,push_notification,11,3,False,cellular,146.9,1,74.9,False,False,act,True,0.5932
sess_08755,usr_2307,organic,12,5,True,wifi,339.9,2,34.7,False,True,browse,False,0.5556
sess_08756,usr_0287,organic,19,2,False,wifi,146.6,2,2.1,False,False,browse,False,0.3754
sess_08757,usr_1232,widget,22,3,False,wifi,148.9,1,16.3,True,False,browse,False,0.5825
sess_08758,usr_0368,push_notification,21,0,False,cellular,330.1,2,8.5,False,True,browse,False,0.5622
sess_08759,usr_1620,push_notification,7,5,True,cellular,126.3,3,168.0,True,False,act,True,0.7513
sess_08760,usr_0504,organic,21,4,False,wifi,313.7,1,12.0,False,True,browse,False,0.5245
sess_08761,usr_0573,push_notification,13,4,False,wifi,194.3,1,62.8,False,False,browse,True,0.7369
sess_08762,usr_2280,organic,10,5,True,wifi,266.3,1,5.3,False,False,browse,True,0.6509
sess_08763,usr_1145,widget,7,4,False,wifi,176.1,2,38.9,False,True,browse,False,0.3218
sess_08764,usr_1770,organic,16,2,False,wifi,242.6,1,5.7,False,True,browse,False,0.2548
sess_08765,usr_0864,push_notification,16,2,False,cellular,159.9,4,14.6,False,False,act,False,0.4655
sess_08766,usr_2068,organic,8,2,False,wifi,207.3,2,6.1,False,False,browse,False,0.2485
sess_08767,usr_1304,organic,9,1,False,cellular,140.4,3,13.4,False,False,act,True,0.6151
sess_08768,usr_1404,organic,19,3,False,wifi,344.0,2,43.4,False,False,browse,False,0.4813
sess_08769,usr_1071,push_notification,16,0,False,wifi,86.2,3,4.9,False,False,act,True,0.6426
sess_08770,usr_1855,organic,20,4,False,cellular,300.8,1,40.5,True,False,browse,False,0.2916
sess_08771,usr_1119,organic,16,2,False,wifi,150.0,1,5.9,True,False,browse,True,0.8075
sess_08772,usr_1008,organic,19,4,False,wifi,192.5,2,4.6,True,False,browse,False,0.3507
sess_08773,usr_1318,push_notification,10,0,False,wifi,424.5,1,51.3,False,False,browse,False,0.233
sess_08774,usr_1400,organic,8,1,False,wifi,243.5,1,168.0,False,False,browse,False,0.3626
sess_08775,usr_0863,organic,16,6,True,wifi,316.1,2,18.2,True,False,browse,False,0.3918
sess_08776,usr_1884,organic,8,5,True,wifi,366.9,1,133.3,False,False,browse,False,0.5237
sess_08777,usr_2456,push_notification,8,2,False,wifi,162.3,2,22.0,True,False,act,True,0.8925
sess_08778,usr_1346,organic,18,5,True,cellular,85.4,3,21.7,False,False,act,True,0.759
sess_08779,usr_0066,push_notification,8,6,True,cellular,191.3,2,0.7,False,True,act,True,0.6482
sess_08780,usr_0548,widget,18,4,False,wifi,240.7,3,85.5,False,True,browse,False,0.5322
sess_08781,usr_0009,push_notification,19,3,False,cellular,188.9,2,13.3,False,False,act,False,0.5682
sess_08782,usr_2494,organic,14,5,True,wifi,207.2,1,12.2,False,False,browse,False,0.4886
sess_08783,usr_1952,push_notification,10,2,False,cellular,126.8,3,2.4,False,False,act,True,0.8269
sess_08784,usr_0018,organic,18,2,False,cellular,326.5,1,49.1,False,False,browse,False,0.3054
sess_08785,usr_0040,organic,12,4,False,wifi,267.0,2,2.5,False,False,browse,False,0.4922
sess_08786,usr_0711,push_notification,16,2,False,cellular,100.7,2,19.8,False,False,act,True,0.7595
sess_08787,usr_1693,organic,18,6,True,wifi,300.0,1,24.0,True,True,browse,False,0.5803
sess_08788,usr_2277,organic,19,2,False,wifi,277.6,1,18.3,False,False,browse,False,0.53
sess_08789,usr_2003,organic,16,0,False,cellular,198.9,1,41.1,False,False,browse,False,0.2725
sess_08790,usr_1609,push_notification,13,4,False,wifi,151.6,5,0.6,False,False,act,False,0.4633
sess_08791,usr_2205,organic,3,3,False,cellular,187.5,5,58.4,False,False,browse,True,0.8425
sess_08792,usr_0333,organic,22,6,True,wifi,110.1,3,34.9,False,True,act,True,0.8848
sess_08793,usr_0318,widget,16,4,False,wifi,328.0,2,8.1,False,False,browse,False,0.2926
sess_08794,usr_2207,widget,12,0,False,cellular,31.7,2,89.0,True,False,act,True,0.7804
sess_08795,usr_0127,organic,6,1,False,wifi,265.3,4,15.6,False,False,browse,False,0.5052
sess_08796,usr_1824,push_notification,3,3,False,cellular,118.9,3,45.3,False,False,act,True,0.8444
sess_08797,usr_0506,widget,8,0,False,wifi,373.8,3,8.0,False,True,browse,False,0.4483
sess_08798,usr_1446,widget,18,4,False,wifi,281.3,1,33.5,True,False,browse,False,0.4958
sess_08799,usr_1542,widget,23,5,True,cellular,174.5,2,17.0,False,False,act,True,0.8504
sess_08800,usr_2463,push_notification,17,1,False,wifi,349.3,1,23.1,True,False,browse,False,0.4221
sess_08801,usr_1467,widget,20,6,True,wifi,173.9,2,49.8,False,False,browse,False,0.2657
sess_08802,usr_1585,push_notification,21,0,False,wifi,251.1,5,11.1,True,False,browse,True,0.6013
sess_08803,usr_0726,push_notification,8,5,True,wifi,157.8,2,26.7,True,False,act,True,0.6342
sess_08804,usr_0035,organic,8,2,False,cellular,200.2,1,6.4,True,False,browse,False,0.5801
sess_08805,usr_0512,widget,9,6,True,wifi,233.7,3,7.0,True,False,act,True,0.8003
sess_08806,usr_1896,organic,14,3,False,cellular,277.8,1,20.1,True,False,browse,False,0.3585
sess_08807,usr_1518,push_notification,10,0,False,cellular,125.3,3,5.3,False,False,act,True,0.7739
sess_08808,usr_0791,widget,18,0,False,wifi,143.2,3,12.1,True,False,act,True,0.8489
sess_08809,usr_1821,organic,12,5,True,cellular,314.3,3,2.4,False,False,browse,False,0.2638
sess_08810,usr_0039,push_notification,19,4,False,wifi,161.0,3,5.8,False,True,act,True,0.8178
sess_08811,usr_0908,organic,11,1,False,cellular,269.6,1,30.1,True,False,browse,False,0.3765
sess_08812,usr_0082,push_notification,9,2,False,wifi,297.8,2,23.5,True,False,browse,False,0.5374
sess_08813,usr_1152,organic,11,1,False,cellular,256.1,4,1.4,True,False,browse,False,0.2776
sess_08814,usr_1466,push_notification,22,6,True,cellular,70.0,3,45.2,False,False,act,False,0.2448
sess_08815,usr_0785,push_notification,15,0,False,cellular,71.2,2,13.6,False,False,act,True,0.7589
sess_08816,usr_0369,push_notification,8,0,False,wifi,45.0,2,14.6,False,False,act,True,0.5897
sess_08817,usr_1242,organic,13,1,False,wifi,333.7,2,5.3,False,True,browse,False,0.529
sess_08818,usr_0906,organic,19,0,False,wifi,217.0,5,101.1,False,False,browse,False,0.4431
sess_08819,usr_0960,organic,20,4,False,cellular,166.6,3,17.0,False,False,act,True,0.5353
sess_08820,usr_2023,push_notification,14,1,False,wifi,263.6,1,95.6,True,False,browse,True,0.6113
sess_08821,usr_1487,organic,7,5,True,wifi,203.5,2,20.0,False,False,browse,False,0.3556
sess_08822,usr_0151,widget,13,5,True,wifi,290.6,1,9.3,False,False,browse,False,0.5738
sess_08823,usr_1150,organic,17,3,False,wifi,277.9,1,13.4,True,False,browse,False,0.354
sess_08824,usr_2019,push_notification,8,2,False,wifi,69.7,2,7.1,True,False,act,True,0.5969
sess_08825,usr_2483,widget,15,3,False,wifi,166.1,2,15.7,True,False,browse,False,0.3427
sess_08826,usr_0857,push_notification,17,1,False,wifi,134.3,3,60.5,True,True,act,True,0.764
sess_08827,usr_0030,push_notification,20,5,True,wifi,268.6,1,10.4,False,False,browse,False,0.3645
sess_08828,usr_0804,push_notification,1,3,False,wifi,343.6,4,11.7,False,True,browse,False,0.5684
sess_08829,usr_1623,widget,19,1,False,wifi,315.2,1,18.4,False,True,browse,False,0.3709
sess_08830,usr_0455,organic,20,1,False,wifi,327.8,1,9.6,True,False,browse,True,0.5655
sess_08831,usr_1137,widget,11,5,True,cellular,285.3,1,20.9,False,False,browse,False,0.3255
sess_08832,usr_2332,push_notification,10,6,True,cellular,130.5,3,11.7,False,False,act,True,0.6619
sess_08833,usr_2050,push_notification,20,6,True,wifi,346.6,1,22.9,True,False,browse,False,0.3087
sess_08834,usr_2024,organic,15,4,False,wifi,328.5,1,8.3,False,False,browse,False,0.3218
sess_08835,usr_0699,widget,15,2,False,cellular,394.5,2,5.2,True,False,browse,False,0.5515
sess_08836,usr_2261,push_notification,20,2,False,wifi,159.4,2,7.9,False,True,act,False,0.3611
sess_08837,usr_0794,organic,9,0,False,wifi,201.0,1,21.0,True,False,browse,False,0.3408
sess_08838,usr_2318,push_notification,3,3,False,wifi,154.8,1,42.1,True,False,act,True,0.7372
sess_08839,usr_2470,organic,6,6,True,cellular,322.0,1,6.7,True,True,browse,False,0.5219
sess_08840,usr_2315,push_notification,9,0,False,wifi,72.9,1,3.4,True,True,act,False,0.5797
sess_08841,usr_0719,widget,15,6,True,cellular,25.1,3,5.6,False,False,act,True,0.8659
sess_08842,usr_0268,organic,17,4,False,wifi,158.3,2,93.2,True,False,browse,False,0.3364
sess_08843,usr_2410,push_notification,9,1,False,cellular,173.3,2,22.2,False,False,browse,True,0.7437
sess_08844,usr_0526,widget,16,1,False,cellular,132.4,1,22.4,True,False,act,True,0.7285
sess_08845,usr_0267,push_notification,4,1,False,cellular,171.0,4,17.5,False,False,act,True,0.5898
sess_08846,usr_0522,push_notification,11,4,False,cellular,54.6,2,8.2,True,False,act,True,0.7952
sess_08847,usr_1064,widget,14,1,False,wifi,138.9,2,8.3,True,False,act,True,0.6276
sess_08848,usr_2335,widget,8,1,False,wifi,153.3,4,2.3,True,False,act,True,0.8985
sess_08849,usr_0934,organic,17,0,False,wifi,160.0,1,27.0,False,False,browse,False,0.5075
sess_08850,usr_2143,organic,12,1,False,cellular,263.7,3,4.2,False,False,browse,False,0.4067
sess_08851,usr_1124,widget,13,6,True,wifi,251.1,1,19.1,False,True,browse,True,0.6036
sess_08852,usr_0786,organic,2,0,False,wifi,366.8,1,30.8,False,False,browse,True,0.8072
sess_08853,usr_0095,organic,22,3,False,wifi,271.3,1,1.1,False,False,browse,False,0.5165
sess_08854,usr_2183,push_notification,9,0,False,cellular,316.3,4,4.8,True,False,browse,True,0.6171
sess_08855,usr_1036,organic,19,3,False,wifi,129.8,4,31.2,False,False,act,True,0.7513
sess_08856,usr_2295,push_notification,20,3,False,wifi,116.5,2,4.7,True,False,act,True,0.7609
sess_08857,usr_1860,organic,21,5,True,cellular,377.0,2,15.1,True,True,browse,False,0.3495
sess_08858,usr_0009,push_notification,11,1,False,wifi,197.0,3,21.4,True,False,browse,False,0.5277
sess_08859,usr_1750,organic,18,3,False,cellular,164.8,4,6.8,True,False,act,False,0.5515
sess_08860,usr_0213,organic,12,5,True,wifi,301.3,1,168.0,False,False,browse,False,0.3328
sess_08861,usr_1324,widget,5,6,True,cellular,153.2,2,1.8,True,False,act,True,0.746
sess_08862,usr_1772,organic,23,0,False,wifi,278.4,2,2.8,False,False,browse,False,0.4654
sess_08863,usr_1667,organic,18,6,True,wifi,76.1,2,5.1,True,True,act,False,0.3271
sess_08864,usr_1123,organic,7,5,True,wifi,338.3,1,9.8,True,False,browse,False,0.4805
sess_08865,usr_0499,push_notification,11,5,True,wifi,131.7,4,44.2,False,True,act,True,0.8157
sess_08866,usr_2123,widget,18,4,False,cellular,216.7,2,13.4,True,False,browse,False,0.5364
sess_08867,usr_1912,organic,20,3,False,wifi,263.2,1,12.0,False,False,browse,False,0.5387
sess_08868,usr_2030,organic,14,5,True,wifi,283.2,1,8.4,False,True,browse,True,0.6357
sess_08869,usr_1481,push_notification,8,2,False,cellular,136.7,3,65.1,True,False,act,True,0.5468
sess_08870,usr_2119,organic,3,2,False,wifi,125.0,1,11.1,True,False,browse,False,0.3133
sess_08871,usr_0179,push_notification,8,6,True,cellular,332.8,3,111.3,False,False,browse,False,0.3025
sess_08872,usr_0920,push_notification,18,6,True,wifi,145.2,2,1.6,False,True,act,True,0.83
sess_08873,usr_0193,push_notification,20,6,True,wifi,112.4,2,13.7,True,False,act,False,0.3789
sess_08874,usr_1139,organic,21,4,False,wifi,448.7,2,3.7,False,False,browse,False,0.4813
sess_08875,usr_1721,push_notification,1,5,True,wifi,276.4,1,24.9,False,True,browse,False,0.3994
sess_08876,usr_2181,push_notification,11,3,False,cellular,341.2,1,17.7,False,False,browse,False,0.5072
sess_08877,usr_1839,push_notification,18,1,False,cellular,165.1,3,41.5,True,False,act,True,0.6507
sess_08878,usr_1296,organic,17,1,False,wifi,346.9,2,16.1,True,False,browse,True,0.7873
sess_08879,usr_0022,organic,21,5,True,wifi,277.0,1,42.1,True,False,browse,False,0.3447
sess_08880,usr_1606,widget,12,3,False,wifi,109.6,2,12.0,False,False,act,True,0.7951
sess_08881,usr_0798,organic,12,0,False,wifi,266.8,1,14.5,False,False,browse,False,0.5917
sess_08882,usr_1371,organic,11,6,True,wifi,96.8,2,30.4,False,True,act,True,0.6237
sess_08883,usr_0336,organic,5,3,False,cellular,405.2,4,8.6,False,False,browse,False,0.2897
sess_08884,usr_2343,push_notification,19,2,False,wifi,102.0,2,41.4,True,False,act,False,0.499
sess_08885,usr_0104,widget,2,3,False,cellular,119.6,2,33.4,False,True,act,True,0.763
sess_08886,usr_0925,organic,10,1,False,wifi,133.3,4,12.8,False,False,act,True,0.6114
sess_08887,usr_1736,widget,10,1,False,cellular,338.3,3,2.8,True,False,browse,True,0.8821
sess_08888,usr_0305,push_notification,7,3,False,cellular,351.4,3,3.6,False,False,browse,False,0.5323
sess_08889,usr_1024,push_notification,14,6,True,cellular,92.5,1,13.3,True,False,act,True,0.6482
sess_08890,usr_0807,organic,17,5,True,cellular,136.9,1,11.9,False,False,browse,False,0.3723
sess_08891,usr_0674,widget,9,0,False,cellular,123.4,1,16.3,True,False,browse,True,0.6196
sess_08892,usr_1349,push_notification,20,2,False,wifi,123.6,3,48.0,True,True,act,False,0.3662
sess_08893,usr_1274,push_notification,9,2,False,cellular,85.5,2,17.3,True,True,act,True,0.8395
sess_08894,usr_0258,push_notification,16,6,True,wifi,128.6,1,28.2,False,False,act,True,0.805
sess_08895,usr_0397,organic,19,4,False,wifi,105.3,3,19.6,False,True,act,True,0.7146
sess_08896,usr_0115,organic,18,0,False,wifi,137.1,3,2.5,False,False,act,False,0.3229
sess_08897,usr_1966,organic,8,1,False,wifi,136.1,3,9.5,True,False,act,True,0.816
sess_08898,usr_1770,organic,14,2,False,wifi,183.9,1,84.0,False,False,browse,False,0.4829
sess_08899,usr_0099,push_notification,14,0,False,wifi,173.3,3,10.8,True,True,act,True,0.6094
sess_08900,usr_2428,push_notification,6,2,False,wifi,76.0,3,7.4,True,False,act,True,0.7946
sess_08901,usr_1370,push_notification,17,5,True,cellular,293.6,1,168.0,True,False,browse,False,0.488
sess_08902,usr_1026,organic,16,1,False,cellular,123.3,2,19.2,False,False,act,False,0.5309
sess_08903,usr_1013,organic,19,1,False,wifi,174.6,1,6.9,False,False,browse,False,0.3238
sess_08904,usr_0442,widget,20,2,False,cellular,40.7,4,9.1,True,True,act,True,0.8086
sess_08905,usr_1940,push_notification,19,5,True,wifi,174.3,3,2.6,False,False,act,True,0.69
sess_08906,usr_0977,widget,19,5,True,wifi,155.2,2,61.5,True,False,browse,True,0.537
sess_08907,usr_1396,widget,15,2,False,cellular,224.1,1,7.8,False,True,browse,False,0.236
sess_08908,usr_0223,push_notification,19,1,False,wifi,133.9,4,65.7,False,False,act,True,0.841
sess_08909,usr_1367,widget,6,4,False,wifi,202.9,2,10.6,False,True,browse,True,0.5929
sess_08910,usr_2129,organic,17,2,False,wifi,232.7,4,26.2,False,True,browse,False,0.4225
sess_08911,usr_0970,push_notification,20,0,False,wifi,190.2,4,24.0,False,True,act,False,0.3549
sess_08912,usr_0299,push_notification,12,2,False,wifi,133.7,2,10.3,False,False,act,True,0.7926
sess_08913,usr_2458,push_notification,17,5,True,wifi,81.0,2,42.6,False,False,act,True,0.8403
sess_08914,usr_1797,organic,7,2,False,cellular,276.9,2,9.9,False,False,browse,False,0.3053
sess_08915,usr_0392,organic,20,5,True,cellular,174.4,1,7.0,False,True,browse,False,0.5138
sess_08916,usr_1829,organic,8,5,True,wifi,323.7,3,90.6,False,False,browse,True,0.5783
sess_08917,usr_2372,widget,20,6,True,cellular,232.0,2,18.7,True,False,browse,False,0.5765
sess_08918,usr_0512,push_notification,19,1,False,wifi,264.7,1,39.0,False,False,browse,True,0.7521
sess_08919,usr_0351,widget,22,5,True,cellular,71.4,3,3.3,False,False,act,False,0.4658
sess_08920,usr_0249,organic,8,2,False,wifi,267.2,1,14.9,True,False,browse,False,0.5
sess_08921,usr_0137,push_notification,21,0,False,cellular,323.5,2,4.6,False,False,browse,False,0.3874
sess_08922,usr_1546,widget,19,1,False,wifi,284.1,1,3.3,False,False,browse,True,0.6248
sess_08923,usr_1284,organic,7,6,True,cellular,225.8,3,15.3,False,False,browse,False,0.3255
sess_08924,usr_0267,widget,17,6,True,cellular,141.2,2,145.2,False,True,act,True,0.7756
sess_08925,usr_0523,organic,10,3,False,cellular,260.0,1,14.1,False,False,browse,False,0.4635
sess_08926,usr_0254,push_notification,18,1,False,cellular,247.9,1,4.7,True,False,browse,False,0.3877
sess_08927,usr_1811,organic,18,4,False,cellular,71.6,3,51.8,False,False,act,True,0.659
sess_08928,usr_0225,push_notification,11,4,False,wifi,175.2,3,3.3,True,False,act,True,0.8377
sess_08929,usr_1235,organic,12,2,False,wifi,243.7,2,7.7,False,False,browse,False,0.273
sess_08930,usr_1769,organic,13,0,False,cellular,82.6,2,1.3,False,True,act,True,0.7572
sess_08931,usr_0270,push_notification,11,6,True,wifi,159.8,3,17.3,False,False,act,True,0.8312
sess_08932,usr_0418,widget,13,4,False,wifi,243.6,2,11.3,True,False,browse,False,0.2509
sess_08933,usr_0229,widget,21,0,False,wifi,298.0,3,4.8,True,True,browse,False,0.3256
sess_08934,usr_2291,organic,13,3,False,wifi,163.3,2,7.5,True,False,browse,False,0.2486
sess_08935,usr_0214,push_notification,18,4,False,wifi,261.2,1,22.3,False,False,browse,False,0.3707
sess_08936,usr_1208,push_notification,13,0,False,wifi,108.5,2,80.2,False,False,act,True,0.8084
sess_08937,usr_1563,organic,13,0,False,wifi,303.1,2,9.9,False,False,browse,True,0.7932
sess_08938,usr_1646,organic,23,5,True,wifi,317.4,1,7.3,True,False,browse,False,0.5499
sess_08939,usr_0393,widget,21,6,True,wifi,460.5,1,12.7,False,False,browse,False,0.4455
sess_08940,usr_1684,push_notification,18,3,False,wifi,87.2,1,6.7,False,True,act,False,0.3778
sess_08941,usr_0955,push_notification,8,5,True,wifi,233.3,1,9.3,True,False,browse,False,0.5293
sess_08942,usr_2456,push_notification,16,6,True,wifi,79.7,2,1.9,False,True,act,True,0.6905
sess_08943,usr_0044,organic,8,1,False,wifi,317.1,3,21.9,False,False,browse,False,0.5293
sess_08944,usr_1858,widget,19,5,True,wifi,63.5,3,3.7,False,False,act,True,0.6499
sess_08945,usr_1573,organic,13,3,False,wifi,236.8,1,5.9,False,False,browse,False,0.5012
sess_08946,usr_1902,widget,18,5,True,wifi,155.5,2,4.3,False,False,browse,False,0.3016
sess_08947,usr_1754,push_notification,19,0,False,wifi,253.2,1,8.5,False,False,browse,False,0.5811
sess_08948,usr_0415,organic,20,1,False,wifi,160.7,3,2.9,True,False,act,True,0.8473
sess_08949,usr_1392,push_notification,23,1,False,cellular,102.2,3,12.5,False,False,act,False,0.5351
sess_08950,usr_0107,push_notification,20,1,False,cellular,163.8,2,5.0,False,False,act,True,0.9109
sess_08951,usr_1860,push_notification,20,3,False,wifi,94.3,3,18.1,False,False,act,False,0.5556
sess_08952,usr_2119,push_notification,13,5,True,wifi,143.9,3,39.9,False,True,act,False,0.4928
sess_08953,usr_1345,organic,14,1,False,wifi,279.9,1,15.9,False,False,browse,False,0.2607
sess_08954,usr_2408,organic,9,4,False,cellular,172.5,1,11.8,False,False,browse,False,0.4902
sess_08955,usr_0789,widget,21,0,False,wifi,227.0,1,168.0,False,False,browse,False,0.4937
sess_08956,usr_0443,organic,22,3,False,wifi,262.8,2,18.8,False,False,browse,False,0.5473
sess_08957,usr_0421,push_notification,19,0,False,cellular,117.3,3,10.1,False,False,act,True,0.8268
sess_08958,usr_0051,push_notification,21,3,False,cellular,86.6,2,3.9,False,True,act,False,0.4907
sess_08959,usr_2438,organic,7,6,True,cellular,204.0,2,3.3,False,False,browse,False,0.5666
sess_08960,usr_0277,organic,18,1,False,wifi,310.0,2,19.5,True,False,browse,False,0.4932
sess_08961,usr_2429,organic,19,5,True,wifi,324.6,2,48.2,False,False,browse,False,0.5277
sess_08962,usr_0794,organic,13,2,False,cellular,203.5,2,168.0,False,False,browse,False,0.3058
sess_08963,usr_2348,push_notification,22,3,False,cellular,320.9,2,4.9,False,False,browse,False,0.3284
sess_08964,usr_0517,organic,20,3,False,wifi,239.6,1,46.1,True,True,browse,False,0.3906
sess_08965,usr_2085,organic,1,5,True,cellular,293.2,2,110.3,True,False,browse,True,0.6134
sess_08966,usr_1050,widget,19,4,False,cellular,279.5,1,8.3,False,True,browse,False,0.4604
sess_08967,usr_1456,push_notification,9,4,False,wifi,128.5,2,98.1,False,False,act,True,0.8156
sess_08968,usr_1725,push_notification,6,1,False,cellular,196.4,2,3.8,False,False,act,False,0.2783
sess_08969,usr_1972,organic,12,3,False,wifi,220.4,1,17.5,False,False,browse,True,0.6282
sess_08970,usr_1822,widget,17,2,False,cellular,266.9,1,9.4,False,False,browse,True,0.5496
sess_08971,usr_0762,widget,17,4,False,wifi,332.6,1,9.8,True,False,browse,True,0.6442
sess_08972,usr_0996,organic,9,4,False,cellular,168.8,4,7.9,True,True,act,True,0.8539
sess_08973,usr_0564,push_notification,13,0,False,wifi,108.4,4,6.3,False,False,act,True,0.8863
sess_08974,usr_0181,organic,16,3,False,wifi,102.8,3,12.2,True,False,act,True,0.8112
sess_08975,usr_0248,widget,11,0,False,cellular,268.4,2,4.5,False,False,browse,True,0.607
sess_08976,usr_0523,push_notification,18,0,False,wifi,96.1,3,3.8,True,False,act,True,0.8255
sess_08977,usr_1277,push_notification,15,1,False,cellular,49.0,2,11.1,False,True,act,True,0.7798
sess_08978,usr_2395,organic,19,0,False,wifi,142.0,1,53.1,False,True,act,False,0.4338
sess_08979,usr_1786,organic,21,2,False,cellular,143.1,4,19.6,True,False,act,True,0.8317
sess_08980,usr_2102,organic,6,1,False,cellular,260.8,2,29.3,True,False,browse,False,0.2642
sess_08981,usr_1466,widget,19,1,False,wifi,356.4,1,8.5,False,True,browse,True,0.8242
sess_08982,usr_1275,organic,17,2,False,cellular,308.0,3,6.5,True,False,browse,True,0.6297
sess_08983,usr_2391,organic,23,5,True,wifi,189.3,2,2.1,True,True,act,True,0.6479
sess_08984,usr_2217,push_notification,22,0,False,wifi,126.2,3,10.8,True,False,act,True,0.9059
sess_08985,usr_0597,push_notification,9,0,False,cellular,108.6,2,43.7,False,False,act,False,0.5357
sess_08986,usr_0604,widget,6,1,False,wifi,103.8,2,7.9,False,False,act,True,0.6386
sess_08987,usr_1924,push_notification,22,2,False,wifi,191.4,4,3.9,False,False,act,False,0.4891
sess_08988,usr_1265,push_notification,20,2,False,cellular,41.2,2,20.1,False,False,act,True,0.7433
sess_08989,usr_2472,organic,23,6,True,wifi,478.3,4,9.3,False,False,browse,False,0.498
sess_08990,usr_1405,widget,7,3,False,wifi,367.6,4,86.1,False,False,browse,False,0.3619
sess_08991,usr_1193,push_notification,21,3,False,cellular,125.6,3,2.5,False,False,act,True,0.8519
sess_08992,usr_1511,push_notification,7,1,False,wifi,83.3,4,1.9,False,False,act,True,0.7399
sess_08993,usr_0034,push_notification,17,4,False,cellular,115.1,2,1.9,False,True,act,True,0.5797
sess_08994,usr_2121,organic,16,6,True,wifi,311.6,1,8.2,False,False,browse,True,0.7903
sess_08995,usr_2403,organic,19,2,False,wifi,227.0,1,18.6,True,True,browse,False,0.5669
sess_08996,usr_0593,widget,22,3,False,wifi,314.3,1,47.5,True,False,browse,False,0.3707
sess_08997,usr_0235,push_notification,13,6,True,cellular,68.4,2,9.9,True,False,act,False,0.346
sess_08998,usr_0973,push_notification,7,6,True,wifi,103.2,2,12.9,True,False,act,True,0.5805
sess_08999,usr_2078,widget,17,0,False,cellular,290.3,2,36.0,True,True,browse,False,0.476
sess_09000,usr_2292,push_notification,10,1,False,wifi,482.2,1,39.8,False,True,browse,True,0.6403
sess_09001,usr_0224,push_notification,21,4,False,wifi,118.9,5,28.7,False,False,act,False,0.494
sess_09002,usr_1729,organic,20,6,True,cellular,307.4,1,14.0,False,False,browse,False,0.3445
sess_09003,usr_1409,organic,2,2,False,wifi,123.0,4,1.3,False,True,act,True,0.6237
sess_09004,usr_0801,push_notification,16,5,True,cellular,148.0,3,168.0,True,False,act,True,0.8711
sess_09005,usr_0821,push_notification,2,2,False,cellular,473.5,3,8.3,False,False,browse,False,0.4057
sess_09006,usr_0825,push_notification,8,5,True,cellular,174.9,2,2.4,True,False,act,False,0.5147
sess_09007,usr_0281,widget,8,2,False,wifi,215.4,1,5.0,True,False,act,False,0.2999
sess_09008,usr_1399,widget,12,1,False,wifi,186.0,3,1.5,False,False,act,True,0.8203
sess_09009,usr_0776,push_notification,16,1,False,cellular,234.0,5,6.1,False,False,browse,False,0.3468
sess_09010,usr_1949,push_notification,19,5,True,wifi,258.3,1,48.7,False,False,browse,False,0.2856
sess_09011,usr_1915,widget,16,2,False,cellular,127.7,1,168.0,False,False,act,True,0.6626
sess_09012,usr_2457,widget,20,5,True,cellular,279.6,1,6.5,False,True,browse,False,0.5496
sess_09013,usr_1357,widget,0,1,False,cellular,332.4,1,1.3,True,False,browse,False,0.386
sess_09014,usr_2370,push_notification,18,5,True,wifi,149.9,4,67.9,False,False,act,True,0.5435
sess_09015,usr_2319,organic,22,3,False,wifi,207.0,1,47.7,False,False,browse,False,0.2975
sess_09016,usr_1375,organic,5,6,True,cellular,267.0,1,3.2,False,True,browse,False,0.3292
sess_09017,usr_1228,organic,6,1,False,cellular,111.7,1,10.8,True,False,act,True,0.771
sess_09018,usr_1715,push_notification,7,4,False,wifi,177.4,1,11.7,True,False,act,True,0.5715
sess_09019,usr_1347,push_notification,18,5,True,wifi,123.4,2,15.5,False,False,act,True,0.5557
sess_09020,usr_0665,push_notification,13,3,False,cellular,64.7,3,0.8,False,False,act,True,0.7371
sess_09021,usr_0430,push_notification,10,5,True,wifi,121.2,2,2.6,True,False,act,True,0.6211
sess_09022,usr_1861,push_notification,8,1,False,wifi,292.2,1,10.3,False,False,browse,False,0.5297
sess_09023,usr_0173,organic,10,0,False,wifi,288.3,1,6.3,False,False,browse,False,0.3063
sess_09024,usr_2032,organic,16,2,False,wifi,150.0,2,12.5,False,False,act,True,0.8275
sess_09025,usr_0899,widget,16,4,False,cellular,383.2,1,2.0,False,False,browse,False,0.4688
sess_09026,usr_0016,push_notification,19,6,True,cellular,97.5,1,7.3,False,False,browse,True,0.7496
sess_09027,usr_0914,push_notification,8,4,False,wifi,186.8,5,16.7,False,False,browse,False,0.2511
sess_09028,usr_0944,organic,20,1,False,wifi,379.5,5,87.3,False,True,browse,False,0.5006
sess_09029,usr_1911,organic,21,1,False,wifi,358.1,5,8.7,False,True,browse,False,0.2277
sess_09030,usr_0874,organic,1,6,True,wifi,311.7,1,63.1,False,False,browse,False,0.2844
sess_09031,usr_0980,organic,12,3,False,wifi,150.6,3,24.0,True,False,browse,True,0.7409
sess_09032,usr_1970,organic,8,5,True,cellular,185.0,2,27.6,False,False,browse,False,0.2785
sess_09033,usr_1358,organic,4,1,False,wifi,201.0,1,50.5,True,False,browse,False,0.3365
sess_09034,usr_1540,widget,22,0,False,wifi,150.7,1,10.3,False,True,act,True,0.8442
sess_09035,usr_0841,organic,3,5,True,cellular,182.6,1,36.8,False,False,browse,False,0.5544
sess_09036,usr_1640,push_notification,12,3,False,wifi,120.8,3,8.3,False,False,act,True,0.7741
sess_09037,usr_0755,widget,7,0,False,wifi,153.2,2,4.8,False,False,browse,False,0.5556
sess_09038,usr_0028,widget,13,5,True,cellular,303.5,1,1.6,True,False,browse,False,0.4971
sess_09039,usr_1487,push_notification,9,4,False,wifi,314.8,1,4.7,False,False,browse,True,0.6249
sess_09040,usr_0041,organic,13,6,True,wifi,391.4,3,7.6,False,False,browse,False,0.4863
sess_09041,usr_0303,push_notification,14,6,True,wifi,129.1,1,8.5,True,False,act,True,0.6597
sess_09042,usr_1466,widget,22,2,False,cellular,289.1,1,13.0,True,False,browse,False,0.2805
sess_09043,usr_0123,push_notification,8,1,False,cellular,78.5,2,7.3,False,True,act,False,0.533
sess_09044,usr_2273,organic,13,6,True,wifi,258.4,1,21.3,True,False,browse,False,0.2988
sess_09045,usr_0472,push_notification,17,3,False,cellular,399.5,1,6.9,False,False,browse,False,0.2749
sess_09046,usr_0584,widget,12,1,False,wifi,323.0,2,30.3,True,False,browse,False,0.2879
sess_09047,usr_1191,widget,17,2,False,wifi,118.3,3,0.5,False,False,act,True,0.7723
sess_09048,usr_1804,organic,16,1,False,wifi,198.2,3,115.4,True,False,browse,False,0.506
sess_09049,usr_0797,organic,18,2,False,wifi,244.0,2,3.6,True,False,browse,False,0.5648
sess_09050,usr_2399,organic,15,4,False,wifi,287.9,3,52.2,False,False,browse,False,0.3282
sess_09051,usr_1475,organic,7,6,True,cellular,392.5,1,6.7,False,False,browse,False,0.5009
sess_09052,usr_0180,push_notification,20,4,False,wifi,74.9,3,9.4,False,False,act,False,0.4538
sess_09053,usr_0122,organic,18,5,True,cellular,316.8,1,71.5,False,False,browse,False,0.3765
sess_09054,usr_0816,organic,13,6,True,wifi,259.7,1,3.5,False,False,browse,False,0.5696
sess_09055,usr_0811,organic,14,2,False,wifi,253.1,2,8.2,True,False,browse,False,0.3119
sess_09056,usr_1164,organic,8,0,False,cellular,148.5,1,41.0,False,False,browse,False,0.5872
sess_09057,usr_0714,widget,6,0,False,wifi,307.7,3,4.6,True,False,browse,True,0.6418
sess_09058,usr_0897,push_notification,7,0,False,wifi,393.3,2,158.4,False,False,browse,False,0.4337
sess_09059,usr_1074,organic,15,5,True,cellular,81.0,2,2.6,False,False,act,True,0.8483
sess_09060,usr_0714,organic,8,6,True,wifi,285.9,1,5.1,False,False,browse,True,0.5631
sess_09061,usr_1392,push_notification,15,0,False,wifi,390.6,1,29.9,False,False,browse,False,0.4603
sess_09062,usr_2272,push_notification,8,2,False,wifi,224.3,1,91.4,True,False,browse,False,0.5773
sess_09063,usr_1008,widget,5,4,False,cellular,270.4,2,5.0,False,False,browse,False,0.3043
sess_09064,usr_0732,widget,16,1,False,cellular,162.0,1,1.6,False,False,browse,True,0.5663
sess_09065,usr_0803,organic,12,4,False,cellular,110.4,1,3.4,False,True,act,False,0.5076
sess_09066,usr_0089,push_notification,18,3,False,wifi,77.3,1,2.9,True,False,browse,False,0.3285
sess_09067,usr_0722,organic,13,6,True,cellular,226.0,2,16.6,False,False,browse,False,0.5979
sess_09068,usr_1073,widget,7,2,False,wifi,210.2,1,5.9,False,False,browse,False,0.4964
sess_09069,usr_0415,organic,19,0,False,cellular,181.8,1,6.5,False,False,browse,True,0.8402
sess_09070,usr_0086,push_notification,16,1,False,wifi,76.2,2,9.1,False,False,act,True,0.6416
sess_09071,usr_0563,push_notification,23,0,False,wifi,135.3,2,3.3,True,False,act,True,0.7521
sess_09072,usr_1553,widget,11,3,False,wifi,143.7,2,168.0,False,False,browse,True,0.6762
sess_09073,usr_0455,organic,8,0,False,cellular,112.9,4,68.7,False,False,act,True,0.8192
sess_09074,usr_1387,organic,23,2,False,wifi,177.2,2,7.4,False,False,browse,False,0.4847
sess_09075,usr_0862,widget,5,5,True,wifi,353.2,3,65.8,False,False,browse,True,0.8212
sess_09076,usr_1250,widget,20,2,False,cellular,69.6,4,4.0,True,False,act,False,0.3032
sess_09077,usr_1869,widget,22,5,True,wifi,245.3,1,23.8,False,False,browse,False,0.3875
sess_09078,usr_0984,widget,15,1,False,wifi,271.0,1,19.9,False,False,browse,False,0.5766
sess_09079,usr_1515,organic,11,5,True,wifi,293.0,1,4.4,False,True,browse,False,0.4301
sess_09080,usr_1526,widget,0,0,False,cellular,98.7,2,5.6,False,False,act,True,0.7869
sess_09081,usr_0702,organic,9,6,True,wifi,303.8,4,3.1,True,False,browse,False,0.5803
sess_09082,usr_2159,push_notification,18,5,True,wifi,73.6,1,5.8,True,False,act,True,0.8206
sess_09083,usr_1777,organic,16,3,False,wifi,323.7,2,7.0,False,False,browse,False,0.4484
sess_09084,usr_0268,push_notification,17,1,False,wifi,260.5,1,14.2,False,False,browse,False,0.5361
sess_09085,usr_0486,organic,9,5,True,wifi,328.1,3,4.9,False,False,browse,False,0.5089
sess_09086,usr_0592,push_notification,3,5,True,wifi,99.7,2,10.5,False,False,act,True,0.619
sess_09087,usr_0536,organic,17,4,False,wifi,234.7,2,20.2,False,True,browse,False,0.4632
sess_09088,usr_0777,push_notification,21,5,True,wifi,148.9,3,68.4,True,False,act,False,0.5205
sess_09089,usr_0786,widget,18,4,False,wifi,329.3,1,43.3,False,False,browse,False,0.2636
sess_09090,usr_2182,widget,17,6,True,wifi,219.3,2,3.5,True,True,browse,False,0.362
sess_09091,usr_1550,widget,16,3,False,wifi,139.7,2,20.9,False,False,act,True,0.6062
sess_09092,usr_1533,widget,8,2,False,wifi,400.8,2,3.6,True,False,browse,False,0.2935
sess_09093,usr_1303,push_notification,19,4,False,wifi,81.6,1,49.0,False,False,act,True,0.6253
sess_09094,usr_2456,organic,17,2,False,cellular,181.2,1,3.7,False,False,browse,False,0.5085
sess_09095,usr_1760,push_notification,18,1,False,wifi,137.7,1,13.7,True,False,act,True,0.6235
sess_09096,usr_1002,push_notification,9,0,False,wifi,76.2,1,9.9,False,False,browse,True,0.8514
sess_09097,usr_0190,push_notification,3,2,False,wifi,161.7,2,21.8,True,False,act,True,0.8325
sess_09098,usr_2406,organic,22,5,True,cellular,107.0,1,17.2,True,True,browse,True,0.8171
sess_09099,usr_0775,push_notification,10,2,False,cellular,108.0,2,19.4,False,False,act,True,0.6727
sess_09100,usr_2194,push_notification,13,4,False,wifi,91.1,1,5.1,False,False,act,True,0.6524
sess_09101,usr_1205,organic,18,1,False,wifi,388.2,1,10.7,False,False,browse,False,0.4968
sess_09102,usr_0609,push_notification,20,0,False,wifi,266.3,1,168.0,True,False,browse,False,0.5642
sess_09103,usr_1343,widget,7,6,True,wifi,292.3,2,6.9,False,False,browse,False,0.5503
sess_09104,usr_1013,push_notification,19,1,False,wifi,90.2,4,1.0,False,False,act,True,0.8791
sess_09105,usr_0219,push_notification,12,2,False,cellular,270.8,2,34.1,False,False,browse,False,0.3039
sess_09106,usr_1148,organic,13,0,False,wifi,247.3,2,35.2,False,False,browse,False,0.2696
sess_09107,usr_0518,organic,22,3,False,cellular,183.1,5,27.4,False,True,browse,False,0.5348
sess_09108,usr_2082,organic,2,3,False,cellular,361.9,3,85.0,False,False,browse,False,0.5271
sess_09109,usr_2393,organic,22,6,True,wifi,279.1,1,22.5,False,False,browse,True,0.8795
sess_09110,usr_2003,widget,15,6,True,cellular,42.4,2,16.6,True,False,act,True,0.7489
sess_09111,usr_0858,push_notification,18,6,True,cellular,91.3,2,90.5,False,False,act,True,0.8422
sess_09112,usr_0334,organic,13,5,True,wifi,170.6,2,25.7,False,False,browse,False,0.5628
sess_09113,usr_1928,organic,7,5,True,wifi,217.4,2,8.4,False,False,browse,False,0.4995
sess_09114,usr_0266,organic,10,6,True,wifi,111.7,1,51.0,False,False,browse,False,0.4987
sess_09115,usr_0686,organic,17,6,True,wifi,76.1,1,1.9,False,True,act,True,0.7972
sess_09116,usr_2084,widget,11,2,False,wifi,211.5,1,47.3,False,False,browse,False,0.5775
sess_09117,usr_1590,push_notification,11,3,False,wifi,178.2,3,14.8,True,True,act,False,0.6037
sess_09118,usr_2086,push_notification,20,0,False,wifi,172.1,3,3.4,False,False,act,False,0.3047
sess_09119,usr_1533,widget,23,0,False,wifi,225.0,2,31.9,False,False,browse,False,0.3036
sess_09120,usr_2043,push_notification,19,0,False,cellular,146.5,1,3.5,False,True,browse,True,0.8962
sess_09121,usr_2126,widget,4,2,False,wifi,126.6,2,30.7,False,True,act,True,0.871
sess_09122,usr_1902,organic,23,0,False,wifi,261.6,3,0.9,False,False,browse,False,0.4795
sess_09123,usr_0734,organic,13,0,False,cellular,311.9,1,16.1,True,False,browse,False,0.2713
sess_09124,usr_1319,organic,20,6,True,wifi,416.1,2,5.8,False,False,browse,False,0.356
sess_09125,usr_1532,push_notification,17,4,False,cellular,76.4,1,19.0,True,True,act,False,0.437
sess_09126,usr_2153,organic,8,3,False,wifi,391.2,1,15.0,False,False,browse,False,0.32
sess_09127,usr_1980,organic,6,6,True,cellular,350.5,1,32.3,True,False,browse,False,0.2809
sess_09128,usr_2027,push_notification,4,5,True,wifi,349.9,1,51.3,True,False,browse,False,0.2619
sess_09129,usr_1941,push_notification,9,5,True,wifi,160.2,5,112.0,False,False,act,False,0.5204
sess_09130,usr_1100,widget,14,2,False,wifi,374.0,2,10.8,False,False,browse,False,0.5627
sess_09131,usr_2381,push_notification,18,4,False,wifi,201.9,4,10.1,True,False,browse,False,0.3278
sess_09132,usr_1643,widget,19,6,True,cellular,135.2,2,6.8,False,False,act,False,0.2658
sess_09133,usr_2392,push_notification,11,6,True,wifi,322.1,1,2.9,False,False,browse,False,0.2883
sess_09134,usr_0150,organic,17,2,False,cellular,153.3,1,6.6,False,False,browse,False,0.2357
sess_09135,usr_0849,push_notification,21,3,False,wifi,108.5,2,1.7,False,False,act,False,0.2693
sess_09136,usr_0900,widget,20,3,False,wifi,117.6,3,5.0,True,False,act,True,0.5879
sess_09137,usr_0832,push_notification,20,2,False,wifi,279.9,1,168.0,True,False,browse,True,0.5405
sess_09138,usr_1852,push_notification,18,5,True,cellular,133.7,1,21.5,False,False,browse,False,0.4751
sess_09139,usr_0961,push_notification,23,0,False,wifi,85.0,2,14.7,False,False,act,True,0.6178
sess_09140,usr_1622,organic,20,2,False,cellular,131.6,2,2.5,False,True,act,True,0.8326
sess_09141,usr_0896,push_notification,21,1,False,wifi,117.8,2,43.1,False,True,act,True,0.6544
sess_09142,usr_1254,push_notification,14,2,False,wifi,72.6,2,9.8,False,True,act,False,0.5042
sess_09143,usr_1741,push_notification,19,5,True,wifi,51.7,3,8.9,True,False,act,True,0.6007
sess_09144,usr_1545,widget,14,1,False,wifi,75.0,2,10.3,False,False,act,True,0.8388
sess_09145,usr_2341,push_notification,20,4,False,wifi,78.2,1,24.0,False,False,act,False,0.3294
sess_09146,usr_0644,organic,20,2,False,wifi,283.1,2,108.7,True,False,browse,True,0.6665
sess_09147,usr_1533,organic,13,3,False,wifi,199.0,5,3.8,False,False,browse,False,0.5575
sess_09148,usr_1043,widget,8,6,True,wifi,67.9,1,8.3,False,False,act,True,0.5856
sess_09149,usr_2256,organic,7,1,False,wifi,438.1,1,62.2,False,False,browse,False,0.4926
sess_09150,usr_0348,push_notification,19,5,True,wifi,121.5,3,23.1,False,False,act,True,0.847
sess_09151,usr_0551,push_notification,9,2,False,cellular,98.5,1,2.5,True,False,act,False,0.5203
sess_09152,usr_0345,organic,20,4,False,cellular,325.3,1,3.5,False,False,browse,False,0.5197
sess_09153,usr_1209,push_notification,7,0,False,cellular,103.0,2,1.2,False,False,act,True,0.5753
sess_09154,usr_1821,organic,20,4,False,cellular,197.9,2,12.2,False,False,browse,False,0.5286
sess_09155,usr_2126,organic,19,5,True,wifi,292.9,2,10.7,False,False,browse,True,0.7849
sess_09156,usr_1441,widget,15,2,False,cellular,284.4,1,49.1,False,False,browse,False,0.3694
sess_09157,usr_0943,widget,15,1,False,wifi,275.1,1,10.1,False,False,browse,False,0.3009
sess_09158,usr_2392,organic,13,1,False,wifi,339.3,3,9.1,False,False,browse,True,0.54
sess_09159,usr_0169,push_notification,19,5,True,wifi,96.7,2,38.6,False,True,act,True,0.6812
sess_09160,usr_1906,organic,23,0,False,cellular,302.2,4,71.7,False,False,browse,False,0.4581
sess_09161,usr_2099,push_notification,17,4,False,cellular,61.6,1,44.2,False,True,act,False,0.3048
sess_09162,usr_1378,push_notification,10,1,False,cellular,85.2,3,4.2,True,False,act,False,0.491
sess_09163,usr_1746,widget,17,2,False,wifi,146.2,1,81.5,True,False,browse,False,0.4538
sess_09164,usr_1848,organic,19,4,False,wifi,464.9,4,9.8,False,False,browse,False,0.3568
sess_09165,usr_1916,organic,19,2,False,cellular,160.9,1,14.2,False,False,browse,True,0.8403
sess_09166,usr_1772,organic,9,4,False,wifi,95.2,3,9.7,True,False,act,True,0.6185
sess_09167,usr_1676,organic,14,3,False,cellular,219.4,1,14.9,False,False,browse,False,0.2358
sess_09168,usr_1506,widget,20,3,False,cellular,182.6,3,62.9,True,True,act,True,0.7928
sess_09169,usr_2038,organic,20,6,True,wifi,395.5,1,24.0,False,True,browse,False,0.5042
sess_09170,usr_1299,widget,19,1,False,cellular,125.7,1,16.1,False,False,act,True,0.642
sess_09171,usr_1119,organic,22,1,False,wifi,347.8,3,5.8,True,False,browse,False,0.4557
sess_09172,usr_1567,organic,21,3,False,cellular,77.9,3,13.2,False,False,act,True,0.6177
sess_09173,usr_0102,widget,5,0,False,wifi,278.8,1,15.1,False,False,browse,False,0.5527
sess_09174,usr_0736,push_notification,19,5,True,wifi,134.9,2,5.0,False,False,act,True,0.8179
sess_09175,usr_1810,organic,16,3,False,cellular,393.3,4,3.1,True,True,browse,False,0.4798
sess_09176,usr_0958,organic,20,1,False,wifi,260.5,2,55.4,False,False,browse,True,0.6589
sess_09177,usr_1088,push_notification,21,4,False,cellular,338.7,3,6.6,False,True,browse,False,0.3587
sess_09178,usr_0311,widget,8,4,False,wifi,64.8,3,56.2,True,False,act,True,0.8241
sess_09179,usr_1471,organic,14,0,False,wifi,235.9,2,1.9,False,False,browse,True,0.8503
sess_09180,usr_0338,organic,7,6,True,cellular,190.3,1,4.1,False,False,browse,False,0.5458
sess_09181,usr_1207,organic,2,3,False,cellular,300.9,1,40.6,True,False,browse,False,0.3117
sess_09182,usr_2056,organic,7,4,False,cellular,286.9,1,3.7,True,False,browse,True,0.8437
sess_09183,usr_2101,organic,11,1,False,wifi,240.1,2,8.2,False,False,browse,False,0.507
sess_09184,usr_2240,organic,14,1,False,wifi,235.8,1,58.0,False,False,browse,False,0.3007
sess_09185,usr_0321,organic,12,2,False,cellular,273.8,1,72.5,True,False,browse,True,0.7906
sess_09186,usr_1133,widget,10,1,False,wifi,118.7,3,33.9,True,False,act,True,0.8021
sess_09187,usr_0933,organic,21,6,True,wifi,79.0,2,8.1,False,False,act,False,0.5414
sess_09188,usr_0404,organic,20,0,False,wifi,249.2,2,2.7,True,False,browse,True,0.8412
sess_09189,usr_0486,organic,20,0,False,cellular,107.7,2,17.2,False,False,act,True,0.7832
sess_09190,usr_0293,organic,11,4,False,wifi,151.5,2,3.0,False,False,browse,False,0.3445
sess_09191,usr_1476,organic,8,0,False,wifi,284.5,1,27.8,False,False,browse,True,0.7592
sess_09192,usr_0157,push_notification,18,4,False,wifi,182.0,3,91.5,True,False,act,True,0.8741
sess_09193,usr_2237,widget,11,4,False,cellular,51.0,2,7.6,False,True,act,True,0.8546
sess_09194,usr_0821,push_notification,22,4,False,wifi,124.5,3,20.9,True,False,act,True,0.8549
sess_09195,usr_1368,organic,14,1,False,wifi,288.5,2,168.0,False,False,browse,True,0.8332
sess_09196,usr_0806,widget,17,3,False,wifi,217.3,3,83.0,True,False,browse,True,0.7962
sess_09197,usr_1349,organic,14,1,False,wifi,342.8,2,40.1,False,False,browse,False,0.2758
sess_09198,usr_1025,push_notification,8,6,True,wifi,151.9,2,23.0,True,False,act,True,0.7994
sess_09199,usr_1240,push_notification,18,0,False,wifi,95.6,3,20.3,False,False,act,True,0.7919
sess_09200,usr_1125,push_notification,16,6,True,wifi,197.3,2,26.1,True,True,act,True,0.8563
sess_09201,usr_0781,organic,16,4,False,wifi,430.0,2,3.0,False,False,browse,False,0.5128
sess_09202,usr_2475,organic,6,4,False,cellular,297.9,2,12.8,False,False,browse,False,0.5392
sess_09203,usr_0565,organic,13,3,False,wifi,294.2,1,1.8,True,True,browse,False,0.2705
sess_09204,usr_2225,organic,18,2,False,cellular,108.1,2,25.9,True,True,act,True,0.8599
sess_09205,usr_1070,widget,19,5,True,wifi,257.7,3,24.8,False,False,browse,False,0.5241
sess_09206,usr_0035,organic,17,2,False,wifi,184.7,1,50.7,False,False,browse,False,0.4921
sess_09207,usr_1227,widget,18,3,False,cellular,344.6,2,52.3,True,False,browse,False,0.475
sess_09208,usr_1155,organic,20,5,True,cellular,257.8,1,2.0,False,True,browse,False,0.4435
sess_09209,usr_1420,push_notification,0,0,False,wifi,92.0,1,22.9,False,False,browse,True,0.6249
sess_09210,usr_1655,organic,8,4,False,wifi,180.5,1,11.8,True,True,browse,False,0.5349
sess_09211,usr_1662,organic,19,0,False,wifi,433.4,2,4.3,True,False,browse,False,0.5187
sess_09212,usr_2376,widget,21,6,True,cellular,174.5,1,45.3,True,False,browse,False,0.3779
sess_09213,usr_0049,organic,6,0,False,cellular,287.9,1,12.2,False,False,browse,False,0.4901
sess_09214,usr_1934,push_notification,7,4,False,wifi,202.1,4,28.8,True,False,act,True,0.6219
sess_09215,usr_2100,push_notification,8,6,True,wifi,152.0,1,4.2,False,False,act,True,0.6615
sess_09216,usr_0612,organic,23,1,False,wifi,181.7,1,58.1,False,False,browse,False,0.3663
sess_09217,usr_1629,push_notification,16,5,True,wifi,69.8,3,9.2,False,False,act,True,0.7048
sess_09218,usr_0933,push_notification,9,0,False,cellular,96.9,3,63.7,False,True,act,True,0.8105
sess_09219,usr_0930,push_notification,7,6,True,wifi,167.7,1,3.3,False,False,act,False,0.5501
sess_09220,usr_0860,organic,19,4,False,wifi,373.1,3,58.9,True,False,browse,False,0.505
sess_09221,usr_1944,organic,6,1,False,wifi,178.7,1,2.1,False,False,act,True,0.8036
sess_09222,usr_0958,widget,10,4,False,cellular,138.1,3,5.5,False,False,act,True,0.661
sess_09223,usr_2113,widget,13,4,False,wifi,195.7,2,31.2,False,True,act,True,0.5474
sess_09224,usr_2405,push_notification,22,2,False,cellular,436.3,1,101.6,False,False,browse,True,0.6092
sess_09225,usr_2264,organic,4,1,False,cellular,188.8,1,7.7,False,False,browse,True,0.6679
sess_09226,usr_1920,push_notification,15,1,False,wifi,186.3,1,10.2,False,False,browse,False,0.5765
sess_09227,usr_1890,widget,7,6,True,cellular,227.5,1,74.9,True,True,browse,False,0.284
sess_09228,usr_1396,push_notification,16,4,False,wifi,169.3,3,0.8,False,False,act,False,0.4635
sess_09229,usr_0352,widget,22,3,False,cellular,399.7,2,7.8,False,False,browse,False,0.5466
sess_09230,usr_1283,push_notification,12,1,False,wifi,176.7,2,44.7,True,False,act,False,0.2815
sess_09231,usr_0770,organic,8,6,True,wifi,301.1,1,55.6,False,False,browse,False,0.3632
sess_09232,usr_1757,push_notification,14,4,False,cellular,192.7,4,1.8,False,False,browse,False,0.5332
sess_09233,usr_1711,organic,22,4,False,wifi,167.0,3,8.7,True,False,act,True,0.6595
sess_09234,usr_0859,push_notification,13,3,False,cellular,124.6,1,0.8,False,False,act,True,0.6232
sess_09235,usr_1797,push_notification,20,4,False,wifi,113.7,3,2.7,False,False,act,True,0.7552
sess_09236,usr_1844,push_notification,12,0,False,cellular,84.7,3,3.6,False,False,act,True,0.6514
sess_09237,usr_2288,organic,20,2,False,wifi,176.8,1,47.6,False,False,browse,False,0.3532
sess_09238,usr_0124,push_notification,20,2,False,cellular,80.4,2,32.1,True,False,act,False,0.5459
sess_09239,usr_1535,organic,18,0,False,cellular,264.5,2,7.9,False,False,browse,False,0.5035
sess_09240,usr_0570,push_notification,19,3,False,cellular,153.3,3,2.2,False,False,act,True,0.6256
sess_09241,usr_2366,widget,19,6,True,wifi,118.4,1,1.0,False,True,act,True,0.788
sess_09242,usr_0526,push_notification,19,6,True,cellular,161.2,1,18.6,True,True,act,True,0.6162
sess_09243,usr_1252,organic,3,0,False,wifi,258.0,1,2.1,False,True,browse,False,0.2568
sess_09244,usr_0040,organic,22,5,True,wifi,206.7,2,142.9,True,False,browse,False,0.2653
sess_09245,usr_2048,organic,7,2,False,wifi,306.2,1,8.1,True,False,browse,False,0.3702
sess_09246,usr_1453,organic,17,2,False,cellular,222.6,1,8.8,True,False,browse,False,0.4902
sess_09247,usr_1392,push_notification,15,2,False,cellular,45.4,5,40.9,False,False,act,True,0.6107
sess_09248,usr_0924,push_notification,21,2,False,cellular,195.3,2,15.7,False,False,browse,False,0.5058
sess_09249,usr_1717,push_notification,12,3,False,wifi,134.5,2,5.9,True,False,act,True,0.5871
sess_09250,usr_1744,organic,9,1,False,wifi,100.0,3,10.7,False,False,act,True,0.8544
sess_09251,usr_1653,push_notification,15,3,False,cellular,94.0,1,16.4,False,False,act,False,0.4749
sess_09252,usr_2203,organic,9,2,False,cellular,339.0,2,9.4,False,False,browse,False,0.328
sess_09253,usr_1228,push_notification,8,6,True,cellular,320.8,2,2.6,False,False,browse,False,0.6083
sess_09254,usr_1336,organic,8,5,True,wifi,263.4,2,6.1,True,True,browse,True,0.779
sess_09255,usr_2405,widget,14,6,True,wifi,371.1,2,6.2,True,False,browse,False,0.5947
sess_09256,usr_0096,push_notification,9,0,False,cellular,378.0,2,21.4,False,False,browse,False,0.2813
sess_09257,usr_2325,organic,13,0,False,cellular,251.5,3,9.7,True,False,browse,False,0.51
sess_09258,usr_0132,organic,19,3,False,wifi,160.2,1,20.9,True,False,act,True,0.8023
sess_09259,usr_0570,organic,4,0,False,wifi,176.9,1,3.3,False,True,browse,False,0.2327
sess_09260,usr_0630,organic,8,2,False,cellular,203.1,1,12.3,True,False,browse,False,0.3247
sess_09261,usr_1353,organic,12,5,True,wifi,186.8,1,21.0,True,False,browse,True,0.6075
sess_09262,usr_2328,organic,19,1,False,wifi,139.7,3,143.4,True,False,act,False,0.3559
sess_09263,usr_2470,push_notification,21,6,True,wifi,76.7,4,20.4,False,True,act,True,0.8628
sess_09264,usr_2490,push_notification,20,0,False,cellular,39.4,2,3.6,False,False,act,True,0.8426
sess_09265,usr_2351,organic,12,5,True,cellular,295.8,4,4.2,False,False,browse,False,0.2681
sess_09266,usr_1602,organic,18,1,False,wifi,162.7,1,10.6,False,False,browse,False,0.5057
sess_09267,usr_1562,push_notification,17,4,False,cellular,89.7,2,2.4,False,True,act,True,0.6061
sess_09268,usr_0837,push_notification,20,6,True,wifi,80.5,2,8.2,True,False,act,True,0.8446
sess_09269,usr_1601,organic,9,5,True,wifi,107.1,2,108.8,True,False,act,True,0.6048
sess_09270,usr_0261,organic,14,5,True,wifi,338.8,1,19.4,False,True,browse,False,0.5818
sess_09271,usr_2190,push_notification,14,3,False,cellular,128.2,3,2.8,True,False,act,False,0.522
sess_09272,usr_1583,push_notification,22,0,False,wifi,89.4,3,40.5,False,False,act,True,0.8007
sess_09273,usr_0772,organic,7,3,False,cellular,236.6,1,75.6,False,False,browse,False,0.3277
sess_09274,usr_1945,organic,18,1,False,wifi,125.1,3,10.8,False,False,act,True,0.8824
sess_09275,usr_0445,push_notification,6,2,False,cellular,366.3,2,7.3,False,True,browse,False,0.5471
sess_09276,usr_1347,push_notification,13,5,True,wifi,157.6,2,7.6,False,False,act,True,0.642
sess_09277,usr_2333,organic,8,6,True,cellular,382.7,1,2.6,False,False,browse,False,0.3349
sess_09278,usr_1850,organic,16,4,False,wifi,295.2,2,12.7,False,False,browse,True,0.7496
sess_09279,usr_1248,organic,21,5,True,wifi,225.8,1,1.4,False,False,browse,False,0.4791
sess_09280,usr_0382,organic,21,6,True,wifi,297.5,1,20.2,False,False,browse,False,0.4522
sess_09281,usr_0703,push_notification,9,0,False,wifi,261.4,4,0.6,True,True,browse,False,0.2282
sess_09282,usr_0428,widget,14,6,True,wifi,282.0,1,12.8,True,False,browse,False,0.5262
sess_09283,usr_2265,push_notification,8,5,True,wifi,150.0,3,14.2,False,False,act,False,0.3388
sess_09284,usr_0728,push_notification,22,6,True,wifi,120.4,2,16.0,True,False,act,True,0.6266
sess_09285,usr_0132,organic,16,2,False,cellular,150.8,1,48.9,False,False,act,True,0.6452
sess_09286,usr_2472,widget,10,6,True,cellular,289.4,1,28.8,True,False,browse,True,0.7857
sess_09287,usr_2002,push_notification,4,0,False,wifi,84.2,3,9.6,False,False,act,True,0.5438
sess_09288,usr_0110,organic,15,3,False,cellular,178.3,1,59.9,False,True,browse,True,0.847
sess_09289,usr_0765,organic,4,2,False,wifi,271.6,2,10.5,False,False,browse,True,0.6665
sess_09290,usr_0816,organic,8,3,False,wifi,221.7,2,9.3,False,True,browse,True,0.8411
sess_09291,usr_0285,push_notification,6,2,False,wifi,255.4,1,0.7,False,False,browse,False,0.485
sess_09292,usr_1581,widget,8,0,False,cellular,183.2,2,11.1,False,False,browse,False,0.5268
sess_09293,usr_1163,organic,16,0,False,cellular,98.8,5,4.4,False,False,browse,False,0.3518
sess_09294,usr_0844,push_notification,19,6,True,wifi,135.5,4,15.4,False,True,act,False,0.5814
sess_09295,usr_0955,push_notification,9,1,False,wifi,175.4,1,7.2,False,True,act,True,0.8254
sess_09296,usr_1193,widget,13,3,False,cellular,10.0,2,4.3,False,False,act,True,0.7705
sess_09297,usr_2148,widget,18,0,False,wifi,255.2,1,5.9,False,False,browse,False,0.4718
sess_09298,usr_0287,organic,21,3,False,cellular,253.8,1,49.9,True,False,browse,False,0.5581
sess_09299,usr_1863,widget,7,5,True,wifi,229.2,3,24.4,False,False,browse,False,0.3439
sess_09300,usr_0236,widget,11,5,True,wifi,350.2,1,47.1,False,False,browse,True,0.5824
sess_09301,usr_1510,widget,16,2,False,cellular,144.3,2,117.9,False,True,act,False,0.3823
sess_09302,usr_2124,organic,11,4,False,wifi,284.2,1,7.2,False,False,browse,True,0.6203
sess_09303,usr_0046,push_notification,23,4,False,cellular,292.7,2,16.6,False,True,browse,False,0.3716
sess_09304,usr_0704,push_notification,20,2,False,cellular,259.4,1,3.4,False,False,browse,False,0.2649
sess_09305,usr_1339,organic,1,1,False,wifi,308.6,1,38.7,False,False,browse,False,0.5599
sess_09306,usr_1683,organic,19,2,False,wifi,298.0,3,10.7,False,False,browse,False,0.3544
sess_09307,usr_1602,organic,13,6,True,cellular,223.2,1,36.5,True,False,browse,False,0.5164
sess_09308,usr_0644,widget,16,0,False,wifi,195.1,3,16.5,True,False,act,True,0.8263
sess_09309,usr_0454,organic,18,4,False,wifi,370.0,1,7.6,False,False,browse,False,0.5435
sess_09310,usr_0529,widget,3,0,False,cellular,168.2,1,12.1,False,True,browse,False,0.3824
sess_09311,usr_2198,organic,21,1,False,wifi,329.0,2,3.7,True,False,browse,False,0.5131
sess_09312,usr_1714,organic,12,3,False,wifi,422.9,1,13.9,False,False,browse,False,0.5725
sess_09313,usr_1959,widget,12,1,False,wifi,389.7,4,4.5,False,False,browse,False,0.3042
sess_09314,usr_0282,push_notification,14,3,False,wifi,117.4,2,1.7,True,False,act,True,0.8745
sess_09315,usr_1594,organic,19,4,False,cellular,272.9,1,16.6,False,False,browse,False,0.2381
sess_09316,usr_0846,organic,18,5,True,wifi,389.8,1,33.1,False,False,browse,True,0.6559
sess_09317,usr_0533,widget,19,4,False,wifi,231.0,2,8.0,False,False,browse,False,0.282
sess_09318,usr_0843,push_notification,10,0,False,wifi,74.3,1,5.8,True,False,act,False,0.3517
sess_09319,usr_1269,push_notification,9,1,False,wifi,201.3,1,13.2,False,False,act,True,0.6439
sess_09320,usr_1771,organic,19,5,True,cellular,48.9,1,4.1,False,False,browse,False,0.5807
sess_09321,usr_1945,organic,12,6,True,cellular,393.3,2,58.9,False,False,browse,False,0.3508
sess_09322,usr_0651,organic,10,1,False,wifi,145.0,1,13.8,False,False,browse,True,0.8741
sess_09323,usr_2473,organic,8,0,False,wifi,305.6,3,7.5,False,False,browse,False,0.2548
sess_09324,usr_2356,widget,19,5,True,cellular,160.8,3,34.8,False,False,browse,False,0.3973
sess_09325,usr_1272,widget,15,5,True,cellular,413.1,3,3.5,True,False,browse,False,0.5741
sess_09326,usr_2407,organic,20,2,False,cellular,120.9,1,37.5,False,False,act,False,0.571
sess_09327,usr_0832,organic,11,6,True,cellular,65.3,3,16.5,False,True,act,True,0.849
sess_09328,usr_2059,push_notification,16,1,False,wifi,126.0,2,23.3,True,False,act,False,0.4804
sess_09329,usr_1880,push_notification,19,6,True,cellular,107.4,2,21.6,True,False,act,True,0.7656
sess_09330,usr_1129,organic,16,3,False,cellular,351.5,1,2.9,True,False,browse,False,0.4972
sess_09331,usr_0827,push_notification,12,1,False,cellular,303.1,1,7.5,False,False,browse,False,0.4952
sess_09332,usr_0031,organic,13,2,False,wifi,229.2,1,11.6,False,False,browse,False,0.5299
sess_09333,usr_0585,widget,20,3,False,wifi,181.3,2,10.7,True,False,act,True,0.6164
sess_09334,usr_1826,organic,11,3,False,cellular,151.6,1,1.9,True,False,act,True,0.6109
sess_09335,usr_0263,organic,19,2,False,cellular,241.5,1,26.6,False,False,browse,False,0.5393
sess_09336,usr_1636,push_notification,7,6,True,wifi,354.5,2,63.4,False,False,browse,False,0.214
sess_09337,usr_2478,push_notification,17,1,False,cellular,208.6,2,3.7,False,False,browse,False,0.3104
sess_09338,usr_1012,widget,19,2,False,cellular,139.7,2,5.7,False,False,act,True,0.8525
sess_09339,usr_2154,organic,9,5,True,cellular,292.8,1,25.2,True,False,browse,False,0.258
sess_09340,usr_1348,push_notification,8,2,False,wifi,139.7,2,4.8,True,False,act,True,0.5816
sess_09341,usr_2332,widget,16,5,True,cellular,309.4,1,21.3,False,False,browse,False,0.4855
sess_09342,usr_2011,widget,15,6,True,wifi,159.9,2,9.6,False,False,browse,False,0.4707
sess_09343,usr_1885,widget,21,2,False,wifi,234.4,1,22.1,True,False,browse,True,0.6959
sess_09344,usr_1896,organic,18,0,False,wifi,222.5,4,22.0,False,False,browse,False,0.3397
sess_09345,usr_2360,widget,11,6,True,wifi,240.6,1,5.8,True,False,browse,False,0.3212
sess_09346,usr_0161,widget,9,5,True,cellular,257.7,1,42.7,False,False,browse,False,0.3298
sess_09347,usr_0374,organic,8,5,True,wifi,378.8,2,1.8,False,False,browse,False,0.4858
sess_09348,usr_1180,push_notification,12,3,False,cellular,186.5,3,11.9,False,False,act,False,0.516
sess_09349,usr_1870,organic,10,6,True,wifi,157.2,3,168.0,False,False,act,True,0.7909
sess_09350,usr_1421,organic,8,6,True,cellular,163.1,3,1.5,False,False,browse,False,0.4995
sess_09351,usr_1219,push_notification,18,3,False,cellular,156.5,3,22.3,False,False,act,True,0.5958
sess_09352,usr_1602,organic,13,2,False,cellular,239.9,2,103.3,True,True,browse,False,0.4501
sess_09353,usr_0718,organic,21,6,True,wifi,287.0,1,22.2,False,False,browse,False,0.2555
sess_09354,usr_1701,organic,18,6,True,cellular,155.5,1,3.5,True,True,browse,True,0.5747
sess_09355,usr_1021,organic,17,5,True,cellular,255.2,1,11.3,True,False,browse,False,0.2997
sess_09356,usr_0736,widget,22,3,False,wifi,168.9,2,12.9,True,False,browse,True,0.6622
sess_09357,usr_1770,organic,19,4,False,cellular,146.5,5,0.8,False,False,act,True,0.8859
sess_09358,usr_1876,organic,13,3,False,cellular,288.0,1,12.2,False,True,browse,False,0.5939
sess_09359,usr_1576,organic,7,5,True,cellular,397.2,3,113.7,True,True,browse,True,0.793
sess_09360,usr_0752,push_notification,18,2,False,cellular,141.7,3,3.2,False,False,act,True,0.8311
sess_09361,usr_2330,widget,10,1,False,wifi,42.8,2,39.4,False,True,act,True,0.6575
sess_09362,usr_0392,widget,9,0,False,cellular,367.1,1,4.3,True,False,browse,False,0.2925
sess_09363,usr_1612,organic,2,2,False,wifi,295.1,3,2.4,True,True,browse,True,0.682
sess_09364,usr_0179,organic,11,6,True,wifi,421.8,2,37.7,False,True,browse,False,0.4371
sess_09365,usr_0982,push_notification,6,6,True,wifi,131.6,2,14.9,False,False,act,True,0.8549
sess_09366,usr_0647,push_notification,12,1,False,cellular,172.6,2,56.6,False,False,act,True,0.8429
sess_09367,usr_1122,organic,23,1,False,wifi,315.0,3,1.5,False,False,browse,True,0.8634
sess_09368,usr_2203,organic,16,3,False,wifi,233.3,1,70.1,False,False,browse,False,0.4775
sess_09369,usr_1196,widget,11,4,False,cellular,329.6,3,21.2,True,False,browse,False,0.3236
sess_09370,usr_0274,organic,19,1,False,cellular,344.3,1,9.4,False,False,browse,True,0.5488
sess_09371,usr_0890,push_notification,17,5,True,wifi,238.1,1,20.1,False,False,browse,False,0.3196
sess_09372,usr_2022,organic,15,5,True,wifi,98.7,3,19.1,False,False,act,True,0.7892
sess_09373,usr_1685,organic,0,6,True,cellular,266.3,2,3.7,False,False,browse,False,0.535
sess_09374,usr_2265,organic,13,1,False,wifi,335.4,4,11.4,False,False,browse,False,0.3651
sess_09375,usr_0497,organic,13,1,False,wifi,328.8,2,3.1,False,False,browse,False,0.3068
sess_09376,usr_1511,organic,13,6,True,wifi,300.9,3,5.6,False,False,browse,False,0.2187
sess_09377,usr_0314,organic,10,6,True,wifi,124.5,1,10.5,False,False,browse,False,0.2843
sess_09378,usr_0431,organic,23,5,True,cellular,95.3,2,5.4,False,False,act,True,0.8512
sess_09379,usr_2067,widget,17,5,True,cellular,156.2,1,20.1,True,False,browse,False,0.248
sess_09380,usr_1336,widget,6,6,True,wifi,245.9,3,2.4,False,True,browse,False,0.4599
sess_09381,usr_1680,organic,9,5,True,cellular,152.5,2,56.2,False,False,act,True,0.8833
sess_09382,usr_1848,push_notification,12,3,False,wifi,136.1,4,5.5,True,False,act,True,0.7989
sess_09383,usr_0676,organic,12,5,True,cellular,128.0,2,12.8,True,False,act,True,0.8727
sess_09384,usr_1036,organic,8,6,True,cellular,323.6,1,34.2,False,False,browse,False,0.4709
sess_09385,usr_0850,organic,16,1,False,wifi,292.7,1,17.9,True,False,browse,True,0.7273
sess_09386,usr_2073,organic,11,3,False,wifi,310.2,1,43.4,False,False,browse,False,0.466
sess_09387,usr_0183,widget,16,4,False,cellular,314.8,1,3.2,False,False,browse,False,0.2438
sess_09388,usr_1894,push_notification,21,6,True,cellular,284.2,4,30.3,False,False,browse,False,0.5666
sess_09389,usr_0110,push_notification,13,1,False,wifi,118.3,3,4.5,True,False,act,False,0.5308
sess_09390,usr_0300,organic,21,1,False,wifi,374.7,1,4.7,False,True,browse,True,0.6213
sess_09391,usr_1892,push_notification,21,5,True,cellular,165.1,3,67.7,True,False,act,True,0.8194
sess_09392,usr_1562,push_notification,19,4,False,cellular,108.3,5,2.4,False,False,act,True,0.8767
sess_09393,usr_1408,push_notification,15,4,False,cellular,93.0,2,17.6,True,False,act,True,0.8891
sess_09394,usr_1636,push_notification,16,6,True,wifi,101.1,3,6.0,False,False,act,True,0.603
sess_09395,usr_0797,organic,14,6,True,cellular,280.0,1,28.0,False,False,browse,False,0.4842
sess_09396,usr_1625,push_notification,12,3,False,wifi,324.2,2,25.8,False,False,browse,False,0.4882
sess_09397,usr_0155,organic,22,5,True,wifi,132.1,3,14.2,False,False,act,False,0.4785
sess_09398,usr_0044,organic,18,5,True,wifi,229.5,1,20.0,False,False,browse,False,0.5673
sess_09399,usr_1027,organic,18,0,False,wifi,292.2,1,1.4,True,False,browse,False,0.4926
sess_09400,usr_0470,organic,19,6,True,wifi,362.9,5,10.3,True,False,browse,False,0.342
sess_09401,usr_0560,organic,18,0,False,cellular,249.8,1,157.0,False,False,browse,False,0.5038
sess_09402,usr_1340,organic,19,5,True,wifi,486.6,1,6.5,False,True,browse,False,0.3035
sess_09403,usr_1902,organic,9,0,False,cellular,434.0,1,3.5,True,False,browse,False,0.3693
sess_09404,usr_1986,organic,18,1,False,cellular,217.1,1,6.3,True,False,browse,False,0.3474
sess_09405,usr_1890,widget,8,6,True,cellular,124.8,3,40.2,True,False,act,False,0.3666
sess_09406,usr_0280,push_notification,17,6,True,cellular,276.3,3,12.6,False,False,browse,False,0.368
sess_09407,usr_0339,organic,9,4,False,wifi,207.9,1,7.0,True,False,browse,False,0.5523
sess_09408,usr_2247,widget,19,2,False,wifi,358.0,3,28.2,True,False,browse,False,0.3685
sess_09409,usr_0993,organic,18,1,False,wifi,407.1,1,51.4,False,False,browse,True,0.8049
sess_09410,usr_1793,organic,19,1,False,cellular,274.4,2,26.3,False,True,browse,False,0.252
sess_09411,usr_0575,organic,19,4,False,wifi,118.0,1,16.9,True,True,browse,False,0.5406
sess_09412,usr_1929,push_notification,13,3,False,wifi,121.9,1,5.7,False,False,act,True,0.7895
sess_09413,usr_1144,organic,11,3,False,wifi,79.2,3,3.9,True,True,act,False,0.5134
sess_09414,usr_0661,push_notification,8,3,False,wifi,69.3,3,31.3,True,False,act,True,0.8758
sess_09415,usr_0699,organic,12,6,True,cellular,283.6,2,71.5,True,False,browse,False,0.3825
sess_09416,usr_0074,organic,4,4,False,cellular,148.2,1,114.2,False,False,browse,False,0.3008
sess_09417,usr_2487,push_notification,14,3,False,wifi,197.5,1,2.6,False,False,act,True,0.7598
sess_09418,usr_0412,push_notification,19,5,True,wifi,326.9,2,0.8,False,False,browse,True,0.5674
sess_09419,usr_0726,push_notification,16,2,False,wifi,170.8,1,3.5,True,True,act,True,0.8302
sess_09420,usr_1205,organic,20,0,False,wifi,311.6,1,70.3,False,True,browse,False,0.3316
sess_09421,usr_0509,push_notification,19,3,False,cellular,200.0,5,63.8,True,False,browse,False,0.307
sess_09422,usr_2190,push_notification,19,6,True,cellular,112.0,1,24.2,True,True,act,False,0.5347
sess_09423,usr_1601,organic,17,3,False,wifi,327.7,2,17.3,False,False,browse,False,0.3867
sess_09424,usr_0690,organic,21,1,False,cellular,267.3,1,41.3,True,False,browse,False,0.5082
sess_09425,usr_0318,push_notification,10,4,False,cellular,274.9,1,5.3,False,False,browse,False,0.307
sess_09426,usr_0046,organic,16,1,False,cellular,384.0,1,8.9,False,True,browse,False,0.4891
sess_09427,usr_1120,push_notification,19,6,True,wifi,298.3,2,24.8,True,False,browse,False,0.5472
sess_09428,usr_0629,organic,18,3,False,wifi,384.8,1,7.9,True,False,browse,False,0.2906
sess_09429,usr_1805,widget,19,5,True,cellular,121.4,2,3.8,False,False,act,True,0.8148
sess_09430,usr_1467,push_notification,20,5,True,wifi,306.1,1,20.5,False,False,browse,True,0.8804
sess_09431,usr_0729,organic,20,3,False,cellular,14.2,2,10.1,True,False,act,True,0.8223
sess_09432,usr_0888,organic,15,0,False,wifi,323.6,1,13.6,False,False,browse,False,0.3366
sess_09433,usr_0142,widget,7,6,True,wifi,254.2,3,6.8,False,False,browse,True,0.7738
sess_09434,usr_2181,organic,20,0,False,cellular,102.8,3,8.6,False,False,act,True,0.6511
sess_09435,usr_0886,push_notification,8,5,True,wifi,170.0,3,51.5,True,True,act,False,0.2528
sess_09436,usr_1811,widget,11,1,False,wifi,314.9,1,88.5,False,False,browse,False,0.4641
sess_09437,usr_0196,push_notification,20,3,False,wifi,214.4,1,12.0,False,False,browse,False,0.4816
sess_09438,usr_2142,organic,20,4,False,wifi,212.7,3,39.1,False,False,browse,False,0.2742
sess_09439,usr_0422,organic,15,6,True,cellular,373.2,1,22.2,False,False,browse,False,0.3085
sess_09440,usr_1600,organic,19,6,True,cellular,291.3,3,8.5,True,False,browse,False,0.5278
sess_09441,usr_1263,organic,22,5,True,cellular,177.9,1,18.5,False,False,browse,True,0.7516
sess_09442,usr_1819,push_notification,9,6,True,wifi,148.2,1,23.5,True,True,act,True,0.6839
sess_09443,usr_0215,push_notification,8,3,False,cellular,277.8,3,48.3,False,False,browse,True,0.5528
sess_09444,usr_2451,push_notification,21,1,False,wifi,122.8,2,10.0,False,False,act,False,0.4651
sess_09445,usr_0020,organic,10,1,False,cellular,119.4,3,5.1,True,False,act,True,0.6792
sess_09446,usr_0200,organic,11,3,False,wifi,232.9,2,8.3,False,False,browse,False,0.3529
sess_09447,usr_1546,organic,9,2,False,wifi,290.1,1,8.8,False,False,browse,False,0.4821
sess_09448,usr_0827,organic,7,3,False,cellular,246.4,3,16.9,True,False,browse,False,0.4912
sess_09449,usr_1023,organic,18,4,False,cellular,194.3,1,26.4,True,True,browse,False,0.5417
sess_09450,usr_1535,organic,7,0,False,wifi,315.8,5,22.1,False,False,browse,False,0.2715
sess_09451,usr_0978,organic,9,2,False,wifi,82.2,3,1.7,False,False,act,True,0.8096
sess_09452,usr_0820,organic,13,2,False,wifi,125.2,2,26.0,False,False,act,True,0.8186
sess_09453,usr_0375,widget,11,3,False,cellular,223.6,1,8.1,True,False,browse,False,0.2725
sess_09454,usr_0066,widget,8,2,False,cellular,47.5,2,6.5,False,False,act,True,0.5332
sess_09455,usr_1728,push_notification,18,2,False,cellular,72.3,2,6.6,False,False,act,False,0.344
sess_09456,usr_0115,push_notification,18,5,True,cellular,158.5,3,2.2,True,False,act,False,0.3144
sess_09457,usr_0060,organic,13,0,False,cellular,109.4,3,13.6,False,False,act,False,0.5088
sess_09458,usr_1381,push_notification,9,1,False,wifi,234.1,4,5.3,False,True,browse,False,0.5232
sess_09459,usr_0788,organic,9,3,False,wifi,196.3,4,20.8,False,True,act,True,0.6014
sess_09460,usr_0259,organic,21,4,False,cellular,264.4,4,15.5,False,False,browse,True,0.8749
sess_09461,usr_0904,push_notification,13,3,False,wifi,139.1,4,9.6,False,False,act,True,0.8426
sess_09462,usr_0396,organic,7,5,True,wifi,225.6,1,14.9,True,False,browse,False,0.5073
sess_09463,usr_0688,push_notification,7,4,False,wifi,73.1,3,27.7,False,False,act,True,0.6369
sess_09464,usr_0685,push_notification,15,0,False,cellular,225.6,2,21.4,False,False,act,True,0.8288
sess_09465,usr_0181,organic,23,6,True,wifi,299.7,3,71.9,False,False,browse,True,0.8758
sess_09466,usr_1703,organic,21,4,False,wifi,162.1,1,15.0,True,False,browse,False,0.3038
sess_09467,usr_2100,push_notification,8,1,False,cellular,121.4,3,72.3,True,False,act,False,0.5643
sess_09468,usr_0442,push_notification,7,3,False,wifi,127.6,2,6.4,False,False,act,True,0.7482
sess_09469,usr_1340,push_notification,12,3,False,cellular,104.8,2,8.1,True,False,act,True,0.6298
sess_09470,usr_1322,organic,6,1,False,wifi,365.2,2,16.8,False,False,browse,False,0.5276
sess_09471,usr_2303,organic,19,3,False,wifi,258.2,1,4.0,False,False,browse,False,0.5898
sess_09472,usr_0777,widget,20,5,True,wifi,105.6,4,2.8,False,False,act,True,0.7861
sess_09473,usr_0849,widget,19,4,False,cellular,248.4,2,4.7,True,False,browse,False,0.5175
sess_09474,usr_2219,organic,19,1,False,cellular,100.1,2,59.4,False,True,act,True,0.8287
sess_09475,usr_1619,push_notification,20,6,True,cellular,53.4,2,13.0,False,False,act,True,0.652
sess_09476,usr_1753,push_notification,21,0,False,cellular,170.2,2,148.3,False,False,act,False,0.503
sess_09477,usr_0495,organic,14,4,False,wifi,340.1,3,20.6,False,False,browse,False,0.291
sess_09478,usr_0952,organic,7,3,False,cellular,199.0,1,7.5,False,False,browse,False,0.4837
sess_09479,usr_0876,organic,20,6,True,cellular,151.7,1,113.0,True,False,browse,False,0.2995
sess_09480,usr_0434,widget,10,4,False,wifi,97.3,2,9.6,True,False,act,True,0.6213
sess_09481,usr_1461,push_notification,8,3,False,cellular,333.3,2,8.7,True,False,browse,True,0.7265
sess_09482,usr_1325,organic,20,2,False,cellular,309.1,2,4.3,False,False,browse,False,0.486
sess_09483,usr_0712,organic,13,6,True,wifi,303.5,5,14.2,True,False,browse,True,0.5969
sess_09484,usr_0062,widget,13,4,False,wifi,176.2,2,21.4,False,False,act,True,0.805
sess_09485,usr_1648,push_notification,20,1,False,wifi,119.0,1,63.1,False,False,act,True,0.8402
sess_09486,usr_1296,organic,17,5,True,cellular,485.4,4,36.4,False,True,browse,False,0.4377
sess_09487,usr_0050,push_notification,16,2,False,cellular,303.2,1,7.0,True,False,browse,True,0.6493
sess_09488,usr_1595,widget,12,5,True,cellular,241.0,1,0.9,False,False,browse,False,0.3238
sess_09489,usr_0872,widget,8,3,False,wifi,132.5,2,5.7,True,False,act,False,0.4735
sess_09490,usr_1880,organic,18,5,True,cellular,267.0,2,8.0,True,False,browse,False,0.4574
sess_09491,usr_0902,widget,10,3,False,wifi,319.1,2,26.6,False,False,browse,False,0.3301
sess_09492,usr_0271,widget,19,5,True,wifi,116.0,3,1.0,True,False,act,True,0.6493
sess_09493,usr_1141,organic,19,3,False,cellular,122.3,3,2.5,False,False,act,True,0.6255
sess_09494,usr_1512,widget,19,1,False,wifi,191.3,1,2.4,False,False,browse,True,0.8389
sess_09495,usr_0180,organic,19,5,True,wifi,349.7,1,3.4,True,False,browse,False,0.3484
sess_09496,usr_0276,widget,11,0,False,wifi,183.7,1,57.8,False,False,browse,False,0.3574
sess_09497,usr_0896,organic,11,4,False,cellular,193.7,1,18.2,False,False,browse,False,0.5271
sess_09498,usr_1684,push_notification,20,6,True,wifi,285.1,4,143.9,True,False,browse,False,0.5283
sess_09499,usr_1236,widget,7,6,True,cellular,352.1,1,0.5,False,False,browse,False,0.2747
sess_09500,usr_2453,organic,21,0,False,cellular,322.6,1,46.2,True,False,browse,False,0.5621
sess_09501,usr_2047,push_notification,15,0,False,wifi,84.0,3,11.9,False,False,act,True,0.8506
sess_09502,usr_0418,push_notification,19,4,False,wifi,61.7,3,10.9,False,False,act,True,0.6723
sess_09503,usr_2197,organic,20,1,False,wifi,266.3,2,4.3,True,True,browse,False,0.5598
sess_09504,usr_2332,push_notification,16,5,True,wifi,115.3,1,7.4,False,False,act,True,0.7989
sess_09505,usr_0703,organic,15,3,False,wifi,286.4,1,36.3,True,False,browse,False,0.4991
sess_09506,usr_1032,organic,12,2,False,wifi,312.3,3,14.8,False,False,browse,False,0.3539
sess_09507,usr_0389,organic,8,0,False,cellular,338.1,1,47.7,True,False,browse,False,0.3017
sess_09508,usr_2458,organic,6,5,True,wifi,270.5,2,41.9,False,False,browse,False,0.5379
sess_09509,usr_1329,widget,5,5,True,cellular,295.5,3,4.6,False,False,browse,True,0.604
sess_09510,usr_1592,organic,13,5,True,cellular,411.0,2,3.1,True,True,browse,False,0.3355
sess_09511,usr_0545,push_notification,15,0,False,wifi,145.1,3,4.6,True,False,act,False,0.438
sess_09512,usr_1361,widget,19,1,False,wifi,153.6,3,3.6,True,False,act,True,0.8541
sess_09513,usr_0719,push_notification,18,1,False,wifi,267.4,3,21.8,False,False,browse,False,0.3208
sess_09514,usr_1303,push_notification,21,1,False,wifi,158.8,4,8.2,True,False,act,False,0.4617
sess_09515,usr_1975,widget,12,6,True,wifi,427.8,3,5.3,True,False,browse,False,0.339
sess_09516,usr_0277,widget,5,1,False,cellular,167.7,2,137.3,False,False,browse,False,0.2987
sess_09517,usr_1373,push_notification,9,4,False,wifi,302.7,3,14.6,True,False,browse,False,0.4617
sess_09518,usr_0073,organic,19,6,True,wifi,340.4,2,13.3,False,False,browse,False,0.5581
sess_09519,usr_2493,organic,16,3,False,wifi,240.5,3,25.5,True,False,browse,False,0.439
sess_09520,usr_2397,push_notification,19,6,True,wifi,168.2,3,8.4,True,False,act,True,0.6979
sess_09521,usr_1839,widget,12,2,False,cellular,226.4,1,44.9,False,False,browse,False,0.517
sess_09522,usr_1567,push_notification,17,1,False,wifi,240.6,1,18.9,False,False,browse,True,0.5746
sess_09523,usr_2094,widget,8,3,False,wifi,251.5,1,168.0,False,False,browse,False,0.4737
sess_09524,usr_0953,organic,20,6,True,wifi,313.4,1,10.8,False,False,browse,False,0.5142
sess_09525,usr_2063,push_notification,19,4,False,cellular,119.4,2,33.8,False,False,act,True,0.8224
sess_09526,usr_2407,organic,15,6,True,wifi,246.1,3,22.8,True,False,browse,False,0.4791
sess_09527,usr_0055,push_notification,13,2,False,cellular,219.2,2,8.6,False,False,browse,False,0.2744
sess_09528,usr_0953,organic,3,6,True,wifi,345.3,3,2.7,True,False,browse,True,0.6114
sess_09529,usr_0087,organic,19,1,False,cellular,359.6,2,27.6,False,False,browse,False,0.5604
sess_09530,usr_0509,organic,19,0,False,wifi,303.3,4,38.6,True,False,browse,False,0.5353
sess_09531,usr_1266,organic,19,6,True,wifi,236.6,1,13.7,False,False,browse,False,0.5579
sess_09532,usr_0969,organic,20,1,False,wifi,228.3,1,10.1,True,False,browse,False,0.4586
sess_09533,usr_1756,widget,6,3,False,cellular,348.8,2,9.3,False,False,browse,False,0.4592
sess_09534,usr_0998,organic,8,3,False,wifi,231.0,1,11.3,False,False,browse,False,0.4554
sess_09535,usr_0326,push_notification,21,6,True,cellular,92.8,2,31.0,True,False,act,True,0.8872
sess_09536,usr_0246,organic,10,6,True,wifi,107.9,2,12.1,True,False,act,False,0.4858
sess_09537,usr_0564,push_notification,19,6,True,wifi,151.3,3,5.6,False,True,act,True,0.6593
sess_09538,usr_1535,organic,17,6,True,wifi,276.8,1,100.2,False,False,browse,False,0.5701
sess_09539,usr_2043,push_notification,15,0,False,wifi,283.7,1,0.3,False,False,browse,False,0.4952
sess_09540,usr_1215,widget,23,1,False,wifi,56.1,1,168.0,False,False,act,True,0.8076
sess_09541,usr_0828,organic,11,1,False,cellular,244.4,2,123.8,False,False,browse,False,0.3361
sess_09542,usr_0622,widget,20,0,False,cellular,93.4,4,19.7,False,False,act,True,0.8316
sess_09543,usr_1540,push_notification,3,1,False,wifi,308.4,2,24.6,False,False,browse,False,0.4709
sess_09544,usr_0838,widget,21,5,True,wifi,75.9,3,9.3,True,False,act,True,0.6402
sess_09545,usr_0156,organic,16,4,False,wifi,237.3,5,0.5,True,True,browse,False,0.2805
sess_09546,usr_0976,organic,7,2,False,wifi,104.8,2,20.3,False,True,act,False,0.3511
sess_09547,usr_2450,organic,18,5,True,wifi,322.3,2,110.2,True,False,browse,True,0.5804
sess_09548,usr_1818,push_notification,18,2,False,wifi,121.3,1,5.6,False,False,act,False,0.5453
sess_09549,usr_1347,push_notification,12,2,False,wifi,403.4,1,9.2,False,False,browse,True,0.6686
sess_09550,usr_0550,organic,16,5,True,wifi,187.1,1,12.5,True,False,browse,False,0.4918
sess_09551,usr_1140,push_notification,10,1,False,wifi,133.9,2,88.1,True,False,act,False,0.2926
sess_09552,usr_1301,organic,9,4,False,cellular,236.3,1,2.3,False,False,browse,False,0.4915
sess_09553,usr_0163,widget,21,3,False,wifi,363.3,3,16.4,False,False,browse,False,0.346
sess_09554,usr_2134,organic,21,0,False,cellular,238.2,1,41.4,False,True,browse,False,0.5911
sess_09555,usr_1700,organic,11,5,True,cellular,198.6,3,54.1,False,False,browse,True,0.5657
sess_09556,usr_1182,organic,20,4,False,wifi,146.2,1,5.3,True,False,browse,False,0.5379
sess_09557,usr_0098,widget,16,4,False,cellular,186.6,3,6.5,False,False,act,False,0.6007
sess_09558,usr_0939,organic,23,4,False,wifi,237.5,1,53.1,False,False,browse,False,0.5388
sess_09559,usr_1357,organic,16,3,False,cellular,92.6,1,4.5,False,False,act,True,0.8045
sess_09560,usr_1404,organic,18,3,False,cellular,268.6,1,46.1,False,True,browse,False,0.5516
sess_09561,usr_0993,organic,12,1,False,cellular,291.6,1,5.3,True,False,browse,True,0.6378
sess_09562,usr_0844,widget,20,4,False,wifi,83.9,1,4.2,True,True,act,True,0.6551
sess_09563,usr_2210,push_notification,8,3,False,wifi,151.5,1,3.2,False,False,act,False,0.3919
sess_09564,usr_0222,organic,20,2,False,cellular,325.5,2,3.1,True,False,browse,True,0.6366
sess_09565,usr_1018,organic,20,6,True,wifi,352.1,2,9.1,False,False,browse,False,0.5478
sess_09566,usr_0912,organic,7,4,False,wifi,294.0,1,49.9,False,False,browse,False,0.2537
sess_09567,usr_2491,widget,12,0,False,wifi,75.2,2,18.3,False,False,act,True,0.5307
sess_09568,usr_1563,push_notification,17,1,False,wifi,121.7,3,3.5,False,True,act,True,0.8529
sess_09569,usr_2136,organic,19,3,False,wifi,360.9,1,15.8,True,False,browse,True,0.8277
sess_09570,usr_1318,push_notification,13,0,False,cellular,274.7,1,10.6,False,False,browse,False,0.4504
sess_09571,usr_0752,organic,9,2,False,cellular,192.1,2,6.6,False,True,act,True,0.8374
sess_09572,usr_1812,widget,21,2,False,wifi,70.6,3,44.5,True,False,act,False,0.5457
sess_09573,usr_0025,widget,16,5,True,wifi,296.3,1,101.5,False,False,browse,False,0.4778
sess_09574,usr_0265,widget,14,2,False,wifi,376.1,1,12.3,False,False,browse,False,0.5258
sess_09575,usr_2014,organic,15,1,False,cellular,215.8,1,13.8,False,False,browse,False,0.2878
sess_09576,usr_0287,push_notification,19,3,False,cellular,104.3,1,1.2,True,False,act,True,0.7708
sess_09577,usr_0789,organic,10,0,False,cellular,279.6,2,2.5,False,False,browse,True,0.8217
sess_09578,usr_0214,widget,0,1,False,wifi,95.6,3,1.6,True,False,act,True,0.8045
sess_09579,usr_0580,push_notification,7,1,False,wifi,75.9,2,15.2,True,False,act,True,0.6427
sess_09580,usr_0837,organic,6,5,True,cellular,267.0,3,9.3,False,False,browse,False,0.316
sess_09581,usr_0515,widget,21,5,True,wifi,375.7,3,24.0,True,False,browse,True,0.7565
sess_09582,usr_0376,organic,18,4,False,wifi,182.8,2,8.8,True,False,browse,False,0.4683
sess_09583,usr_0712,push_notification,8,2,False,cellular,281.3,1,22.3,False,False,browse,False,0.2915
sess_09584,usr_2428,organic,23,1,False,cellular,211.5,2,34.5,True,False,browse,False,0.3388
sess_09585,usr_2249,push_notification,20,5,True,wifi,253.4,2,24.6,False,False,browse,False,0.5479
sess_09586,usr_0838,push_notification,8,0,False,wifi,10.0,2,47.6,True,True,act,True,0.8119
sess_09587,usr_0968,push_notification,5,3,False,wifi,70.3,3,2.2,True,False,act,True,0.7697
sess_09588,usr_2079,push_notification,20,5,True,cellular,302.4,1,32.4,False,False,browse,True,0.6564
sess_09589,usr_0321,organic,11,2,False,wifi,344.7,1,2.4,False,False,browse,False,0.5935
sess_09590,usr_1746,push_notification,3,6,True,wifi,105.1,2,2.3,False,False,act,True,0.8761
sess_09591,usr_1914,push_notification,10,0,False,wifi,175.5,2,32.3,False,False,act,False,0.4781
sess_09592,usr_1276,organic,17,4,False,wifi,308.5,1,78.3,False,True,browse,False,0.45
sess_09593,usr_0673,widget,14,0,False,cellular,357.2,1,22.1,False,True,browse,False,0.2489
sess_09594,usr_0810,push_notification,15,3,False,wifi,128.5,3,10.0,True,False,act,True,0.5959
sess_09595,usr_1004,organic,11,0,False,cellular,231.6,5,29.7,False,False,browse,False,0.3526
sess_09596,usr_1737,organic,16,5,True,wifi,415.5,1,0.9,False,False,browse,False,0.5321
sess_09597,usr_0723,widget,19,1,False,wifi,260.3,1,20.9,True,False,browse,True,0.5537
sess_09598,usr_2482,widget,9,5,True,cellular,276.7,1,1.2,False,False,browse,False,0.3094
sess_09599,usr_1020,organic,18,6,True,wifi,164.4,5,8.6,False,True,act,True,0.8393
sess_09600,usr_1242,organic,15,3,False,wifi,304.1,1,6.0,False,False,browse,False,0.2915
sess_09601,usr_1169,widget,8,2,False,wifi,164.5,2,7.2,False,False,browse,False,0.369
sess_09602,usr_2362,push_notification,19,0,False,cellular,266.8,1,4.2,False,False,browse,False,0.5344
sess_09603,usr_1837,organic,20,2,False,wifi,215.4,2,15.7,False,False,browse,False,0.4964
sess_09604,usr_0825,organic,14,2,False,cellular,286.9,1,4.2,False,False,browse,False,0.5166
sess_09605,usr_1114,organic,7,5,True,wifi,192.4,1,5.7,False,False,browse,False,0.5285
sess_09606,usr_1971,widget,20,3,False,wifi,154.4,3,6.2,True,False,act,False,0.5398
sess_09607,usr_0328,organic,15,5,True,wifi,352.2,1,2.6,True,False,browse,False,0.3755
sess_09608,usr_1473,organic,15,4,False,cellular,127.6,1,12.0,True,False,browse,False,0.47
sess_09609,usr_1632,widget,23,4,False,cellular,119.4,1,14.7,False,True,act,False,0.2355
sess_09610,usr_1548,organic,15,0,False,wifi,103.8,1,9.9,False,False,browse,False,0.2994
sess_09611,usr_0688,widget,7,2,False,wifi,71.9,2,40.7,True,False,act,True,0.8238
sess_09612,usr_1929,widget,21,5,True,wifi,79.8,5,2.9,False,False,act,False,0.332
sess_09613,usr_1808,widget,15,0,False,wifi,121.9,2,19.2,False,True,act,True,0.8643
sess_09614,usr_1732,organic,20,6,True,cellular,248.9,2,8.7,True,False,browse,False,0.4271
sess_09615,usr_2070,widget,6,2,False,cellular,378.5,4,21.7,True,False,browse,False,0.3328
sess_09616,usr_2497,organic,20,1,False,wifi,332.6,2,4.0,True,False,browse,False,0.3234
sess_09617,usr_1776,organic,7,2,False,wifi,291.3,1,11.5,True,False,browse,False,0.3171
sess_09618,usr_0639,widget,19,4,False,wifi,96.4,3,7.2,True,False,act,True,0.7372
sess_09619,usr_1975,push_notification,13,1,False,wifi,274.8,2,24.5,False,False,browse,False,0.5491
sess_09620,usr_0082,push_notification,2,6,True,wifi,306.1,4,20.2,False,False,browse,False,0.316
sess_09621,usr_1563,organic,20,2,False,cellular,241.6,1,5.9,True,False,browse,False,0.5223
sess_09622,usr_1751,push_notification,12,4,False,cellular,108.1,3,14.4,False,True,act,True,0.611
sess_09623,usr_0341,push_notification,14,4,False,cellular,100.3,2,18.1,True,False,act,True,0.7974
sess_09624,usr_1230,widget,17,4,False,wifi,214.4,1,1.8,True,False,browse,False,0.495
sess_09625,usr_2438,widget,6,4,False,cellular,95.9,3,3.3,False,False,act,True,0.838
sess_09626,usr_2201,push_notification,7,5,True,wifi,257.8,1,15.4,False,True,browse,False,0.5947
sess_09627,usr_0626,push_notification,19,6,True,wifi,151.2,3,6.6,False,True,act,True,0.6273
sess_09628,usr_2265,organic,23,5,True,wifi,189.4,2,7.0,False,True,browse,False,0.5395
sess_09629,usr_0720,widget,13,0,False,cellular,130.0,1,22.4,False,True,act,True,0.5762
sess_09630,usr_1054,widget,6,1,False,wifi,215.6,1,85.9,False,False,browse,True,0.8129
sess_09631,usr_1559,organic,16,6,True,cellular,395.4,1,5.5,False,False,browse,False,0.4653
sess_09632,usr_1900,push_notification,8,5,True,wifi,147.2,2,2.2,False,False,act,True,0.5654
sess_09633,usr_1253,widget,5,3,False,cellular,200.3,5,17.9,False,False,act,True,0.7805
sess_09634,usr_1858,widget,18,6,True,wifi,124.4,2,28.9,False,False,act,True,0.8145
sess_09635,usr_1161,push_notification,17,1,False,wifi,153.1,2,20.0,True,False,act,True,0.6715
sess_09636,usr_1537,organic,1,3,False,cellular,230.9,2,9.9,True,False,browse,False,0.4524
sess_09637,usr_2303,push_notification,19,1,False,cellular,213.3,1,65.7,False,False,browse,False,0.3592
sess_09638,usr_2483,widget,21,4,False,wifi,182.5,5,43.0,False,False,act,True,0.6939
sess_09639,usr_1970,push_notification,21,4,False,cellular,104.7,2,1.6,True,True,act,False,0.4831
sess_09640,usr_0295,push_notification,18,4,False,cellular,200.8,4,59.3,False,False,browse,False,0.5457
sess_09641,usr_1365,organic,20,3,False,wifi,291.1,1,6.7,False,False,browse,True,0.7602
sess_09642,usr_0560,organic,12,4,False,wifi,234.0,3,39.9,False,False,act,True,0.8401
sess_09643,usr_1923,widget,6,4,False,wifi,189.1,1,58.1,True,False,browse,False,0.5247
sess_09644,usr_0802,push_notification,17,5,True,wifi,179.6,2,4.1,True,False,act,True,0.7997
sess_09645,usr_0634,push_notification,20,5,True,wifi,326.1,3,3.4,True,True,browse,False,0.3256
sess_09646,usr_0777,organic,19,0,False,cellular,157.3,2,1.0,True,False,act,False,0.5322
sess_09647,usr_0018,push_notification,13,4,False,wifi,62.4,4,1.0,False,False,act,True,0.7319
sess_09648,usr_0053,widget,17,5,True,wifi,372.4,1,78.1,False,True,browse,False,0.4948
sess_09649,usr_2051,organic,4,6,True,cellular,310.7,1,37.8,False,False,browse,False,0.3321
sess_09650,usr_1533,push_notification,18,1,False,wifi,205.2,3,53.4,False,True,browse,False,0.3138
sess_09651,usr_2013,widget,15,4,False,cellular,109.2,2,3.0,False,False,act,True,0.7839
sess_09652,usr_1658,widget,4,0,False,wifi,329.9,1,5.3,False,False,browse,False,0.3299
sess_09653,usr_1704,organic,9,2,False,wifi,142.5,4,13.6,False,False,act,True,0.9041
sess_09654,usr_1617,push_notification,12,1,False,wifi,94.5,3,11.3,False,False,act,True,0.5707
sess_09655,usr_1529,widget,7,2,False,wifi,122.4,2,12.4,False,False,act,True,0.8449
sess_09656,usr_1574,widget,6,6,True,cellular,134.6,4,16.7,True,False,act,False,0.4715
sess_09657,usr_2006,push_notification,14,2,False,wifi,162.7,3,26.1,False,False,act,True,0.8501
sess_09658,usr_1261,organic,18,2,False,wifi,290.6,4,0.4,False,False,browse,False,0.3294
sess_09659,usr_2410,organic,3,4,False,wifi,425.2,1,6.1,False,False,browse,False,0.3849
sess_09660,usr_0292,push_notification,8,0,False,cellular,329.7,2,73.6,False,False,browse,False,0.5567
sess_09661,usr_1675,organic,18,3,False,cellular,315.3,1,19.3,True,False,browse,False,0.3701
sess_09662,usr_0160,organic,16,4,False,wifi,245.2,4,10.0,True,False,browse,False,0.311
sess_09663,usr_0510,organic,16,3,False,wifi,227.7,1,10.5,False,True,browse,True,0.7709
sess_09664,usr_1577,push_notification,16,6,True,cellular,74.0,2,7.1,False,False,act,True,0.7402
sess_09665,usr_2317,organic,7,0,False,wifi,226.5,1,1.8,False,True,browse,True,0.7303
sess_09666,usr_0666,widget,9,5,True,wifi,358.7,1,23.6,True,False,browse,False,0.5119
sess_09667,usr_0796,push_notification,15,4,False,cellular,328.5,3,141.4,True,False,browse,False,0.2819
sess_09668,usr_1788,push_notification,8,4,False,wifi,109.1,4,4.1,False,False,act,True,0.8819
sess_09669,usr_1046,push_notification,20,6,True,wifi,138.4,1,6.0,False,False,act,True,0.8099
sess_09670,usr_1428,organic,17,0,False,wifi,262.2,2,83.6,False,False,browse,True,0.6191
sess_09671,usr_2088,widget,15,3,False,cellular,250.0,2,25.9,True,False,browse,True,0.7878
sess_09672,usr_2002,organic,16,0,False,cellular,247.3,1,143.4,False,False,browse,False,0.5735
sess_09673,usr_1509,push_notification,11,4,False,cellular,99.0,4,3.5,False,False,act,True,0.6303
sess_09674,usr_0237,push_notification,11,6,True,cellular,169.0,2,4.5,True,False,act,False,0.5314
sess_09675,usr_1579,push_notification,7,1,False,cellular,141.2,2,54.6,False,True,act,True,0.8704
sess_09676,usr_1737,organic,11,3,False,wifi,263.4,5,12.0,False,False,browse,False,0.3371
sess_09677,usr_1011,organic,16,3,False,wifi,402.3,1,9.7,False,True,browse,False,0.2755
sess_09678,usr_0993,widget,11,5,True,cellular,185.6,3,16.7,False,False,act,True,0.8328
sess_09679,usr_1957,organic,20,6,True,wifi,214.1,1,13.8,True,False,browse,False,0.4661
sess_09680,usr_0142,organic,13,6,True,cellular,335.6,3,6.7,False,False,browse,False,0.3547
sess_09681,usr_1481,widget,2,1,False,wifi,153.0,1,7.3,True,False,browse,False,0.4357
sess_09682,usr_0116,widget,11,2,False,cellular,151.0,3,26.8,True,False,act,True,0.7503
sess_09683,usr_0606,organic,20,5,True,wifi,265.2,2,1.4,False,False,browse,False,0.5375
sess_09684,usr_1071,organic,4,6,True,wifi,109.5,3,6.4,True,True,act,True,0.6471
sess_09685,usr_2480,organic,17,6,True,wifi,256.4,1,27.2,True,True,browse,False,0.3299
sess_09686,usr_1866,push_notification,22,5,True,cellular,289.2,4,12.2,False,False,browse,False,0.3545
sess_09687,usr_0604,push_notification,22,2,False,cellular,113.3,3,8.4,True,False,act,False,0.5129
sess_09688,usr_1042,widget,9,1,False,cellular,102.8,3,2.7,False,False,act,True,0.5706
sess_09689,usr_1014,organic,19,4,False,wifi,332.3,2,9.6,False,False,browse,False,0.3653
sess_09690,usr_2467,organic,20,2,False,wifi,323.8,2,16.6,False,False,browse,False,0.3411
sess_09691,usr_2369,organic,21,5,True,wifi,320.2,1,21.8,False,False,browse,True,0.8174
sess_09692,usr_0662,widget,8,4,False,wifi,346.6,1,22.3,False,False,browse,False,0.5004
sess_09693,usr_0051,organic,3,5,True,cellular,295.9,1,7.7,False,False,browse,False,0.3133
sess_09694,usr_0479,organic,13,0,False,wifi,279.5,1,12.0,False,False,browse,True,0.675
sess_09695,usr_0379,organic,11,1,False,wifi,267.1,1,2.5,False,False,browse,False,0.4876
sess_09696,usr_1575,push_notification,19,1,False,wifi,195.3,2,13.9,False,False,act,True,0.5972
sess_09697,usr_1629,widget,11,6,True,wifi,151.0,2,9.7,False,False,act,True,0.8495
sess_09698,usr_2401,organic,4,3,False,wifi,278.0,3,18.6,False,False,browse,False,0.5766
sess_09699,usr_0330,organic,17,5,True,wifi,364.3,1,12.1,False,False,browse,True,0.6535
sess_09700,usr_2124,organic,22,3,False,wifi,312.4,5,36.9,False,False,browse,True,0.6171
sess_09701,usr_0774,organic,11,3,False,wifi,182.2,2,22.6,True,False,browse,True,0.7877
sess_09702,usr_1733,organic,17,3,False,wifi,372.0,3,37.4,True,True,browse,False,0.489
sess_09703,usr_0680,widget,6,5,True,cellular,248.3,2,12.2,True,False,browse,False,0.3737
sess_09704,usr_1749,organic,15,3,False,cellular,304.7,1,154.6,False,False,browse,False,0.2508
sess_09705,usr_1036,organic,12,2,False,cellular,268.1,1,12.0,True,False,browse,False,0.4628
sess_09706,usr_1238,push_notification,18,4,False,wifi,101.5,1,21.2,False,False,act,False,0.5379
sess_09707,usr_2051,widget,9,5,True,cellular,212.0,1,11.6,True,False,browse,False,0.2885
sess_09708,usr_2184,push_notification,22,2,False,wifi,140.1,5,3.9,True,True,act,True,0.8656
sess_09709,usr_1568,organic,23,1,False,wifi,193.3,4,8.7,False,False,browse,True,0.5732
sess_09710,usr_2401,push_notification,4,2,False,cellular,126.1,2,37.4,False,False,act,True,0.8081
sess_09711,usr_1262,widget,12,0,False,cellular,334.9,2,12.9,True,False,browse,False,0.4682
sess_09712,usr_1686,organic,3,6,True,cellular,343.9,1,14.0,True,False,browse,False,0.4983
sess_09713,usr_0365,organic,9,4,False,wifi,340.6,3,9.2,True,False,browse,False,0.4689
sess_09714,usr_0448,organic,19,0,False,cellular,299.8,2,11.3,True,False,browse,False,0.4516
sess_09715,usr_2346,push_notification,18,3,False,wifi,130.9,2,28.7,False,False,act,True,0.7976
sess_09716,usr_1411,organic,9,4,False,wifi,321.2,3,2.5,True,False,browse,False,0.4615
sess_09717,usr_0585,organic,19,6,True,wifi,209.8,1,3.8,False,True,browse,True,0.7566
sess_09718,usr_1102,push_notification,15,1,False,cellular,190.3,3,35.9,True,False,act,False,0.5732
sess_09719,usr_0859,organic,7,2,False,cellular,169.4,1,9.6,True,False,act,False,0.6175
sess_09720,usr_1631,organic,13,2,False,wifi,365.9,2,10.6,False,True,browse,False,0.5135
sess_09721,usr_1262,organic,22,3,False,wifi,350.7,1,45.5,False,False,browse,False,0.2322
sess_09722,usr_0027,organic,10,5,True,cellular,452.0,1,7.3,False,False,browse,False,0.285
sess_09723,usr_0690,organic,20,2,False,wifi,170.0,2,4.7,False,False,act,True,0.786
sess_09724,usr_2015,widget,13,3,False,wifi,118.0,4,12.9,True,True,act,True,0.9054
sess_09725,usr_0007,widget,17,4,False,wifi,158.7,1,20.2,False,True,act,True,0.6475
sess_09726,usr_0397,organic,15,4,False,wifi,481.1,2,16.7,True,False,browse,False,0.5232
sess_09727,usr_0287,push_notification,19,6,True,wifi,118.8,2,2.2,False,False,act,True,0.7338
sess_09728,usr_1712,push_notification,3,0,False,cellular,325.3,3,116.3,False,False,browse,True,0.7692
sess_09729,usr_2151,organic,20,5,True,wifi,317.7,4,22.6,False,False,browse,False,0.5538
sess_09730,usr_1708,organic,15,2,False,wifi,151.6,2,6.3,False,False,browse,False,0.5005
sess_09731,usr_1182,widget,13,1,False,wifi,210.8,1,5.9,False,False,browse,False,0.3138
sess_09732,usr_1766,push_notification,10,0,False,wifi,44.0,3,36.0,True,False,act,True,0.6074
sess_09733,usr_0699,organic,11,2,False,wifi,54.6,1,3.7,False,False,browse,False,0.2736
sess_09734,usr_0723,organic,18,1,False,cellular,220.9,1,24.2,False,False,browse,False,0.266
sess_09735,usr_1535,organic,21,0,False,cellular,187.7,3,2.8,False,False,browse,False,0.3278
sess_09736,usr_0764,organic,19,5,True,wifi,189.0,1,28.0,True,False,browse,True,0.6046
sess_09737,usr_0551,organic,7,5,True,cellular,272.2,2,37.2,False,False,browse,True,0.8657
sess_09738,usr_0812,widget,7,3,False,wifi,79.0,1,34.2,False,True,act,True,0.8278
sess_09739,usr_1993,organic,16,4,False,wifi,131.0,3,56.5,False,False,act,True,0.5809
sess_09740,usr_0746,organic,13,6,True,cellular,189.7,1,10.0,True,False,browse,False,0.2511
sess_09741,usr_2059,push_notification,5,3,False,wifi,183.0,2,8.9,True,False,act,True,0.8116
sess_09742,usr_0452,push_notification,12,2,False,wifi,252.2,2,21.2,False,False,browse,False,0.5502
sess_09743,usr_1846,widget,7,4,False,cellular,362.0,2,11.6,True,True,browse,False,0.2462
sess_09744,usr_2323,organic,17,2,False,wifi,281.8,1,168.0,False,False,browse,False,0.2376
sess_09745,usr_0871,organic,9,2,False,wifi,207.6,2,4.2,True,False,browse,False,0.572
sess_09746,usr_0761,widget,13,5,True,wifi,271.8,3,15.2,False,False,browse,True,0.7824
sess_09747,usr_0824,push_notification,19,4,False,cellular,137.4,4,8.7,True,False,act,True,0.811
sess_09748,usr_0242,organic,19,6,True,cellular,309.0,2,16.2,True,False,browse,True,0.7559
sess_09749,usr_0749,push_notification,14,6,True,cellular,336.8,3,12.0,True,False,browse,False,0.3453
sess_09750,usr_0786,organic,10,6,True,cellular,198.0,1,12.4,False,False,browse,False,0.4698
sess_09751,usr_1063,widget,16,3,False,wifi,81.7,3,2.0,True,True,act,True,0.7952
sess_09752,usr_1675,push_notification,16,2,False,wifi,175.3,1,24.7,False,False,act,False,0.3573
sess_09753,usr_1806,push_notification,5,3,False,cellular,165.7,5,5.6,True,False,act,True,0.8085
sess_09754,usr_0448,organic,13,4,False,cellular,149.6,3,7.0,True,False,browse,True,0.7599
sess_09755,usr_0681,push_notification,14,4,False,cellular,117.5,2,3.2,False,False,act,True,0.7977
sess_09756,usr_0327,push_notification,8,2,False,wifi,456.8,1,28.3,False,False,browse,False,0.5232
sess_09757,usr_1201,widget,10,6,True,cellular,134.9,3,10.3,True,False,act,True,0.8088
sess_09758,usr_0352,widget,12,2,False,wifi,208.5,1,13.9,True,False,browse,True,0.6182
sess_09759,usr_1548,push_notification,17,3,False,wifi,151.4,3,4.9,False,True,act,True,0.6059
sess_09760,usr_0511,push_notification,18,5,True,cellular,156.1,1,94.4,True,False,browse,True,0.8021
sess_09761,usr_1134,push_notification,17,3,False,cellular,88.9,3,33.7,True,False,act,False,0.4773
sess_09762,usr_0264,push_notification,13,5,True,cellular,121.0,1,105.3,False,False,act,True,0.8509
sess_09763,usr_1402,widget,20,3,False,wifi,113.3,2,17.4,True,False,act,True,0.8427
sess_09764,usr_0122,widget,18,1,False,wifi,104.1,3,9.5,False,False,act,True,0.8139
sess_09765,usr_2399,push_notification,18,4,False,wifi,113.9,2,28.6,False,False,act,False,0.524
sess_09766,usr_0962,organic,14,0,False,wifi,326.0,3,26.1,True,False,browse,False,0.5649
sess_09767,usr_1958,organic,6,5,True,cellular,291.8,1,5.4,True,True,browse,False,0.3363
sess_09768,usr_1988,widget,14,3,False,wifi,138.8,2,10.2,True,False,act,False,0.3769
sess_09769,usr_0413,push_notification,5,3,False,wifi,173.6,4,3.0,True,False,act,True,0.6484
sess_09770,usr_0039,organic,7,2,False,wifi,391.3,2,5.8,False,False,browse,True,0.5941
sess_09771,usr_0251,organic,10,3,False,wifi,210.0,1,90.6,False,False,browse,True,0.8827
sess_09772,usr_1090,organic,21,0,False,cellular,339.2,2,7.3,False,False,browse,False,0.3479
sess_09773,usr_0030,push_notification,18,5,True,cellular,121.7,2,16.7,True,False,act,True,0.8108
sess_09774,usr_2386,push_notification,16,5,True,cellular,346.8,5,7.6,False,False,browse,True,0.6873
sess_09775,usr_0172,widget,6,6,True,cellular,95.6,3,3.1,False,False,act,True,0.8513
sess_09776,usr_0397,push_notification,18,6,True,wifi,215.4,2,51.9,True,True,browse,False,0.3357
sess_09777,usr_0865,push_notification,18,6,True,wifi,68.2,1,29.4,True,False,act,False,0.3476
sess_09778,usr_2140,organic,19,5,True,wifi,255.2,1,22.7,True,False,browse,False,0.4991
sess_09779,usr_0030,push_notification,20,3,False,wifi,170.5,2,15.7,True,False,act,False,0.525
sess_09780,usr_1539,widget,20,5,True,cellular,100.3,2,2.8,True,False,act,True,0.8085
sess_09781,usr_2470,push_notification,19,5,True,wifi,142.5,2,11.3,False,False,act,True,0.7979
sess_09782,usr_2131,push_notification,14,1,False,wifi,130.8,2,4.2,False,False,act,True,0.8446
sess_09783,usr_1089,widget,15,3,False,cellular,154.2,3,16.9,False,True,act,True,0.5681
sess_09784,usr_1991,organic,20,5,True,cellular,128.1,3,22.0,False,True,act,True,0.7646
sess_09785,usr_1939,push_notification,19,0,False,wifi,430.6,1,12.7,False,False,browse,False,0.3565
sess_09786,usr_1381,organic,16,1,False,wifi,211.7,1,7.8,True,False,browse,False,0.556
sess_09787,usr_2476,push_notification,13,4,False,cellular,127.2,2,5.6,False,False,act,True,0.5998
sess_09788,usr_1760,widget,19,0,False,wifi,105.4,2,7.5,False,False,act,True,0.6328
sess_09789,usr_1379,organic,13,4,False,wifi,372.2,1,41.4,False,True,browse,False,0.5015
sess_09790,usr_1519,push_notification,7,4,False,wifi,100.9,3,30.3,True,True,act,True,0.6678
sess_09791,usr_1406,organic,12,2,False,cellular,309.7,1,7.3,True,False,browse,False,0.304
sess_09792,usr_1292,push_notification,9,0,False,wifi,132.6,2,14.9,False,False,browse,False,0.4816
sess_09793,usr_0982,push_notification,6,0,False,cellular,337.7,1,17.0,False,False,browse,False,0.5259
sess_09794,usr_1480,widget,16,3,False,wifi,157.6,2,8.6,False,False,browse,False,0.4892
sess_09795,usr_1633,push_notification,16,4,False,wifi,99.4,4,16.0,True,False,act,True,0.8203
sess_09796,usr_1551,push_notification,0,1,False,wifi,254.3,2,15.6,False,False,browse,False,0.3635
sess_09797,usr_0235,push_notification,17,1,False,cellular,109.0,1,11.8,True,False,browse,False,0.4572
sess_09798,usr_1459,organic,9,4,False,cellular,350.0,1,11.0,False,False,browse,False,0.5303
sess_09799,usr_1353,organic,19,2,False,wifi,226.7,2,9.6,False,False,browse,False,0.2846
sess_09800,usr_0411,widget,21,0,False,wifi,260.0,1,4.4,True,False,browse,True,0.6471
sess_09801,usr_0013,push_notification,6,4,False,cellular,165.5,2,8.0,False,False,act,True,0.8337
sess_09802,usr_1872,widget,17,5,True,wifi,305.9,2,22.0,True,False,browse,False,0.5144
sess_09803,usr_1646,push_notification,6,1,False,cellular,155.6,3,3.6,True,True,act,True,0.8119
sess_09804,usr_0569,push_notification,17,5,True,wifi,283.8,1,2.7,False,False,browse,False,0.2966
sess_09805,usr_0106,organic,18,3,False,wifi,135.2,3,6.2,True,False,act,False,0.3032
sess_09806,usr_2466,push_notification,18,4,False,cellular,152.6,2,31.4,False,False,act,True,0.7123
sess_09807,usr_0504,organic,10,6,True,wifi,42.4,1,11.2,True,False,browse,True,0.6238
sess_09808,usr_2174,push_notification,16,2,False,wifi,18.7,5,3.4,False,True,act,True,0.8474
sess_09809,usr_1145,widget,13,5,True,cellular,121.5,1,14.3,False,False,act,True,0.5416
sess_09810,usr_1019,widget,14,0,False,wifi,225.8,2,3.2,False,False,browse,False,0.528
sess_09811,usr_1510,widget,20,0,False,cellular,121.5,3,15.0,True,False,act,True,0.7151
sess_09812,usr_1852,push_notification,16,1,False,wifi,218.4,2,106.0,False,False,browse,True,0.6227
sess_09813,usr_1947,push_notification,13,6,True,wifi,278.1,3,8.9,False,False,browse,False,0.2422
sess_09814,usr_2110,push_notification,23,4,False,wifi,228.6,1,28.4,True,False,browse,False,0.471
sess_09815,usr_1693,push_notification,21,3,False,cellular,107.7,4,28.8,True,False,act,True,0.8935
sess_09816,usr_0770,widget,13,2,False,wifi,96.5,2,61.8,True,False,act,False,0.4983
sess_09817,usr_0013,organic,13,6,True,wifi,263.4,1,27.3,False,False,browse,False,0.2533
sess_09818,usr_1320,organic,18,1,False,cellular,137.9,5,11.8,False,False,act,False,0.5719
sess_09819,usr_0069,push_notification,21,2,False,wifi,109.7,1,38.8,True,False,act,False,0.5246
sess_09820,usr_1476,organic,14,2,False,wifi,257.8,4,6.4,False,False,browse,False,0.358
sess_09821,usr_0188,organic,20,6,True,cellular,113.1,3,6.7,False,False,act,True,0.6841
sess_09822,usr_1334,organic,11,3,False,wifi,280.2,1,4.4,False,False,browse,False,0.3217
sess_09823,usr_1820,organic,10,5,True,wifi,43.2,3,28.4,True,True,act,True,0.6298
sess_09824,usr_0957,organic,22,5,True,wifi,56.4,1,14.5,True,False,act,False,0.5366
sess_09825,usr_2486,push_notification,16,4,False,wifi,150.7,2,82.7,False,False,act,False,0.3878
sess_09826,usr_1985,organic,21,1,False,wifi,151.4,5,3.8,False,False,browse,False,0.5344
sess_09827,usr_1640,organic,18,1,False,wifi,260.7,1,43.0,False,False,browse,False,0.4548
sess_09828,usr_0334,push_notification,7,5,True,cellular,59.4,2,38.1,False,False,act,True,0.7413
sess_09829,usr_1427,organic,20,4,False,cellular,381.9,3,14.4,False,False,browse,False,0.237
sess_09830,usr_1753,organic,8,2,False,wifi,292.9,1,3.8,True,False,browse,False,0.357
sess_09831,usr_1951,push_notification,8,3,False,cellular,139.4,1,4.9,True,True,act,False,0.2902
sess_09832,usr_0412,widget,19,6,True,wifi,214.4,1,2.3,False,False,browse,False,0.3813
sess_09833,usr_1577,organic,14,1,False,cellular,199.9,1,16.1,False,False,browse,False,0.3599
sess_09834,usr_1204,widget,14,0,False,wifi,390.5,1,136.1,False,True,browse,False,0.2937
sess_09835,usr_2487,widget,19,1,False,wifi,263.8,1,48.0,False,False,browse,False,0.3502
sess_09836,usr_0800,organic,18,4,False,wifi,357.0,1,10.2,False,False,browse,False,0.5112
sess_09837,usr_0587,widget,3,5,True,wifi,252.0,3,6.1,True,False,browse,True,0.5551
sess_09838,usr_2131,push_notification,3,1,False,wifi,155.4,1,8.8,False,False,act,True,0.8992
sess_09839,usr_2343,push_notification,21,6,True,wifi,128.7,3,3.8,True,False,act,True,0.6801
sess_09840,usr_2067,widget,7,3,False,cellular,173.3,1,2.2,True,False,act,False,0.2624
sess_09841,usr_0131,organic,16,3,False,cellular,348.1,5,2.7,False,False,browse,False,0.5718
sess_09842,usr_0524,organic,19,1,False,cellular,301.3,1,73.6,False,False,browse,False,0.3053
sess_09843,usr_2040,push_notification,4,4,False,wifi,126.3,2,10.8,False,False,act,True,0.8098
sess_09844,usr_0357,push_notification,13,5,True,cellular,157.1,4,7.2,False,False,act,True,0.8463
sess_09845,usr_1235,push_notification,6,0,False,wifi,374.4,1,4.7,False,False,browse,False,0.3221
sess_09846,usr_2248,organic,17,4,False,wifi,85.4,1,29.2,False,False,act,False,0.485
sess_09847,usr_1913,push_notification,20,6,True,wifi,173.0,1,43.2,True,False,act,True,0.8692
sess_09848,usr_0689,push_notification,21,1,False,wifi,141.8,2,28.9,True,False,act,True,0.7949
sess_09849,usr_1828,organic,20,3,False,wifi,356.4,3,8.3,False,False,browse,False,0.4614
sess_09850,usr_0474,organic,17,1,False,wifi,271.3,4,6.9,False,False,browse,False,0.5085
sess_09851,usr_1975,widget,20,2,False,cellular,98.1,4,9.0,True,False,act,True,0.9157
sess_09852,usr_2215,organic,11,1,False,cellular,194.7,1,30.3,False,False,browse,False,0.5457
sess_09853,usr_0987,push_notification,12,1,False,cellular,112.8,2,34.5,False,False,act,True,0.6775
sess_09854,usr_0997,widget,20,1,False,wifi,139.7,4,16.3,True,False,act,True,0.6586
sess_09855,usr_0867,organic,16,3,False,wifi,265.2,1,4.0,True,False,browse,False,0.4781
sess_09856,usr_0699,widget,20,0,False,wifi,217.0,1,36.6,True,False,browse,False,0.2386
sess_09857,usr_0367,push_notification,1,1,False,wifi,143.5,3,10.8,False,False,browse,False,0.3393
sess_09858,usr_0433,widget,6,0,False,wifi,256.5,1,11.1,False,False,browse,False,0.3304
sess_09859,usr_1782,push_notification,18,0,False,wifi,167.9,4,4.8,False,False,act,True,0.8433
sess_09860,usr_0120,push_notification,7,3,False,cellular,71.6,1,8.4,False,False,act,False,0.3349
sess_09861,usr_0657,organic,18,4,False,wifi,284.8,2,117.2,False,False,browse,False,0.5088
sess_09862,usr_1338,organic,17,2,False,wifi,301.1,1,55.9,False,False,browse,True,0.7901
sess_09863,usr_1571,organic,9,2,False,wifi,88.5,2,4.7,False,False,act,True,0.8812
sess_09864,usr_1149,widget,14,4,False,cellular,72.3,2,5.3,False,False,act,True,0.8221
sess_09865,usr_0903,organic,10,2,False,wifi,253.6,3,49.3,False,False,browse,False,0.382
sess_09866,usr_1056,widget,6,0,False,cellular,87.2,2,11.7,False,False,act,True,0.7826
sess_09867,usr_1951,organic,11,6,True,cellular,277.3,3,8.4,False,False,browse,False,0.2792
sess_09868,usr_0505,organic,19,3,False,wifi,259.9,2,3.3,True,False,browse,False,0.504
sess_09869,usr_0557,push_notification,13,2,False,cellular,46.1,2,27.2,True,False,act,True,0.6093
sess_09870,usr_2190,widget,9,4,False,cellular,304.1,2,30.0,True,False,browse,False,0.5467
sess_09871,usr_2016,widget,20,5,True,wifi,54.5,2,23.7,False,False,act,True,0.8673
sess_09872,usr_0371,widget,13,1,False,wifi,225.4,1,7.5,False,False,browse,True,0.7697
sess_09873,usr_1364,organic,20,0,False,cellular,206.4,4,7.7,False,False,browse,False,0.5175
sess_09874,usr_0917,push_notification,12,5,True,cellular,138.3,2,17.8,False,False,act,True,0.8705
sess_09875,usr_2360,push_notification,20,3,False,cellular,441.4,2,33.8,False,False,browse,False,0.4917
sess_09876,usr_2461,widget,8,5,True,wifi,140.9,3,6.3,False,False,act,True,0.7803
sess_09877,usr_0265,organic,20,5,True,wifi,373.6,1,32.1,False,False,browse,False,0.4406
sess_09878,usr_1406,widget,16,6,True,cellular,316.5,1,13.7,True,False,browse,True,0.6122
sess_09879,usr_1545,push_notification,20,1,False,wifi,61.9,3,33.2,False,False,act,True,0.6477
sess_09880,usr_1564,push_notification,15,2,False,wifi,350.8,5,1.7,False,False,browse,False,0.3161
sess_09881,usr_2302,organic,14,0,False,wifi,99.3,5,22.9,True,False,act,True,0.6033
sess_09882,usr_1790,organic,8,4,False,cellular,377.0,1,28.8,False,False,browse,False,0.3022
sess_09883,usr_0956,organic,20,1,False,cellular,234.0,1,4.9,False,False,browse,False,0.4558
sess_09884,usr_0916,push_notification,17,4,False,wifi,144.3,3,4.7,False,True,act,False,0.5094
sess_09885,usr_1062,push_notification,8,0,False,wifi,155.9,4,14.9,True,False,act,True,0.6157
sess_09886,usr_0474,push_notification,17,2,False,cellular,121.3,4,8.9,True,False,act,True,0.7911
sess_09887,usr_1192,organic,21,1,False,wifi,262.0,4,9.4,False,False,browse,False,0.4831
sess_09888,usr_0360,organic,21,6,True,wifi,328.6,1,43.6,True,True,browse,False,0.5579
sess_09889,usr_0457,push_notification,20,0,False,wifi,57.1,3,10.1,True,False,act,True,0.8051
sess_09890,usr_0366,push_notification,2,1,False,wifi,93.4,5,6.1,False,False,act,True,0.8216
sess_09891,usr_1394,widget,19,6,True,wifi,310.9,1,6.9,False,False,browse,False,0.5238
sess_09892,usr_2426,push_notification,12,3,False,cellular,116.4,3,11.4,False,True,act,True,0.648
sess_09893,usr_0771,push_notification,19,3,False,wifi,126.1,4,2.5,False,False,act,True,0.8366
sess_09894,usr_0476,widget,16,4,False,wifi,295.6,3,19.2,False,False,browse,False,0.2939
sess_09895,usr_2347,organic,15,4,False,wifi,215.3,2,5.3,True,False,browse,False,0.2968
sess_09896,usr_1507,organic,12,2,False,wifi,321.6,2,16.7,False,False,browse,False,0.4962
sess_09897,usr_0522,widget,7,5,True,cellular,236.9,2,4.9,False,False,browse,False,0.2658
sess_09898,usr_1284,organic,20,6,True,wifi,331.6,2,5.3,False,False,browse,False,0.476
sess_09899,usr_1558,widget,23,3,False,wifi,337.6,1,4.5,False,False,browse,False,0.2686
sess_09900,usr_2364,push_notification,16,1,False,cellular,218.5,4,1.4,False,True,browse,True,0.7403
sess_09901,usr_0007,organic,19,3,False,wifi,292.7,1,19.3,True,False,browse,True,0.5322
sess_09902,usr_1274,organic,11,6,True,cellular,364.2,1,168.0,False,False,browse,False,0.4714
sess_09903,usr_0254,organic,19,1,False,wifi,420.6,2,6.1,True,False,browse,False,0.2706
sess_09904,usr_2417,push_notification,20,2,False,wifi,150.9,2,11.6,False,True,act,True,0.7767
sess_09905,usr_2194,widget,19,4,False,wifi,267.2,3,34.5,False,False,browse,False,0.3508
sess_09906,usr_0778,organic,19,1,False,wifi,205.0,2,7.3,False,False,browse,False,0.5649
sess_09907,usr_1590,organic,10,6,True,cellular,449.0,3,42.9,False,False,browse,False,0.447
sess_09908,usr_1736,organic,22,4,False,wifi,294.2,1,19.3,False,False,browse,False,0.4998
sess_09909,usr_1310,widget,14,3,False,wifi,175.1,2,3.0,False,False,browse,False,0.3356
sess_09910,usr_1496,widget,18,4,False,wifi,307.2,1,1.0,False,False,browse,True,0.6412
sess_09911,usr_0518,organic,4,3,False,wifi,405.7,1,38.8,False,False,browse,False,0.5111
sess_09912,usr_2129,push_notification,20,5,True,wifi,177.0,2,1.8,False,False,act,False,0.3892
sess_09913,usr_2465,push_notification,12,6,True,cellular,289.2,1,27.4,True,False,browse,False,0.2867
sess_09914,usr_2420,organic,8,5,True,cellular,108.2,1,19.0,True,False,browse,False,0.4767
sess_09915,usr_0910,organic,13,2,False,wifi,167.8,3,17.1,False,False,browse,False,0.2869
sess_09916,usr_0437,widget,9,5,True,wifi,235.6,1,5.6,False,False,browse,False,0.3812
sess_09917,usr_1620,organic,18,3,False,wifi,455.3,2,6.3,True,False,browse,False,0.2945
sess_09918,usr_0038,push_notification,5,4,False,wifi,177.8,3,11.3,False,False,act,False,0.5399
sess_09919,usr_2205,organic,8,5,True,cellular,268.9,2,11.9,False,True,browse,False,0.5472
sess_09920,usr_1887,push_notification,11,0,False,wifi,64.2,3,6.7,True,True,act,True,0.6576
sess_09921,usr_1295,organic,20,3,False,cellular,157.2,3,7.6,False,False,act,True,0.8676
sess_09922,usr_0593,organic,20,0,False,cellular,124.0,4,8.5,False,False,act,True,0.8872
sess_09923,usr_1216,organic,14,4,False,wifi,195.4,1,26.4,True,True,browse,True,0.6442
sess_09924,usr_0897,widget,23,3,False,cellular,99.1,2,139.1,True,True,act,True,0.6027
sess_09925,usr_2048,push_notification,23,5,True,wifi,123.9,5,1.2,False,False,act,False,0.5854
sess_09926,usr_1867,push_notification,14,0,False,wifi,207.4,1,3.5,True,False,browse,False,0.4323
sess_09927,usr_0604,push_notification,12,3,False,cellular,176.6,1,1.2,False,True,act,False,0.5085
sess_09928,usr_2464,push_notification,8,1,False,wifi,134.7,1,1.3,True,False,act,True,0.8196
sess_09929,usr_1161,push_notification,16,1,False,cellular,396.1,1,19.5,True,False,browse,False,0.5622
sess_09930,usr_0598,organic,15,0,False,cellular,229.1,4,5.9,True,False,browse,False,0.318
sess_09931,usr_0141,organic,19,1,False,wifi,121.3,2,10.9,False,False,act,True,0.6471
sess_09932,usr_2454,push_notification,12,5,True,wifi,102.7,2,156.1,True,False,act,False,0.467
sess_09933,usr_1312,organic,10,6,True,wifi,383.1,1,35.9,False,True,browse,False,0.3567
sess_09934,usr_1266,widget,16,3,False,wifi,144.7,5,10.0,False,False,act,True,0.6381
sess_09935,usr_2058,organic,7,6,True,cellular,364.7,1,9.0,False,False,browse,False,0.493
sess_09936,usr_0506,organic,12,0,False,cellular,70.1,4,6.3,False,False,act,True,0.8182
sess_09937,usr_1121,widget,9,1,False,wifi,118.6,2,35.4,True,False,act,False,0.4669
sess_09938,usr_2351,push_notification,12,3,False,cellular,140.8,3,13.6,False,True,act,True,0.8076
sess_09939,usr_1960,push_notification,18,1,False,wifi,193.2,2,14.1,True,False,act,False,0.4887
sess_09940,usr_0884,organic,19,0,False,cellular,195.9,1,1.4,False,False,browse,False,0.4832
sess_09941,usr_2028,organic,21,5,True,wifi,137.3,1,15.4,True,False,browse,False,0.46
sess_09942,usr_1194,push_notification,8,0,False,wifi,271.7,2,10.2,True,False,browse,True,0.5861
sess_09943,usr_1543,organic,8,5,True,wifi,219.2,4,3.0,True,False,browse,False,0.4772
sess_09944,usr_0241,organic,20,2,False,cellular,238.8,1,24.3,False,False,browse,False,0.5348
sess_09945,usr_1365,organic,9,6,True,cellular,396.2,1,6.2,True,False,browse,False,0.2455
sess_09946,usr_0626,push_notification,10,4,False,wifi,205.3,2,16.2,False,False,browse,False,0.5345
sess_09947,usr_0863,organic,21,6,True,cellular,225.6,1,6.6,False,False,browse,False,0.4863
sess_09948,usr_0922,push_notification,18,3,False,wifi,144.4,3,21.3,False,False,act,True,0.8168
sess_09949,usr_0216,organic,19,3,False,wifi,153.0,3,12.1,False,False,act,False,0.4709
sess_09950,usr_0734,organic,5,3,False,cellular,327.8,1,7.1,True,False,browse,False,0.4641
sess_09951,usr_1997,push_notification,11,2,False,wifi,210.6,2,32.4,True,False,browse,False,0.3021
sess_09952,usr_1605,push_notification,19,2,False,wifi,128.9,4,22.7,False,False,act,False,0.2643
sess_09953,usr_1226,organic,6,1,False,wifi,157.3,1,6.1,False,True,browse,False,0.5076
sess_09954,usr_0653,push_notification,19,2,False,cellular,154.4,3,24.8,False,False,act,True,0.8179
sess_09955,usr_0089,push_notification,18,3,False,wifi,110.4,3,32.7,True,False,act,False,0.2936
sess_09956,usr_2245,push_notification,19,1,False,wifi,128.9,4,18.6,False,False,act,False,0.5119
sess_09957,usr_1607,organic,14,3,False,cellular,142.7,1,7.3,True,False,act,False,0.2853
sess_09958,usr_1383,widget,9,5,True,wifi,29.6,3,119.5,False,False,act,False,0.5828
sess_09959,usr_1731,push_notification,15,0,False,cellular,337.0,1,9.9,False,False,browse,False,0.3361
sess_09960,usr_1940,widget,13,2,False,cellular,255.4,3,25.8,False,False,browse,False,0.2846
sess_09961,usr_1427,push_notification,15,2,False,wifi,235.1,1,7.1,False,False,browse,False,0.2862
sess_09962,usr_1604,widget,23,4,False,wifi,331.8,3,18.5,True,False,browse,False,0.5343
sess_09963,usr_1602,widget,8,1,False,wifi,184.6,4,16.0,False,False,browse,False,0.5262
sess_09964,usr_0295,organic,22,5,True,wifi,354.5,2,5.6,False,False,browse,False,0.2932
sess_09965,usr_2163,organic,8,2,False,cellular,490.3,2,25.2,False,False,browse,False,0.257
sess_09966,usr_1160,widget,17,4,False,cellular,128.4,1,117.3,False,False,act,True,0.7639
sess_09967,usr_1157,organic,14,3,False,cellular,313.9,1,4.7,False,False,browse,False,0.4552
sess_09968,usr_0800,organic,9,0,False,cellular,215.7,1,1.3,False,False,browse,False,0.501
sess_09969,usr_2245,widget,19,5,True,wifi,89.7,2,18.7,True,False,act,True,0.6415
sess_09970,usr_1613,organic,16,3,False,wifi,141.6,4,92.5,False,False,act,True,0.7369
sess_09971,usr_0399,organic,19,5,True,wifi,310.2,2,14.2,True,False,browse,False,0.4979
sess_09972,usr_0537,widget,9,6,True,wifi,322.7,4,0.9,True,False,browse,False,0.2641
sess_09973,usr_1325,push_notification,22,6,True,wifi,80.0,4,8.0,False,True,act,True,0.7722
sess_09974,usr_2378,push_notification,14,6,True,wifi,118.9,2,1.6,False,False,act,True,0.8743
sess_09975,usr_0222,push_notification,21,3,False,wifi,196.3,5,15.9,False,False,act,True,0.8248
sess_09976,usr_1246,widget,23,5,True,cellular,76.4,1,19.5,False,False,act,False,0.5878
sess_09977,usr_1875,organic,17,3,False,wifi,263.4,1,0.9,False,True,browse,False,0.3195
sess_09978,usr_0671,push_notification,7,2,False,wifi,57.5,3,3.3,False,False,act,True,0.796
sess_09979,usr_2365,widget,9,0,False,wifi,266.7,5,14.0,False,False,browse,True,0.6077
sess_09980,usr_0564,organic,19,1,False,wifi,198.1,2,33.2,True,False,browse,True,0.8062
sess_09981,usr_1810,organic,10,5,True,cellular,399.3,1,15.6,False,False,browse,False,0.5448
sess_09982,usr_1977,organic,6,1,False,wifi,53.8,2,8.7,False,True,act,True,0.6766
sess_09983,usr_1193,widget,17,5,True,cellular,346.6,1,2.6,False,False,browse,False,0.3015
sess_09984,usr_0594,widget,14,4,False,wifi,90.0,3,7.9,False,False,act,False,0.531
sess_09985,usr_0860,push_notification,12,6,True,wifi,66.3,2,20.3,True,False,act,True,0.812
sess_09986,usr_0894,widget,15,3,False,cellular,401.5,2,4.2,False,False,browse,False,0.4868
sess_09987,usr_0802,organic,9,0,False,cellular,360.7,2,23.8,False,False,browse,False,0.4477
sess_09988,usr_0038,push_notification,11,3,False,wifi,183.7,4,14.2,False,True,act,True,0.853
sess_09989,usr_1484,push_notification,11,6,True,cellular,327.0,1,6.0,False,False,browse,False,0.2909
sess_09990,usr_2358,organic,12,2,False,wifi,287.6,3,1.0,True,False,browse,False,0.2819
sess_09991,usr_0418,push_notification,23,3,False,wifi,89.3,1,63.3,True,True,act,True,0.8299
sess_09992,usr_0605,organic,16,0,False,wifi,200.0,1,0.4,True,True,browse,False,0.3053
sess_09993,usr_1543,widget,0,1,False,wifi,85.0,1,2.5,True,False,act,True,0.8311
sess_09994,usr_1750,organic,13,3,False,cellular,83.2,3,4.8,True,False,act,True,0.8074
sess_09995,usr_0690,widget,1,6,True,cellular,259.6,2,4.7,False,True,browse,False,0.4576
sess_09996,usr_0231,widget,21,6,True,wifi,185.3,1,9.5,False,True,act,False,0.5746
sess_09997,usr_0394,organic,15,6,True,wifi,461.0,1,40.1,False,False,browse,False,0.5334
sess_09998,usr_1457,organic,12,0,False,cellular,279.8,2,14.4,False,False,browse,False,0.32
sess_09999,usr_1941,organic,8,5,True,cellular,267.0,1,8.7,False,False,browse,False,0.3647
sess_10000,usr_0736,organic,9,5,True,cellular,238.4,2,67.8,False,False,browse,False,0.2554
